overall_rank,pos_rank,slot,tier,player_id,name,position,team,age,height,weight,college,jersey,birth_date,years_exp,is_rookie,status,injury_status,injury_notes,depth_chart_order,team_role,sleeper_rank,gp_2025,ppr_2025,ppg_2025,pass_yd_2025,pass_td_2025,pass_int_2025,rush_att_2025,rush_yd_2025,rush_td_2025,rec_2025,rec_tgt_2025,rec_yd_2025,rec_td_2025,gp_2024,ppr_2024,ppg_2024,pass_yd_2024,pass_td_2024,pass_int_2024,rush_att_2024,rush_yd_2024,rush_td_2024,rec_2024,rec_tgt_2024,rec_yd_2024,rec_td_2024,prod_rank,adp_composite,adp_sources_n,adp_spread,consensus_pick,trade_value,adp_ffc,adp_espn,adp_fantasycalc,adp_fantasypros,value_gap
5,3,RB1,1,4034,Christian McCaffrey,RB,SF,30,71,210,Stanford,23,1996-06-07,9,False,Active,,,1,RB1,5,17.0,416.6,24.51,0.0,0.0,0.0,311.0,1202.0,10.0,102.0,129.0,924.0,7.0,4.0,47.8,11.95,0.0,0.0,0.0,50.0,202.0,0.0,15.0,19.0,146.0,0.0,1,5.8,2,1,5,,5.2,6.5,,,4
3,1,WR1,1,9493,Puka Nacua,WR,LAR,25,74,216,BYU,12,2001-05-29,3,False,Active,,,1,WR1,5,16.0,375.0,23.44,0.0,0.0,0.0,10.0,105.0,1.0,129.0,166.0,1715.0,10.0,11.0,206.6,18.78,0.0,0.0,0.0,11.0,46.0,1.0,79.0,106.0,990.0,3.0,1,3.2,2,0,3,,2.8,3.7,,,1
22,1,QB,1,4984,Josh Allen,QB,BUF,30,77,237,Wyoming,17,1996-05-21,8,False,Active,,,1,QB1,1,17.0,374.62,22.04,3668.0,25.0,10.0,112.0,579.0,14.0,0.0,0.0,0.0,0.0,17.0,385.04,22.65,3731.0,28.0,6.0,102.0,531.0,12.0,0.0,0.0,7.0,1.0,1,24.6,2,6,22,,26.6,22.6,,,19
2,2,RB1,2,9509,Bijan Robinson,RB,ATL,24,71,215,Texas,7,2002-01-30,3,False,Active,,,1,RB1,1,17.0,370.8,21.81,0.0,0.0,0.0,287.0,1478.0,7.0,79.0,103.0,820.0,4.0,17.0,341.7,20.1,0.0,0.0,0.0,304.0,1456.0,14.0,61.0,72.0,431.0,1.0,2,2.3,2,0,2,,2.0,2.6,,,-2
1,1,RB1,2,9221,Jahmyr Gibbs,RB,DET,24,69,202,Alabama,0,2002-03-20,3,False,Active,Questionable,,1,RB1,2,17.0,366.9,21.58,0.0,0.0,0.0,243.0,1223.0,13.0,77.0,94.0,616.0,5.0,17.0,362.9,21.35,0.0,0.0,0.0,250.0,1412.0,16.0,52.0,63.0,517.0,4.0,3,1.8,2,0,1,,1.6,1.9,,,-4
8,4,RB1,2,6813,Jonathan Taylor,RB,IND,27,70,226,Wisconsin,28,1999-01-19,6,False,Active,,,1,RB1,4,17.0,362.3,21.31,0.0,0.0,0.0,323.0,1585.0,18.0,46.0,55.0,378.0,2.0,14.0,244.7,17.48,0.0,0.0,0.0,303.0,1431.0,11.0,18.0,31.0,136.0,1.0,4,7.9,2,1,8,,7.6,8.2,,,2
46,3,QB,2,11564,Drake Maye,QB,NE,23,76,225,North Carolina,10,2002-08-30,2,False,Active,,,1,QB1,3,17.0,359.96,21.17,4394.0,31.0,8.0,103.0,450.0,4.0,1.0,1.0,2.0,0.0,13.0,187.14,14.4,2276.0,15.0,10.0,54.0,421.0,2.0,0.0,0.0,0.0,0.0,2,49.0,2,7,46,,50.0,48.0,,,39
6,3,WR1,2,9488,Jaxon Smith-Njigba,WR,SEA,24,72,197,Ohio State,11,2002-02-14,3,False,Active,,,1,WR1,5,17.0,359.9,21.17,0.0,0.0,0.0,7.0,36.0,0.0,119.0,163.0,1793.0,10.0,17.0,253.0,14.88,35.0,0.0,0.0,5.0,26.0,0.0,100.0,137.0,1130.0,6.0,2,5.8,2,1,6,,6.0,5.7,,,-2
75,8,QB,2,421,Matthew Stafford,QB,LAR,38,75,214,Georgia,9,1988-02-07,17,False,Active,,,1,QB1,103,17.0,358.38,21.08,4707.0,46.0,8.0,29.0,1.0,0.0,0.0,0.0,0.0,0.0,16.0,222.58,13.91,3762.0,20.0,8.0,30.0,41.0,0.0,0.0,0.0,0.0,0.0,3,81.3,2,18,76,,83.8,78.8,,,67
86,11,QB,2,7523,Trevor Lawrence,QB,JAX,26,78,220,Clemson,16,1999-10-06,5,False,Active,,,1,QB1,31,17.0,350.18,20.6,4007.0,29.0,12.0,82.0,359.0,9.0,0.0,0.0,0.0,0.0,10.0,152.2,15.22,2045.0,11.0,7.0,26.0,119.0,3.0,0.0,0.0,-5.0,0.0,4,92.8,2,10,83,,90.1,95.5,,,73
93,12,QB,3,11560,Caleb Williams,QB,CHI,24,73,226,USC,18,2001-11-18,2,False,Active,,,1,QB1,15,17.0,325.18,19.13,3942.0,27.0,7.0,77.0,383.0,3.0,2.0,2.0,22.0,1.0,17.0,260.54,15.33,3541.0,20.0,6.0,81.0,489.0,0.0,0.0,0.0,0.0,0.0,5,99.3,2,32,93,,106.6,92.0,,,82
7,4,WR1,3,7547,Amon-Ra St. Brown,WR,DET,26,72,202,USC,14,1999-10-24,5,False,Active,,,1,WR1,8,17.0,324.0,19.06,0.0,0.0,0.0,3.0,9.0,0.0,117.0,172.0,1401.0,11.0,17.0,316.18,18.6,7.0,1.0,0.0,2.0,6.0,0.0,115.0,141.0,1263.0,12.0,3,7.6,2,1,7,,7.1,8.2,,,-5
72,7,QB,3,3294,Dak Prescott,QB,DAL,33,74,230,Mississippi State,4,1993-07-29,10,False,Active,,,1,QB1,45,17.0,323.78,19.05,4552.0,30.0,10.0,53.0,177.0,2.0,0.0,0.0,0.0,0.0,8.0,124.52,15.56,1978.0,11.0,8.0,13.0,54.0,1.0,0.0,0.0,0.0,0.0,6,77.5,2,4,72,,67.1,88.0,,,59
9,5,RB1,3,9226,De'Von Achane,RB,MIA,24,69,191,Texas A&M,28,2001-10-13,3,False,Active,,,1,RB1,8,16.0,322.8,20.18,0.0,0.0,0.0,238.0,1350.0,8.0,67.0,85.0,488.0,4.0,17.0,299.9,17.64,0.0,0.0,0.0,203.0,907.0,6.0,78.0,87.0,592.0,6.0,5,10.8,2,2,9,,9.3,12.3,,,-5
27,1,TE,1,8130,Trey McBride,TE,ARI,26,76,246,Colorado State,85,1999-11-22,4,False,Active,,,1,TE1,17,17.0,315.9,18.58,0.0,0.0,0.0,0.0,0.0,0.0,126.0,169.0,1239.0,11.0,16.0,249.8,15.61,0.0,0.0,0.0,1.0,2.0,1.0,111.0,147.0,1146.0,2.0,1,27.2,2,21,28,,35.3,19.2,,,13
101,14,QB depth,3,11563,Bo Nix,QB,DEN,26,74,217,Oregon,10,2000-02-25,2,False,Active,,,1,QB1,34,17.0,315.84,18.58,3931.0,25.0,11.0,83.0,356.0,5.0,0.0,1.0,0.0,0.0,17.0,329.2,19.36,3775.0,29.0,12.0,92.0,430.0,4.0,1.0,1.0,2.0,1.0,7,106.0,2,46,102,,120.2,91.8,,,86
4,2,WR1,3,7564,Ja'Marr Chase,WR,CIN,26,72,205,LSU,1,2000-03-01,5,False,Active,,,1,WR1,3,16.0,313.6,19.6,0.0,0.0,0.0,3.0,14.0,0.0,125.0,185.0,1412.0,8.0,17.0,403.0,23.71,0.0,0.0,0.0,3.0,32.0,0.0,127.0,175.0,1708.0,17.0,4,4.2,2,0,4,,3.9,4.6,,,-13
59,6,QB,3,6904,Jalen Hurts,QB,PHI,27,73,223,Oklahoma,1,1998-08-07,6,False,Active,,,1,QB1,26,16.0,305.06,19.07,3224.0,25.0,6.0,105.0,421.0,8.0,0.0,0.0,0.0,0.0,15.0,320.12,21.34,2903.0,18.0,5.0,150.0,630.0,14.0,0.0,0.0,0.0,0.0,8,64.6,2,27,61,,74.5,54.7,,,43
121,16,QB depth,4,3163,Jared Goff,QB,DET,31,76,217,California,16,1994-10-14,10,False,Active,,,1,QB1,66,17.0,305.06,17.94,4564.0,34.0,8.0,19.0,45.0,0.0,0.0,0.0,0.0,0.0,17.0,336.46,19.79,4629.0,37.0,12.0,35.0,56.0,0.0,1.0,1.0,7.0,1.0,9,123.1,2,24,121,,105.9,140.3,,,102
12,6,RB1,4,8138,James Cook,RB,BUF,26,71,190,Georgia,4,1999-09-25,4,False,Active,,,1,RB1,5,17.0,302.2,17.78,0.0,0.0,0.0,309.0,1621.0,12.0,33.0,40.0,291.0,2.0,16.0,266.7,16.67,0.0,0.0,0.0,207.0,1009.0,16.0,32.0,38.0,258.0,2.0,6,14.2,2,4,13,,15.3,13.0,,,-7
107,15,QB depth,4,6797,Justin Herbert,QB,LAC,28,78,236,Oregon,10,1998-03-10,6,False,Active,,,1,QB1,25,16.0,299.88,18.74,3727.0,26.0,13.0,83.0,498.0,2.0,0.0,0.0,0.0,0.0,17.0,288.4,16.96,3870.0,23.0,3.0,69.0,306.0,2.0,0.0,0.0,0.0,0.0,10,108.9,2,14,108,,109.1,108.8,,,87
95,13,QB depth,4,4046,Patrick Mahomes,QB,KC,30,74,225,Texas Tech,15,1995-09-17,9,False,Active,Questionable,Surgery,1,QB1,26,14.0,296.68,21.19,3587.0,22.0,11.0,64.0,422.0,5.0,1.0,1.0,-10.0,0.0,16.0,294.02,18.38,3928.0,26.0,11.0,58.0,307.0,2.0,1.0,1.0,2.0,0.0,11,101.1,2,4,95,,96.2,105.9,,,73
23,10,WR1,4,8137,George Pickens,WR,DAL,25,75,200,Georgia,3,2001-03-04,4,False,Active,,,2,WR2,23,17.0,291.9,17.17,0.0,0.0,0.0,0.0,0.0,0.0,93.0,137.0,1429.0,9.0,14.0,164.4,11.74,0.0,0.0,0.0,2.0,-6.0,0.0,59.0,103.0,900.0,3.0,5,24.8,2,5,23,,21.4,28.1,,,0
135,17,QB depth,5,4892,Baker Mayfield,QB,TB,31,73,215,Oklahoma,6,1995-04-14,8,False,Active,,,1,QB1,64,17.0,282.92,16.64,3693.0,26.0,11.0,55.0,382.0,1.0,0.0,0.0,0.0,0.0,17.0,381.8,22.46,4500.0,41.0,16.0,60.0,378.0,3.0,0.0,0.0,0.0,0.0,12,139.0,2,10,132,,129.2,148.8,,,108
18,10,RB1,5,9224,Chase Brown,RB,CIN,26,70,210,Illinois,30,2000-03-21,3,False,Active,,,1,RB1,16,17.0,282.6,16.62,0.0,0.0,0.0,232.0,1019.0,6.0,69.0,88.0,437.0,5.0,16.0,255.0,15.94,0.0,0.0,0.0,229.0,990.0,7.0,54.0,65.0,360.0,4.0,7,19.2,2,11,18,,12.3,26.1,,,-7
17,9,RB1,5,3198,Derrick Henry,RB,BAL,32,75,252,Alabama,22,1994-01-04,10,False,Active,,,1,RB1,7,17.0,279.5,16.44,0.0,0.0,0.0,307.0,1595.0,16.0,15.0,21.0,150.0,0.0,17.0,336.4,19.79,0.0,0.0,0.0,325.0,1921.0,16.0,19.0,22.0,193.0,2.0,8,18.5,2,1,17,,16.2,20.9,,,-9
28,12,WR1,5,8144,Chris Olave,WR,NO,26,72,187,Ohio State,12,2000-06-27,4,False,Active,,,1,WR1,26,16.0,269.0,16.81,0.0,0.0,1.0,1.0,-3.0,0.0,100.0,156.0,1163.0,9.0,8.0,76.7,9.59,0.0,0.0,0.0,1.0,7.0,0.0,32.0,44.0,400.0,1.0,6,27.6,2,8,25,,20.1,35.1,,,-2
36,17,RB2,6,8150,Kyren Williams,RB,LAR,25,69,207,Notre Dame,23,2000-08-26,4,False,Active,,,1,RB1,13,17.0,263.3,15.49,0.0,0.0,0.0,259.0,1252.0,10.0,36.0,50.0,281.0,3.0,16.0,272.1,17.01,0.0,0.0,0.0,316.0,1299.0,14.0,34.0,40.0,182.0,2.0,9,37.0,2,4,36,,32.2,41.9,,,8
40,19,RB2,7,7543,Travis Etienne,RB,NO,27,70,215,Clemson,3,1999-01-26,5,False,Active,,,1,RB1,30,17.0,253.9,14.94,0.0,0.0,0.0,260.0,1107.0,7.0,36.0,52.0,292.0,6.0,15.0,130.2,8.68,0.0,0.0,0.0,150.0,558.0,2.0,39.0,52.0,254.0,0.0,10,43.0,2,6,40,,36.9,49.2,,,11
162,20,QB depth,6,4943,Sam Darnold,QB,SEA,29,75,225,USC,14,1997-06-05,8,False,Active,,,1,QB1,84,17.0,249.42,14.67,4048.0,25.0,14.0,35.0,95.0,0.0,0.0,0.0,0.0,0.0,17.0,319.96,18.82,4319.0,35.0,12.0,67.0,212.0,1.0,0.0,0.0,0.0,0.0,13,152.0,2,18,156,,140.5,163.5,,,126
80,9,QB,6,12508,Jaxson Dart,QB,NYG,23,74,223,Ole Miss,6,2003-05-13,1,False,Active,,,1,QB1,24,14.0,246.58,17.61,2272.0,15.0,5.0,86.0,487.0,9.0,0.0,0.0,0.0,0.0,0.0,0.0,0.0,0.0,0.0,0.0,0.0,0.0,0.0,0.0,0.0,0.0,0.0,14,89.6,2,44,82,,104.3,74.9,,,51
14,7,RB1,8,12527,Ashton Jeanty,RB,LV,22,68,208,Boise State,2,2003-12-02,1,False,Active,,,1,RB1,12,17.0,245.1,14.42,0.0,0.0,0.0,266.0,975.0,5.0,55.0,73.0,346.0,5.0,0.0,0.0,0.0,0.0,0.0,0.0,0.0,0.0,0.0,0.0,0.0,0.0,0.0,11,15.8,2,1,14,,14.0,17.5,,,-18
33,15,WR2,6,9997,Zay Flowers,WR,BAL,25,69,183,Boston College,4,2000-09-11,3,False,Active,,,1,WR1,44,17.0,243.3,14.31,0.0,0.0,0.0,10.0,62.0,1.0,86.0,118.0,1211.0,5.0,17.0,209.5,12.32,0.0,0.0,0.0,9.0,56.0,0.0,74.0,116.0,1059.0,4.0,7,35.0,2,11,33,,26.7,43.2,,,0
38,18,RB2,8,7588,Javonte Williams,RB,DAL,26,70,222,North Carolina,33,2000-04-25,5,False,Active,,,1,RB1,32,16.0,242.8,15.18,0.0,0.0,0.0,252.0,1201.0,11.0,35.0,51.0,137.0,2.0,17.0,157.9,9.29,0.0,0.0,0.0,139.0,513.0,4.0,52.0,70.0,346.0,0.0,12,37.5,2,5,38,,36.5,38.5,,,4
166,21,QB depth,7,6804,Jordan Love,QB,GB,27,76,219,Utah State,10,1998-11-02,6,False,Active,,,1,QB1,50,15.0,241.14,16.08,3381.0,23.0,6.0,47.0,199.0,0.0,0.0,0.0,0.0,0.0,15.0,244.86,16.32,3389.0,25.0,11.0,25.0,83.0,1.0,0.0,0.0,0.0,0.0,15,153.8,2,2,158,,148.2,159.3,,,123
26,14,RB2,8,5850,Josh Jacobs,RB,GB,28,70,223,Alabama,8,1998-02-11,7,False,Active,Questionable,,1,RB1,20,15.0,237.1,15.81,0.0,0.0,0.0,234.0,929.0,13.0,36.0,44.0,282.0,1.0,17.0,293.1,17.24,0.0,0.0,0.0,301.0,1329.0,15.0,36.0,43.0,342.0,1.0,13,26.5,2,4,27,,24.7,28.3,,,-9
936,123,QB depth,7,3257,Jacoby Brissett,QB,ARI,33,76,235,North Carolina State,7,1992-12-11,10,False,Active,,,1,QB1,201,14.0,235.44,16.82,3366.0,23.0,8.0,38.0,168.0,1.0,0.0,0.0,0.0,0.0,8.0,46.24,5.78,826.0,2.0,1.0,15.0,62.0,0.0,0.0,0.0,0.0,0.0,16,170.1,1,0,973,,,170.1,,,936
174,22,QB depth,7,5870,Daniel Jones,QB,IND,29,77,230,Duke,17,1997-05-27,7,False,Active,,,1,QB1,109,13.0,234.44,18.03,3101.0,19.0,8.0,45.0,164.0,5.0,0.0,0.0,0.0,0.0,10.0,142.3,14.23,2070.0,8.0,7.0,67.0,265.0,2.0,0.0,0.0,0.0,0.0,17,160.3,2,33,174,,160.2,160.4,,,136
223,25,QB depth,8,96,Aaron Rodgers,QB,PIT,42,74,223,California,8,1983-12-02,21,False,Active,,,1,QB1,339,16.0,234.08,14.63,3322.0,24.0,7.0,21.0,61.0,1.0,1.0,1.0,-9.0,0.0,17.0,267.58,15.74,3897.0,28.0,11.0,22.0,107.0,0.0,0.0,0.0,0.0,0.0,18,167.9,2,10,212,,166.6,169.3,,,173
16,8,RB1,9,4866,Saquon Barkley,RB,PHI,29,72,233,Penn State,26,1997-02-09,8,False,Active,,,1,RB1,13,16.0,232.3,14.52,0.0,0.0,0.0,280.0,1140.0,7.0,37.0,50.0,273.0,2.0,16.0,355.3,22.21,0.0,0.0,0.0,345.0,2005.0,13.0,33.0,43.0,278.0,2.0,14,17.8,2,6,15,,18.6,17.0,,,-25
1007,126,QB depth,8,9228,Bryce Young,QB,CAR,25,70,204,Alabama,9,2001-07-25,3,False,Active,,,1,QB1,98,16.0,229.04,14.31,3011.0,23.0,11.0,54.0,216.0,2.0,0.0,0.0,0.0,0.0,14.0,204.02,14.57,2403.0,15.0,9.0,43.0,249.0,6.0,0.0,0.0,0.0,0.0,19,172.8,2,56,216,,177.2,168.4,,,175
53,22,RB2,9,6790,D'Andre Swift,RB,CHI,27,68,204,Georgia,4,1999-01-14,6,False,Active,,,1,RB1,47,16.0,228.6,14.29,0.0,0.0,0.0,223.0,1087.0,9.0,34.0,48.0,299.0,1.0,17.0,214.5,12.62,0.0,0.0,0.0,253.0,959.0,6.0,42.0,52.0,386.0,0.0,15,58.4,2,16,52,,44.7,72.1,,,10
24,11,WR1,6,7569,Nico Collins,WR,HOU,27,76,222,Michigan,12,1999-03-19,5,False,Active,,,1,WR1,19,15.0,226.2,15.08,0.0,0.0,0.0,2.0,15.0,1.0,71.0,120.0,1117.0,6.0,12.0,210.6,17.55,0.0,0.0,0.0,0.0,0.0,0.0,68.0,99.0,1006.0,7.0,8,25.4,2,3,24,,23.0,27.7,,,-19
41,19,WR2,6,2133,Davante Adams,WR,LAR,33,73,204,Fresno State,17,1992-12-24,12,False,Active,,,2,WR2,46,14.0,222.9,15.92,0.0,0.0,0.0,0.0,0.0,0.0,60.0,114.0,789.0,14.0,14.0,241.3,17.24,0.0,0.0,0.0,0.0,0.0,0.0,85.0,141.0,1063.0,8.0,9,44.0,2,0,41,,41.2,46.7,,,-3
102,34,RB depth,10,7567,Kenny Gainwell,RB,TB,27,69,200,Memphis,1,1999-03-14,5,False,Active,,,2,RB2,86,17.0,222.3,13.08,0.0,0.0,0.0,114.0,537.0,5.0,73.0,85.0,486.0,3.0,17.0,62.6,3.68,0.0,0.0,0.0,75.0,290.0,1.0,16.0,22.0,116.0,0.0,16,106.0,2,18,101,,90.2,121.7,,,56
42,2,QB,8,4881,Lamar Jackson,QB,BAL,29,74,205,Louisville,8,1997-01-07,8,False,Active,,,1,QB1,12,13.0,221.86,17.07,2549.0,21.0,7.0,67.0,349.0,2.0,0.0,0.0,0.0,0.0,17.0,434.38,25.55,4172.0,41.0,4.0,139.0,915.0,4.0,0.0,0.0,0.0,0.0,20,46.8,2,20,42,,53.6,39.9,,,-4
90,40,WR depth,7,10232,Michael Wilson,WR,ARI,26,74,213,Stanford,14,2000-02-23,3,False,Active,,,2,WR2,75,17.0,220.6,12.98,0.0,0.0,0.0,0.0,0.0,0.0,78.0,126.0,1006.0,7.0,16.0,126.5,7.91,0.0,0.0,0.0,1.0,7.0,0.0,47.0,71.0,548.0,4.0,10,95.9,2,3,90,,88.1,103.8,,,43
20,9,WR1,7,5859,A.J. Brown,WR,NE,29,73,226,Ole Miss,1,1997-06-30,7,False,Active,,,1,WR1,18,15.0,220.3,14.69,0.0,0.0,0.0,0.0,0.0,0.0,78.0,121.0,1003.0,7.0,13.0,216.9,16.68,0.0,0.0,0.0,0.0,0.0,0.0,67.0,97.0,1079.0,7.0,11,22.2,2,7,21,,17.4,27.0,,,-27
51,24,WR2,8,8148,Jameson Williams,WR,DET,25,73,184,Alabama,1,2001-03-26,4,False,Active,,,2,WR2,52,17.0,219.9,12.94,0.0,0.0,0.0,6.0,12.0,0.0,65.0,102.0,1117.0,7.0,15.0,212.2,14.15,0.0,0.0,0.0,11.0,61.0,1.0,58.0,91.0,1001.0,7.0,12,56.4,2,9,51,,46.0,66.8,,,2
64,28,WR3,8,5045,Courtland Sutton,WR,DEN,30,76,216,SMU,14,1995-10-10,8,False,Active,,,1,WR1,72,17.0,219.7,12.92,0.0,0.0,0.0,0.0,0.0,0.0,74.0,124.0,1017.0,7.0,17.0,240.3,14.14,30.0,1.0,0.0,0.0,0.0,0.0,81.0,135.0,1081.0,8.0,13,72.5,2,12,63,,59.5,85.4,,,13
87,38,WR depth,8,8126,Wan'Dale Robinson,WR,TEN,25,68,185,Kentucky,4,2001-01-05,4,False,Active,,,2,WR2,102,16.0,217.9,13.62,0.0,0.0,0.0,3.0,5.0,0.0,92.0,140.0,1014.0,4.0,17.0,182.7,10.75,0.0,0.0,0.0,3.0,18.0,0.0,93.0,140.0,699.0,3.0,14,93.5,2,35,86,,71.1,116.0,,,35
78,28,RB depth,10,8228,Jaylen Warren,RB,PIT,27,68,215,Oklahoma State,30,1998-11-01,4,False,Active,,,2,RB2,52,16.0,217.1,13.57,0.0,0.0,0.0,211.0,958.0,6.0,40.0,45.0,333.0,2.0,15.0,124.1,8.27,0.0,0.0,0.0,120.0,511.0,1.0,38.0,47.0,310.0,0.0,17,85.0,2,24,78,,66.6,103.5,,,26
187,23,QB depth,9,9758,C.J. Stroud,QB,HOU,24,75,218,Ohio State,7,2001-10-03,3,False,Active,,,1,QB1,80,14.0,216.54,15.47,3041.0,19.0,8.0,48.0,209.0,1.0,0.0,0.0,0.0,0.0,17.0,232.38,13.67,3727.0,20.0,12.0,52.0,233.0,0.0,0.0,1.0,0.0,0.0,21,163.1,2,22,179,,160.2,165.9,,,126
81,29,RB depth,11,7021,Rico Dowdle,RB,PIT,28,71,218,South Carolina,13,1998-06-14,6,False,Active,,,1,RB1,65,17.0,216.3,12.72,0.0,0.0,0.0,236.0,1076.0,6.0,39.0,50.0,297.0,1.0,16.0,197.8,12.36,0.0,0.0,0.0,235.0,1079.0,2.0,39.0,49.0,249.0,3.0,18,91.2,2,25,85,,73.7,108.7,,,31
43,20,WR2,8,6801,Tee Higgins,WR,CIN,27,76,220,Clemson,5,1999-01-18,6,False,Active,,,2,WR2,36,15.0,211.6,14.11,0.0,0.0,0.0,0.0,0.0,0.0,59.0,98.0,846.0,11.0,12.0,222.1,18.51,0.0,0.0,0.0,0.0,0.0,0.0,73.0,109.0,911.0,10.0,15,48.2,2,11,43,,39.3,57.2,,,-12
37,17,WR2,9,12526,Tetairoa McMillan,WR,CAR,23,77,212,Arizona,4,2003-04-05,1,False,Active,,,1,WR1,37,17.0,211.4,12.44,0.0,0.0,0.0,0.0,0.0,0.0,70.0,122.0,1014.0,7.0,0.0,0.0,0.0,0.0,0.0,0.0,0.0,0.0,0.0,0.0,0.0,0.0,0.0,16,37.3,2,1,37,,33.9,40.8,,,-19
65,5,TE,2,7553,Kyle Pitts,TE,ATL,25,78,250,Florida,8,2000-10-06,5,False,Active,,,1,TE1,71,17.0,210.8,12.4,0.0,0.0,0.0,0.0,0.0,0.0,88.0,118.0,928.0,5.0,17.0,131.2,7.72,0.0,0.0,0.0,0.0,0.0,0.0,47.0,74.0,602.0,4.0,2,72.5,2,26,67,,79.1,66.0,,,10
192,71,WR depth,9,2449,Stefon Diggs,WR,WAS,32,72,191,Maryland,8,1993-11-29,11,False,Active,,,2,WR2,116,17.0,210.3,12.37,0.0,0.0,0.0,0.0,0.0,0.0,85.0,102.0,1013.0,4.0,8.0,121.92,15.24,13.0,0.0,0.0,3.0,8.0,1.0,47.0,64.0,496.0,3.0,17,163.7,1,0,168,,,163.7,,,110
31,15,RB2,11,8155,Breece Hall,RB,NYJ,25,71,217,Iowa State,20,2001-05-31,4,False,Active,,,1,RB1,27,16.0,207.66,12.98,4.0,1.0,0.0,243.0,1065.0,4.0,36.0,48.0,350.0,1.0,16.0,240.9,15.06,0.0,0.0,0.0,209.0,876.0,5.0,57.0,76.0,483.0,3.0,19,33.1,2,2,30,,28.4,37.9,,,-29
98,32,RB depth,12,12489,RJ Harvey,RB,DEN,25,68,205,UCF,12,2001-02-04,1,False,Active,,,2,RB2,40,17.0,206.6,12.15,0.0,0.0,0.0,146.0,540.0,7.0,47.0,58.0,356.0,5.0,0.0,0.0,0.0,0.0,0.0,0.0,0.0,0.0,0.0,0.0,0.0,0.0,0.0,20,105.3,2,34,97,,83.3,127.3,,,37
58,23,RB2,12,12529,TreVeyon Henderson,RB,NE,23,70,202,Ohio State,32,2002-10-22,1,False,Active,,,1,RB1,37,17.0,206.2,12.13,0.0,0.0,0.0,180.0,911.0,9.0,35.0,42.0,221.0,1.0,0.0,0.0,0.0,0.0,0.0,0.0,0.0,0.0,0.0,0.0,0.0,0.0,0.0,21,63.0,2,2,57,,55.9,70.0,,,-4
76,34,WR3,10,6819,Michael Pittman,WR,PIT,28,76,223,USC,11,1997-10-05,6,False,Active,,,2,WR2,98,17.0,202.4,11.91,0.0,0.0,0.0,0.0,0.0,0.0,80.0,111.0,784.0,7.0,16.0,165.8,10.36,0.0,0.0,0.0,0.0,0.0,0.0,69.0,111.0,808.0,3.0,18,81.3,2,2,75,,72.5,90.1,,,13
13,7,WR1,10,8112,Drake London,WR,ATL,25,76,215,USC,5,2001-07-24,4,False,Active,,,1,WR1,14,12.0,201.9,16.82,0.0,0.0,0.0,0.0,0.0,0.0,68.0,112.0,919.0,7.0,17.0,280.8,16.52,0.0,0.0,0.0,1.0,-3.0,0.0,100.0,158.0,1271.0,9.0,19,14.9,2,5,12,,10.8,19.0,,,-51
32,14,WR2,11,7525,DeVonta Smith,WR,PHI,27,72,170,Alabama,6,1998-11-14,5,False,Active,Questionable,,1,WR1,39,17.0,201.8,11.87,0.0,0.0,0.0,0.0,0.0,0.0,77.0,113.0,1008.0,4.0,13.0,199.4,15.34,0.0,0.0,0.0,1.0,1.0,0.0,68.0,89.0,833.0,8.0,20,34.0,2,3,32,,29.0,38.9,,,-32
11,6,WR1,11,6794,Justin Jefferson,WR,MIN,27,73,195,LSU,18,1999-06-16,6,False,Active,,,1,WR1,11,17.0,201.5,11.85,0.0,0.0,0.0,2.0,7.0,0.0,84.0,141.0,1048.0,2.0,17.0,317.48,18.68,22.0,0.0,0.0,1.0,3.0,0.0,103.0,154.0,1533.0,10.0,21,12.6,2,4,11,,13.2,12.0,,,-54
10,5,WR1,11,6786,CeeDee Lamb,WR,DAL,27,74,198,Oklahoma,88,1999-04-08,6,False,Active,,,1,WR1,10,14.0,200.9,14.35,0.0,0.0,0.0,1.0,2.0,0.0,75.0,117.0,1077.0,3.0,15.0,263.4,17.56,0.0,0.0,0.0,14.0,70.0,0.0,101.0,152.0,1194.0,6.0,22,10.9,2,2,10,,11.3,10.6,,,-56
39,18,WR2,12,12514,Emeka Egbuka,WR,TB,23,73,205,Ohio State,2,2002-10-14,1,False,Active,,,1,WR1,43,17.0,195.7,11.51,0.0,0.0,0.0,2.0,9.0,0.0,63.0,127.0,938.0,6.0,0.0,0.0,0.0,0.0,0.0,0.0,0.0,0.0,0.0,0.0,0.0,0.0,0.0,23,38.9,2,6,39,,33.6,44.1,,,-28
123,2,K,1,2747,Jason Myers,K,SEA,35,70,190,Marist,5,1991-05-12,11,False,Active,,,1,K1,132,17.0,195.0,11.47,0.0,0.0,0.0,0.0,0.0,0.0,0.0,0.0,0.0,0.0,17.0,133.0,7.82,0.0,0.0,0.0,0.0,0.0,0.0,0.0,0.0,0.0,0.0,1,127.0,2,27,122,,136.0,117.9,,,54
50,23,WR2,12,7526,Jaylen Waddle,WR,DEN,27,70,185,Alabama,17,1998-11-25,5,False,Active,Questionable,,2,WR2,42,16.0,194.12,12.13,8.0,0.0,0.0,2.0,28.0,0.0,64.0,100.0,910.0,6.0,15.0,149.6,9.97,0.0,0.0,0.0,4.0,12.0,0.0,58.0,83.0,744.0,2.0,24,54.1,2,4,49,,48.9,59.3,,,-20
986,125,QB depth,10,12522,Cam Ward,QB,TEN,24,74,219,Miami (FL),1,2002-05-25,1,False,Active,,,1,QB1,75,17.0,193.66,11.39,3169.0,15.0,7.0,39.0,159.0,2.0,0.0,0.0,0.0,0.0,0.0,0.0,0.0,0.0,0.0,0.0,0.0,0.0,0.0,0.0,0.0,0.0,0.0,22,170.9,2,58,210,,174.4,167.4,,,140
92,8,TE,3,1466,Travis Kelce,TE,KC,36,77,250,Cincinnati,87,1989-10-05,13,False,Active,,,1,TE1,106,17.0,193.2,11.36,0.0,0.0,0.0,1.0,1.0,0.0,76.0,108.0,851.0,5.0,16.0,195.4,12.21,0.0,0.0,0.0,1.0,1.0,0.0,97.0,133.0,823.0,3.0,3,98.9,2,9,92,,95.5,102.3,,,21
25,13,RB2,13,8151,Kenneth Walker,RB,KC,25,69,211,Michigan State,9,2000-10-20,4,False,Active,,,1,RB1,19,17.0,191.9,11.29,0.0,0.0,0.0,221.0,1027.0,5.0,31.0,36.0,282.0,0.0,11.0,181.2,16.47,0.0,0.0,0.0,153.0,573.0,7.0,46.0,53.0,299.0,1.0,22,25.6,2,4,26,,26.7,24.5,,,-46
1012,127,QB depth,10,1373,Geno Smith,QB,NYJ,35,74,221,West Virginia,7,1990-10-10,13,False,Active,,,1,QB1,260,15.0,190.9,12.73,3025.0,19.0,17.0,41.0,109.0,0.0,0.0,0.0,0.0,0.0,17.0,281.0,16.53,4320.0,21.0,15.0,53.0,272.0,2.0,0.0,0.0,0.0,0.0,23,178.4,2,748,659,,186.4,170.5,,,586
131,4,K,1,3451,Ka'imi Fairbairn,K,HOU,32,72,183,UCLA,15,1994-01-29,10,False,Active,,,1,K1,155,15.0,190.0,12.67,0.0,0.0,0.0,0.0,0.0,0.0,0.0,0.0,0.0,0.0,17.0,164.0,9.65,0.0,0.0,0.0,0.0,0.0,0.0,0.0,0.0,0.0,0.0,2,137.7,2,20,133,,140.2,135.2,,,59
52,4,TE,4,12518,Tyler Warren,TE,IND,24,78,256,Penn State,84,2002-05-24,1,False,Active,,,1,TE1,50,17.0,188.5,11.09,0.0,0.0,0.0,6.0,8.0,1.0,76.0,112.0,817.0,4.0,0.0,0.0,0.0,0.0,0.0,0.0,0.0,0.0,0.0,0.0,0.0,0.0,0.0,4,56.6,2,24,53,,66.1,47.1,,,-22
115,48,WR depth,13,5872,Deebo Samuel,WR,SF,30,72,215,South Carolina,19,1996-01-15,7,False,Active,,,2,WR2,150,16.0,188.2,11.76,0.0,0.0,0.0,17.0,75.0,1.0,72.0,99.0,727.0,5.0,15.0,153.6,10.24,0.0,0.0,0.0,42.0,136.0,1.0,51.0,81.0,670.0,3.0,25,117.2,2,28,116,,97.9,136.4,,,40
122,12,TE,4,8110,Jake Ferguson,TE,DAL,27,77,250,Wisconsin,87,1999-01-18,4,False,Active,,,1,TE1,97,17.0,188.1,11.06,0.0,0.0,0.0,1.0,1.0,0.0,82.0,102.0,600.0,8.0,14.0,104.4,7.46,0.0,0.0,0.0,0.0,0.0,0.0,59.0,86.0,494.0,0.0,5,126.2,2,43,123,,140.1,112.2,,,46
85,10,QB,10,8183,Brock Purdy,QB,SF,26,73,220,Iowa State,13,1999-12-27,4,False,Active,,,1,QB1,37,9.0,187.38,20.82,2167.0,20.0,10.0,33.0,147.0,3.0,0.0,0.0,0.0,0.0,15.0,278.86,18.59,3864.0,20.0,12.0,66.0,323.0,5.0,0.0,0.0,0.0,0.0,24,92.7,2,11,87,,81.4,103.9,,,9
70,32,WR3,13,5846,DK Metcalf,WR,PIT,28,76,235,Ole Miss,4,1997-12-14,7,False,Active,,,1,WR1,73,15.0,187.2,12.48,0.0,0.0,0.0,2.0,12.0,1.0,59.0,99.0,850.0,6.0,15.0,191.2,12.75,0.0,0.0,0.0,0.0,0.0,0.0,66.0,108.0,992.0,5.0,26,76.6,2,6,69,,65.4,87.7,,,-10
74,7,TE,4,12506,Harold Fannin,TE,CLE,22,76,241,Bowling Green,44,2004-07-20,1,False,Active,,,1,TE1,63,16.0,186.4,11.65,0.0,0.0,0.0,7.0,13.0,1.0,72.0,107.0,731.0,6.0,0.0,0.0,0.0,0.0,0.0,0.0,0.0,0.0,0.0,0.0,0.0,0.0,0.0,6,78.2,2,16,74,,80.2,76.3,,,-6
69,27,RB depth,14,5967,Tony Pollard,RB,TEN,29,72,209,Memphis,20,1997-04-30,7,False,Active,,,1,RB1,63,17.0,185.8,10.93,0.0,0.0,0.0,242.0,1082.0,5.0,33.0,41.0,206.0,0.0,16.0,200.7,12.54,0.0,0.0,0.0,260.0,1079.0,5.0,41.0,57.0,238.0,0.0,23,75.9,2,12,65,,62.5,89.3,,,-16
96,9,TE,4,5022,Dallas Goedert,TE,PHI,31,77,256,South Dakota State,88,1995-01-03,8,False,Active,,,1,TE1,94,15.0,185.1,12.34,0.0,0.0,0.0,0.0,0.0,0.0,60.0,82.0,591.0,11.0,10.0,103.6,10.36,0.0,0.0,0.0,0.0,0.0,0.0,42.0,52.0,496.0,2.0,7,103.7,2,20,96,,105.2,102.2,,,14
79,36,WR3,14,9487,Parker Washington,WR,JAX,24,70,204,Penn State,11,2002-03-21,3,False,Active,,,2,WR2,81,16.0,184.7,11.54,0.0,0.0,0.0,7.0,0.0,0.0,58.0,95.0,847.0,5.0,17.0,97.0,5.71,0.0,0.0,0.0,0.0,0.0,0.0,32.0,51.0,390.0,3.0,27,89.2,2,12,79,,75.9,102.5,,,-4
67,30,WR3,14,8142,Alec Pierce,WR,IND,26,75,211,Cincinnati,14,2000-05-02,4,False,Active,PUP,Surgery,1,WR1,82,15.0,183.3,12.22,0.0,0.0,0.0,0.0,0.0,0.0,47.0,84.0,1003.0,6.0,16.0,161.4,10.09,0.0,0.0,0.0,0.0,0.0,0.0,37.0,69.0,824.0,7.0,28,75.4,2,27,70,,55.1,95.7,,,-14
365,127,WR depth,15,1479,Keenan Allen,WR,FA,33,74,211,California,13,1992-04-27,13,False,Active,,,,,116,17.0,182.7,10.75,0.0,0.0,0.0,0.0,0.0,0.0,81.0,122.0,777.0,4.0,15.0,185.4,12.36,0.0,0.0,1.0,0.0,0.0,0.0,70.0,121.0,744.0,7.0,29,170.0,1,0,819,,,170.0,,,734
146,42,RB depth,14,9753,Zach Charbonnet,RB,SEA,25,73,220,UCLA,26,2001-01-08,3,False,Active,PUP,Surgery,2,RB2,101,16.0,181.4,11.34,0.0,0.0,0.0,184.0,730.0,12.0,20.0,24.0,144.0,0.0,17.0,186.9,10.99,0.0,0.0,0.0,135.0,569.0,8.0,42.0,52.0,340.0,1.0,24,144.4,2,1,138,,139.8,149.1,,,52
97,3,D/ST,1,SEA,SEA D/ST,DEF,SEA,,,,,,,,False,,,,,,,17.0,181.0,10.65,0.0,0.0,0.0,0.0,0.0,0.0,0.0,0.0,0.0,0.0,17.0,143.0,8.41,0.0,0.0,0.0,0.0,0.0,0.0,0.0,0.0,0.0,0.0,1,104.3,2,7,98,,100.8,107.9,,,11
44,21,WR2,15,11635,Ladd McConkey,WR,LAC,24,72,185,Georgia,15,2001-11-11,2,False,Active,,,1,WR1,41,16.0,180.9,11.31,0.0,0.0,0.0,0.0,0.0,0.0,66.0,106.0,789.0,6.0,16.0,240.9,15.06,0.0,0.0,0.0,0.0,0.0,0.0,82.0,112.0,1149.0,7.0,30,48.4,2,2,44,,44.1,52.6,,,-44
106,1,K,2,11533,Brandon Aubrey,K,DAL,31,75,218,Notre Dame,17,1995-03-14,3,False,Active,,,1,K1,110,17.0,180.6,10.62,0.0,0.0,0.0,1.0,6.0,0.0,0.0,0.0,0.0,0.0,17.0,185.0,10.88,0.0,0.0,0.0,0.0,0.0,0.0,0.0,0.0,0.0,0.0,3,108.2,2,64,103,,131.1,85.3,,,14
175,19,TE depth,5,7002,Juwan Johnson,TE,NO,29,76,245,Oregon,83,1996-09-13,6,False,Active,,,1,TE1,103,17.0,179.9,10.58,0.0,0.0,0.0,0.0,0.0,0.0,77.0,102.0,889.0,3.0,17.0,122.8,7.22,0.0,0.0,0.0,0.0,0.0,0.0,50.0,66.0,548.0,3.0,8,160.3,2,13,169,,157.2,163.5,,,79
157,18,TE depth,6,3214,Hunter Henry,TE,NE,31,77,249,Arkansas,85,1994-12-07,10,False,Active,,,1,TE1,92,17.0,178.8,10.52,0.0,0.0,0.0,0.0,0.0,0.0,60.0,87.0,768.0,7.0,16.0,145.4,9.09,0.0,0.0,0.0,0.0,0.0,0.0,66.0,97.0,674.0,2.0,9,149.3,2,41,155,,156.5,142.2,,,64
83,30,RB depth,14,7611,Rhamondre Stevenson,RB,NE,28,72,227,Oklahoma,38,1998-02-23,5,False,Active,,,2,RB2,58,14.0,178.8,12.77,0.0,0.0,0.0,130.0,603.0,7.0,32.0,37.0,345.0,2.0,15.0,175.9,11.73,0.0,0.0,0.0,207.0,801.0,7.0,33.0,41.0,168.0,1.0,25,92.1,2,29,84,,72.2,112.0,,,-8
185,21,TE depth,7,5001,Dalton Schultz,TE,HOU,30,77,242,Stanford,86,1996-07-11,8,False,Active,,,1,TE1,98,17.0,177.7,10.45,0.0,0.0,0.0,0.0,0.0,0.0,82.0,106.0,777.0,3.0,17.0,118.2,6.95,0.0,0.0,0.0,0.0,0.0,0.0,53.0,85.0,532.0,2.0,10,162.4,2,3,182,,157.4,167.4,,,89
992,359,WR depth,16,11627,Troy Franklin,WR,DEN,23,75,180,Oregon,11,2003-02-06,2,False,Active,,,3,WR3,171,17.0,177.1,10.42,0.0,0.0,0.0,5.0,12.0,0.0,65.0,104.0,709.0,6.0,16.0,67.1,4.19,0.0,0.0,0.0,2.0,8.0,0.0,28.0,53.0,263.0,2.0,31,171.2,1,0,1023,,,171.2,,,929
30,2,TE,7,11604,Brock Bowers,TE,LV,23,76,235,Georgia,89,2002-12-13,2,False,Active,,,1,TE1,18,12.0,176.2,14.68,0.0,0.0,0.0,2.0,2.0,0.0,64.0,86.0,680.0,7.0,17.0,262.7,15.45,0.0,0.0,0.0,5.0,13.0,0.0,112.0,153.0,1194.0,5.0,11,32.1,2,19,31,,40.7,23.5,,,-64
91,41,WR depth,16,5947,Jakobi Meyers,WR,JAX,29,74,200,North Carolina State,3,1996-11-09,7,False,Active,,,3,WR3,77,16.0,175.8,10.99,0.0,0.0,0.0,5.0,13.0,0.0,75.0,110.0,835.0,3.0,15.0,218.0,14.53,0.0,0.0,0.0,2.0,23.0,0.0,87.0,129.0,1027.0,4.0,32,96.6,2,27,91,,77.0,116.2,,,-5
960,124,QB depth,11,6768,Tua Tagovailoa,QB,ATL,28,73,225,Alabama,1,1998-03-02,6,False,Active,Questionable,,1,QB1,183,14.0,175.7,12.55,2660.0,20.0,15.0,20.0,43.0,0.0,0.0,0.0,0.0,0.0,11.0,188.58,17.14,2867.0,19.0,7.0,17.0,49.0,0.0,0.0,0.0,0.0,0.0,25,170.2,1,0,1001,,,170.2,,,904
169,65,WR depth,16,7049,Jauan Jennings,WR,MIN,29,75,212,Tennessee,14,1997-07-10,6,False,Active,,,3,WR3,123,15.0,173.3,11.55,0.0,0.0,0.0,0.0,0.0,0.0,55.0,90.0,643.0,9.0,15.0,210.5,14.03,0.0,0.0,0.0,0.0,0.0,0.0,77.0,113.0,975.0,6.0,33,155.9,2,151,228,,141.9,169.9,,,130
118,50,WR depth,16,9754,Quentin Johnston,WR,LAC,24,74,208,TCU,1,2001-09-06,3,False,Active,,,2,WR2,103,14.0,171.2,12.23,0.0,0.0,0.0,2.0,7.0,0.0,51.0,85.0,735.0,8.0,15.0,174.7,11.65,0.0,0.0,0.0,3.0,6.0,0.0,55.0,91.0,711.0,8.0,34,118.7,2,40,119,,95.0,142.3,,,20
55,25,WR3,17,4983,DJ Moore,WR,BUF,29,72,213,Maryland,2,1997-04-14,8,False,Active,,,1,WR1,54,17.0,170.18,10.01,2.0,1.0,0.0,15.0,79.0,1.0,50.0,85.0,682.0,6.0,17.0,238.1,14.01,0.0,0.0,0.0,14.0,75.0,0.0,98.0,140.0,966.0,6.0,35,60.7,2,8,56,,50.7,70.7,,,-44
47,21,RB2,15,12512,Quinshon Judkins,RB,CLE,22,72,221,Ohio State,10,2003-10-29,1,False,Active,,,1,RB1,45,15.0,169.8,11.32,0.0,0.0,0.0,230.0,827.0,7.0,26.0,36.0,171.0,0.0,0.0,0.0,0.0,0.0,0.0,0.0,0.0,0.0,0.0,0.0,0.0,0.0,0.0,26,51.6,2,1,47,,49.4,53.8,,,-54
62,25,RB depth,16,5892,David Montgomery,RB,HOU,29,71,230,Iowa State,32,1997-06-07,7,False,Active,,,1,RB1,48,17.0,166.92,9.82,3.0,1.0,0.0,158.0,716.0,8.0,24.0,29.0,192.0,0.0,14.0,221.72,15.84,3.0,1.0,0.0,185.0,775.0,12.0,36.0,38.0,341.0,0.0,27,68.5,2,0,62,,62.6,74.4,,,-40
117,49,WR depth,17,8134,Khalil Shakir,WR,BUF,26,72,190,Boise State,10,2000-02-03,4,False,Active,,,2,WR2,120,16.0,166.4,10.4,0.0,0.0,0.0,1.0,5.0,0.0,72.0,95.0,719.0,4.0,15.0,182.5,12.17,0.0,0.0,0.0,2.0,4.0,0.0,76.0,100.0,821.0,4.0,36,118.2,2,25,117,,100.7,135.7,,,14
94,2,D/ST,2,HOU,HOU D/ST,DEF,HOU,,,,,,,,False,,,,,,,17.0,166.0,9.76,0.0,0.0,0.0,0.0,0.0,0.0,0.0,0.0,0.0,0.0,17.0,143.0,8.41,0.0,0.0,0.0,0.0,0.0,0.0,0.0,0.0,0.0,0.0,2,99.8,2,32,94,,106.9,92.6,,,-10
124,3,K,3,8259,Cameron Dicker,K,LAC,26,73,216,Texas,11,2000-05-06,4,False,Active,,,1,K1,129,17.0,166.0,9.76,0.0,0.0,0.0,0.0,0.0,0.0,0.0,0.0,0.0,0.0,17.0,173.0,10.18,0.0,0.0,0.0,0.0,0.0,0.0,0.0,0.0,0.0,0.0,4,127.0,2,60,126,,145.8,108.1,,,21
126,52,WR depth,17,8121,Romeo Doubs,WR,NE,26,74,210,Nevada,87,2000-04-13,4,False,Active,Questionable,,2,WR2,113,16.0,165.4,10.34,0.0,0.0,0.0,0.0,0.0,0.0,55.0,85.0,724.0,6.0,13.0,132.1,10.16,0.0,0.0,0.0,0.0,0.0,0.0,46.0,72.0,601.0,4.0,37,129.4,2,31,127,,108.8,150.1,,,21
49,3,TE,8,12517,Colston Loveland,TE,CHI,22,78,241,Michigan,84,2004-04-09,1,False,Active,,,1,TE1,41,16.0,165.1,10.32,0.0,0.0,0.0,1.0,-2.0,0.0,58.0,82.0,713.0,6.0,0.0,0.0,0.0,0.0,0.0,0.0,0.0,0.0,0.0,0.0,0.0,0.0,0.0,12,53.4,2,20,50,,61.2,45.5,,,-57
149,18,QB depth,11,12545,Tyler Shough,QB,NO,26,77,219,Louisville,6,1999-09-28,1,False,Active,,,1,QB1,81,11.0,163.96,14.91,2384.0,10.0,6.0,45.0,186.0,3.0,0.0,0.0,0.0,0.0,0.0,0.0,0.0,0.0,0.0,0.0,0.0,0.0,0.0,0.0,0.0,0.0,0.0,26,145.4,2,8,145,,136.8,154.1,,,37
163,62,WR depth,18,10213,Tre Tucker,WR,LV,25,68,182,Cincinnati,1,2001-03-08,3,False,Active,,,1,WR1,188,17.0,161.7,9.51,0.0,0.0,0.0,11.0,51.0,0.0,57.0,92.0,696.0,5.0,17.0,129.3,7.61,0.0,0.0,0.0,9.0,44.0,1.0,47.0,81.0,539.0,3.0,38,152.2,2,46,163,,136.4,167.9,,,54
105,11,TE,8,4217,George Kittle,TE,SF,32,76,250,Iowa,85,1993-10-09,9,False,Active,PUP,Surgery,1,TE1,97,11.0,161.5,14.68,0.0,0.0,0.0,1.0,-3.0,0.0,57.0,69.0,628.0,7.0,15.0,236.6,15.77,0.0,0.0,0.0,0.0,0.0,0.0,78.0,94.0,1106.0,8.0,13,107.8,2,40,104,,119.5,96.2,,,-6
178,47,RB depth,16,11655,Tyrone Tracy,RB,NYG,26,71,210,Purdue,29,1999-11-23,2,False,Active,,,2,RB2,110,15.0,160.8,10.72,0.0,0.0,0.0,176.0,740.0,2.0,36.0,48.0,288.0,2.0,17.0,182.3,10.72,0.0,0.0,0.0,192.0,839.0,5.0,38.0,53.0,284.0,1.0,28,161.8,2,10,175,,156.1,167.4,,,64
159,7,K,4,11786,Cam Little,K,JAX,22,73,172,Arkansas,39,2003-08-17,2,False,Active,,,1,K1,153,17.0,159.0,9.35,0.0,0.0,0.0,0.0,0.0,0.0,0.0,0.0,0.0,0.0,17.0,124.0,7.29,0.0,0.0,0.0,0.0,0.0,0.0,0.0,0.0,0.0,0.0,5,150.0,2,71,167,,163.1,136.9,,,55
202,13,K depth,4,11792,Will Reichard,K,MIN,25,73,190,Alabama,16,2001-01-09,2,False,Active,,,1,K1,174,17.0,157.0,9.24,0.0,0.0,0.0,0.0,0.0,0.0,0.0,0.0,0.0,0.0,13.0,125.0,9.62,0.0,0.0,0.0,0.0,0.0,0.0,0.0,0.0,0.0,0.0,6,165.2,2,45,189,,164.7,165.8,,,76
263,30,QB depth,12,19,Joe Flacco,QB,CIN,41,78,245,Delaware,16,1985-01-16,18,False,Active,,,2,QB2,999,13.0,156.66,12.05,2479.0,15.0,10.0,21.0,35.0,1.0,0.0,0.0,0.0,0.0,8.0,106.04,13.26,1761.0,12.0,7.0,9.0,26.0,0.0,0.0,0.0,0.0,0.0,27,169.9,1,0,285,,,169.9,,,171
130,53,WR depth,19,8676,Rashid Shaheed,WR,SEA,27,72,180,Weber State,22,1998-08-31,4,False,Active,,,2,WR2,150,18.0,156.6,8.7,0.0,0.0,0.0,9.0,69.0,0.0,59.0,92.0,687.0,2.0,6.0,79.8,13.3,0.0,0.0,0.0,6.0,29.0,0.0,20.0,41.0,349.0,3.0,39,137.2,2,32,131,,118.4,156.0,,,16
151,44,RB depth,17,12474,Woody Marks,RB,HOU,25,70,208,USC,4,2000-12-29,1,False,Active,,,2,RB2,105,16.0,151.1,9.44,0.0,0.0,0.0,196.0,703.0,2.0,24.0,36.0,208.0,3.0,0.0,0.0,0.0,0.0,0.0,0.0,0.0,0.0,0.0,0.0,0.0,0.0,0.0,29,146.2,2,3,149,,141.8,150.6,,,33
15,8,WR1,19,10229,Rashee Rice,WR,KC,26,73,204,SMU,4,2000-04-22,3,False,Active,,,1,WR1,23,8.0,150.1,18.76,0.0,0.0,0.0,5.0,20.0,1.0,53.0,78.0,571.0,5.0,4.0,65.9,16.48,0.0,0.0,0.0,1.0,1.0,0.0,24.0,29.0,288.0,2.0,40,17.0,2,9,16,,11.4,22.6,,,-101
176,11,K,5,6650,Chase McLaughlin,K,TB,30,72,190,Illinois,4,1996-04-09,7,False,Active,,,1,K1,198,17.0,149.0,8.76,0.0,0.0,0.0,0.0,0.0,0.0,0.0,0.0,0.0,0.0,17.0,160.0,9.41,0.0,0.0,0.0,0.0,0.0,0.0,0.0,0.0,0.0,0.0,7,161.5,2,38,183,,153.8,169.2,,,65
145,9,D/ST,3,MIN,MIN D/ST,DEF,MIN,,,,,,,,False,,,,,,,17.0,149.0,8.76,0.0,0.0,0.0,0.0,0.0,0.0,0.0,0.0,0.0,0.0,17.0,169.0,9.94,0.0,0.0,0.0,0.0,0.0,0.0,0.0,0.0,0.0,0.0,3,144.1,2,75,161,,119.2,169.0,,,42
220,18,DEF depth,3,JAX,JAX D/ST,DEF,JAX,,,,,,,,False,,,,,,,17.0,148.0,8.71,0.0,0.0,0.0,0.0,0.0,0.0,0.0,0.0,0.0,0.0,17.0,71.0,4.18,0.0,0.0,0.0,0.0,0.0,0.0,0.0,0.0,0.0,0.0,4,167.3,2,54,195,,168.6,166.0,,,75
228,25,TE depth,9,11603,AJ Barner,TE,SEA,24,78,251,Michigan,88,2002-05-03,2,False,Active,,,1,TE1,126,17.0,147.3,8.66,0.0,0.0,0.0,10.0,14.0,1.0,52.0,68.0,519.0,6.0,17.0,78.5,4.62,0.0,0.0,0.0,0.0,0.0,0.0,30.0,38.0,245.0,4.0,14,168.5,1,0,190,,,168.5,,,69
84,1,D/ST,3,DEN,DEN D/ST,DEF,DEN,,,,,,,,False,,,,,,,17.0,147.0,8.65,0.0,0.0,0.0,0.0,0.0,0.0,0.0,0.0,0.0,0.0,17.0,186.0,10.94,0.0,0.0,0.0,0.0,0.0,0.0,0.0,0.0,0.0,0.0,5,92.1,2,22,81,,94.7,89.5,,,-41
114,37,RB depth,18,12534,Kyle Monangai,RB,CHI,24,68,207,Rutgers,25,2002-06-06,1,False,Active,,,2,RB2,61,17.0,146.7,8.63,0.0,0.0,0.0,169.0,783.0,5.0,18.0,30.0,164.0,0.0,0.0,0.0,0.0,0.0,0.0,0.0,0.0,0.0,0.0,0.0,0.0,0.0,0.0,30,116.1,2,18,112,,99.7,132.5,,,-11
56,26,WR3,20,11620,Rome Odunze,WR,CHI,24,75,214,Washington,15,2002-06-03,2,False,Active,,,1,WR1,63,12.0,146.1,12.17,0.0,0.0,0.0,0.0,0.0,0.0,44.0,90.0,661.0,6.0,17.0,144.9,8.52,0.0,0.0,0.0,3.0,15.0,0.0,54.0,101.0,734.0,3.0,41,60.8,2,11,54,,49.9,71.6,,,-70
366,72,RB depth,18,4098,Kareem Hunt,RB,FA,30,71,216,Toledo,29,1995-08-06,9,False,Active,,,,,242,17.0,145.4,8.55,0.0,0.0,0.0,163.0,611.0,8.0,18.0,25.0,143.0,1.0,13.0,155.4,11.95,0.0,0.0,0.0,200.0,728.0,7.0,23.0,32.0,176.0,0.0,31,170.0,1,0,815,,,170.0,,,690
197,14,DEF depth,4,CLE,CLE D/ST,DEF,CLE,,,,,,,,False,,,,,,,17.0,144.0,8.47,0.0,0.0,0.0,0.0,0.0,0.0,0.0,0.0,0.0,0.0,17.0,88.0,5.18,0.0,0.0,0.0,0.0,0.0,0.0,0.0,0.0,0.0,0.0,6,164.7,2,96,196,,177.2,152.2,,,70
224,15,K depth,6,1945,Chris Boswell,K,PIT,35,74,185,Rice,9,1991-03-16,12,False,Active,,,1,K1,151,17.0,144.0,8.47,0.0,0.0,0.0,0.0,0.0,0.0,0.0,0.0,0.0,0.0,17.0,188.0,11.06,0.0,0.0,0.0,0.0,0.0,0.0,0.0,0.0,0.0,0.0,8,167.9,2,72,199,,173.4,162.4,,,72
264,31,QB depth,12,7591,Justin Fields,QB,KC,27,75,227,Ohio State,6,1999-03-05,5,False,Active,,,2,QB2,326,9.0,143.66,15.96,1259.0,7.0,1.0,71.0,383.0,4.0,0.0,1.0,0.0,0.0,10.0,120.14,12.01,1106.0,5.0,1.0,62.0,289.0,5.0,0.0,0.0,0.0,0.0,28,169.9,1,0,252,,,169.9,,,124
109,36,RB depth,18,8136,Rachaad White,RB,WAS,27,72,214,Arizona State,1,1999-01-12,4,False,Active,,,2,RB2,119,17.0,143.0,8.41,0.0,0.0,0.0,132.0,572.0,4.0,40.0,45.0,218.0,0.0,16.0,199.6,12.47,0.0,0.0,0.0,144.0,613.0,3.0,51.0,57.0,393.0,6.0,32,112.0,2,16,109,,97.9,126.0,,,-20
134,6,D/ST,4,PHI,PHI D/ST,DEF,PHI,,,,,,,,False,,,,,,,17.0,143.0,8.41,0.0,0.0,0.0,0.0,0.0,0.0,0.0,0.0,0.0,0.0,17.0,146.0,8.59,0.0,0.0,0.0,0.0,0.0,0.0,0.0,0.0,0.0,0.0,7,138.4,2,26,135,,142.5,134.4,,,5
158,6,K,6,11539,Jake Bates,K,DET,27,70,205,Arkansas,39,1999-03-03,3,False,Active,,,1,K1,173,17.0,143.0,8.41,0.0,0.0,0.0,0.0,0.0,0.0,0.0,0.0,0.0,0.0,17.0,155.0,9.12,0.0,0.0,0.0,0.0,0.0,0.0,0.0,0.0,0.0,0.0,9,149.8,2,4,153,,144.6,154.9,,,22
116,4,D/ST,4,LAR,LAR D/ST,DEF,LAR,,,,,,,,False,,,,,,,17.0,142.0,8.35,0.0,0.0,0.0,0.0,0.0,0.0,0.0,0.0,0.0,0.0,17.0,123.0,7.24,0.0,0.0,0.0,0.0,0.0,0.0,0.0,0.0,0.0,0.0,8,117.3,2,54,113,,136.4,98.2,,,-19
234,17,K depth,6,12713,Andy Borregales,K,NE,23,71,202,Miami (FL),36,2003-01-02,1,False,Active,,,1,K1,154,17.0,142.0,8.35,0.0,0.0,0.0,0.0,0.0,0.0,0.0,0.0,0.0,0.0,0.0,0.0,0.0,0.0,0.0,0.0,0.0,0.0,0.0,0.0,0.0,0.0,0.0,10,169.3,2,767,628,,168.3,170.3,,,495
132,5,D/ST,4,PIT,PIT D/ST,DEF,PIT,,,,,,,,False,,,,,,,17.0,141.0,8.29,0.0,0.0,0.0,0.0,0.0,0.0,0.0,0.0,0.0,0.0,17.0,158.0,9.29,0.0,0.0,0.0,0.0,0.0,0.0,0.0,0.0,0.0,0.0,9,137.7,2,73,143,,157.8,117.5,,,9
125,39,RB depth,18,12533,Jacory Croskey-Merritt,RB,WAS,25,71,208,Arizona,22,2001-04-12,1,False,Active,,,1,RB1,95,17.0,140.3,8.25,0.0,0.0,0.0,175.0,805.0,8.0,9.0,13.0,68.0,0.0,0.0,0.0,0.0,0.0,0.0,0.0,0.0,0.0,0.0,0.0,0.0,0.0,0.0,33,127.6,2,18,124,,113.6,141.7,,,-11
171,9,K,6,4227,Harrison Butker,K,KC,31,76,205,Georgia Tech,7,1995-07-14,9,False,Active,,,1,K1,155,17.0,140.0,8.24,0.0,0.0,0.0,0.0,0.0,0.0,0.0,0.0,0.0,0.0,13.0,94.0,7.23,0.0,0.0,0.0,0.0,0.0,0.0,0.0,0.0,0.0,0.0,11,157.2,2,61,176,,164.0,150.3,,,40
54,4,QB,12,6770,Joe Burrow,QB,CIN,29,76,215,LSU,9,1996-12-10,6,False,Active,,,1,QB1,11,8.0,139.46,17.43,1809.0,17.0,5.0,14.0,41.0,0.0,0.0,0.0,0.0,0.0,17.0,381.82,22.46,4918.0,43.0,9.0,42.0,201.0,2.0,0.0,0.0,0.0,0.0,29,59.0,2,5,55,,57.7,60.2,,,-82
89,39,WR depth,21,11631,Brian Thomas,WR,JAX,23,74,209,LSU,7,2002-10-08,2,False,Active,,,1,WR1,66,14.0,138.8,9.91,0.0,0.0,0.0,3.0,21.0,1.0,48.0,91.0,707.0,2.0,17.0,284.0,16.71,0.0,0.0,0.0,6.0,48.0,0.0,87.0,133.0,1282.0,10.0,42,94.0,2,10,88,,83.5,104.4,,,-50
45,20,RB2,18,11584,Bucky Irving,RB,TB,23,70,195,Oregon,7,2002-08-19,2,False,Active,,,1,RB1,32,10.0,138.5,13.85,0.0,0.0,0.0,173.0,588.0,1.0,30.0,35.0,277.0,3.0,17.0,244.4,14.38,0.0,0.0,0.0,207.0,1122.0,8.0,47.0,52.0,392.0,0.0,34,48.6,2,7,45,,42.4,54.9,,,-94
179,12,K,6,12711,Tyler Loop,K,BAL,25,71,191,Arizona,33,2001-08-04,1,False,Active,,,1,K1,150,17.0,138.0,8.12,0.0,0.0,0.0,0.0,0.0,0.0,0.0,0.0,0.0,0.0,0.0,0.0,0.0,0.0,0.0,0.0,0.0,0.0,0.0,0.0,0.0,0.0,0.0,12,161.9,2,31,177,,160.8,163.0,,,37
141,43,WR bench,22,5848,Marquise Brown,WR,PHI,29,69,170,Oklahoma,0,1997-06-04,7,False,Active,,,4,WR4,999,16.0,137.7,8.61,0.0,0.0,0.0,0.0,0.0,0.0,49.0,74.0,587.0,5.0,2.0,18.1,9.05,0.0,0.0,0.0,0.0,0.0,0.0,9.0,15.0,91.0,0.0,43,,0,,,,,,,,
243,28,QB depth,13,11565,J.J. McCarthy,QB,MIN,23,75,219,Michigan,9,2003-01-20,2,False,Active,,,2,QB2,200,10.0,137.38,13.74,1632.0,11.0,12.0,37.0,181.0,4.0,0.0,0.0,0.0,0.0,0.0,0.0,0.0,0.0,0.0,0.0,0.0,0.0,0.0,0.0,0.0,0.0,0.0,30,169.6,1,0,219,,,169.6,,,78
104,42,WR depth,22,9500,Josh Downs,WR,IND,24,69,171,North Carolina,2,2001-08-12,3,False,Active,,,2,WR2,121,16.0,136.4,8.53,0.0,0.0,0.0,2.0,-2.0,0.0,58.0,88.0,566.0,4.0,14.0,183.5,13.11,0.0,0.0,0.0,1.0,12.0,0.0,72.0,107.0,803.0,5.0,44,107.3,2,20,106,,91.9,122.8,,,-36
265,32,QB depth,14,7527,Mac Jones,QB,SF,27,75,220,Alabama,10,1998-09-05,5,False,Active,,,2,QB2,249,11.0,136.04,12.37,2151.0,13.0,6.0,36.0,60.0,0.0,0.0,0.0,0.0,0.0,10.0,104.08,10.41,1672.0,8.0,8.0,28.0,92.0,1.0,0.0,0.0,0.0,0.0,31,169.9,1,0,271,,,169.9,,,128
19,11,RB1,18,12507,Omarion Hampton,RB,LAC,23,72,220,North Carolina,8,2003-03-16,1,False,Active,,,1,RB1,12,9.0,135.7,15.08,0.0,0.0,0.0,124.0,545.0,4.0,32.0,35.0,192.0,1.0,0.0,0.0,0.0,0.0,0.0,0.0,0.0,0.0,0.0,0.0,0.0,0.0,0.0,35,20.8,2,1,19,,19.8,21.7,,,-125
110,44,WR depth,22,9756,Jordan Addison,WR,MIN,24,71,179,USC,3,2002-01-27,3,False,Active,Questionable,,2,WR2,98,14.0,135.1,9.65,0.0,0.0,0.0,2.0,81.0,1.0,42.0,79.0,610.0,3.0,15.0,212.5,14.17,0.0,0.0,0.0,3.0,20.0,1.0,63.0,99.0,875.0,9.0,45,112.2,2,6,110,,102.3,122.0,,,-35
160,8,K,6,5189,Eddy Pineiro,K,SF,30,71,190,Florida,18,1995-09-13,8,False,Active,,,1,K1,164,14.0,135.0,9.64,0.0,0.0,0.0,0.0,0.0,0.0,0.0,0.0,0.0,0.0,17.0,101.0,5.94,0.0,0.0,0.0,0.0,0.0,0.0,0.0,0.0,0.0,0.0,13,150.1,1,0,144,,,150.1,,,-2
367,52,QB depth,14,2307,Marcus Mariota,QB,WAS,32,76,222,Oregon,8,1993-10-30,11,False,Active,,,2,QB2,400,11.0,132.5,12.05,1695.0,10.0,7.0,50.0,297.0,1.0,0.0,0.0,0.0,0.0,3.0,45.76,15.25,364.0,4.0,0.0,18.0,92.0,1.0,0.0,0.0,0.0,0.0,32,170.0,1,0,722,,,170.0,,,575
77,35,WR3,22,8167,Christian Watson,WR,GB,27,76,215,North Dakota State,9,1999-05-12,4,False,Active,,,1,WR1,63,10.0,132.4,13.24,0.0,0.0,0.0,1.0,3.0,0.0,35.0,55.0,611.0,6.0,15.0,105.3,7.02,0.0,0.0,0.0,4.0,23.0,0.0,29.0,53.0,620.0,2.0,46,84.3,2,18,77,,68.1,100.6,,,-71
183,20,TE depth,9,12493,Oronde Gadsden,TE,LAC,23,77,236,Syracuse,86,2003-06-25,1,False,Active,,,1,TE1,83,15.0,131.4,8.76,0.0,0.0,0.0,0.0,0.0,0.0,49.0,69.0,664.0,3.0,0.0,0.0,0.0,0.0,0.0,0.0,0.0,0.0,0.0,0.0,0.0,0.0,0.0,15,162.2,2,43,186,,155.1,169.4,,,37
127,13,TE depth,10,5012,Mark Andrews,TE,BAL,30,77,250,Oklahoma,89,1995-09-06,8,False,Active,,,1,TE1,96,17.0,131.0,7.71,0.0,0.0,0.0,10.0,48.0,1.0,48.0,70.0,422.0,5.0,17.0,188.8,11.11,0.0,0.0,0.0,4.0,5.0,0.0,55.0,69.0,673.0,11.0,16,129.7,2,28,125,,136.7,122.7,,,-25
144,8,D/ST,5,NE,NE D/ST,DEF,NE,,,,,,,,False,,,,,,,17.0,130.0,7.65,0.0,0.0,0.0,0.0,0.0,0.0,0.0,0.0,0.0,0.0,17.0,70.0,4.12,0.0,0.0,0.0,0.0,0.0,0.0,0.0,0.0,0.0,0.0,10,143.9,2,6,140,,140.2,147.6,,,-11
235,18,K depth,7,7839,Evan McPherson,K,CIN,27,71,185,Florida,2,1999-07-21,5,False,Active,,,1,K1,206,17.0,130.0,7.65,0.0,0.0,0.0,0.0,0.0,0.0,0.0,0.0,0.0,0.0,12.0,87.0,7.25,0.0,0.0,0.0,0.0,0.0,0.0,0.0,0.0,0.0,0.0,14,169.3,2,21,215,,169.3,169.3,,,63
1000,57,K depth,7,3678,Wil Lutz,K,DEN,32,71,184,Georgia State,3,1994-07-07,10,False,Active,,,1,K1,177,17.0,130.0,7.65,0.0,0.0,0.0,0.0,0.0,0.0,0.0,0.0,0.0,0.0,17.0,157.0,9.24,0.0,0.0,0.0,0.0,0.0,0.0,0.0,0.0,0.0,0.0,15,171.8,2,759,644,,173.2,170.4,,,491
993,196,TE depth,10,6865,Colby Parkinson,TE,LAR,27,79,266,Stanford,84,1999-01-08,6,False,Active,,,2,TE2,136,15.0,129.8,8.65,0.0,0.0,0.0,0.0,0.0,0.0,43.0,56.0,408.0,8.0,17.0,65.4,3.85,0.0,0.0,0.0,0.0,0.0,0.0,30.0,49.0,294.0,1.0,17,171.2,1,0,1021,,,171.2,,,867
154,59,WR depth,23,12484,Jayden Higgins,WR,HOU,23,76,215,Iowa State,81,2002-12-15,1,False,Active,,,2,WR2,126,17.0,129.5,7.62,0.0,0.0,0.0,0.0,0.0,0.0,41.0,68.0,525.0,6.0,0.0,0.0,0.0,0.0,0.0,0.0,0.0,0.0,0.0,0.0,0.0,0.0,0.0,47,147.5,2,19,146,,136.3,158.7,,,-9
368,40,K depth,7,7922,Riley Patterson,K,MIA,26,72,190,Memphis,47,1999-09-07,5,False,Active,,,2,K2,241,17.0,129.0,7.59,0.0,0.0,0.0,0.0,0.0,0.0,0.0,0.0,0.0,0.0,5.0,27.0,5.4,0.0,0.0,0.0,0.0,0.0,0.0,0.0,0.0,0.0,0.0,16,170.0,1,0,693,,,170.0,,,537
137,41,RB depth,19,8408,Jordan Mason,RB,MIN,27,71,230,Georgia Tech,27,1999-05-24,4,False,Active,,,2,RB2,112,16.0,128.9,8.06,0.0,0.0,0.0,159.0,758.0,6.0,14.0,16.0,51.0,0.0,12.0,115.0,9.58,0.0,0.0,0.0,153.0,789.0,3.0,11.0,14.0,91.0,0.0,36,139.3,2,27,136,,122.5,156.2,,,-21
61,27,WR3,23,12519,Luther Burden,WR,CHI,22,72,210,Missouri,10,2003-12-12,1,False,Active,,,2,WR2,40,15.0,127.9,8.53,0.0,0.0,0.0,6.0,37.0,0.0,47.0,60.0,652.0,2.0,0.0,0.0,0.0,0.0,0.0,0.0,0.0,0.0,0.0,0.0,0.0,0.0,0.0,48,64.8,2,11,59,,53.3,76.2,,,-99
978,191,TE depth,11,11597,Theo Johnson,TE,NYG,25,78,264,Penn State,84,2001-02-26,2,False,Active,,,2,TE2,144,15.0,127.8,8.52,0.0,0.0,0.0,0.0,0.0,0.0,45.0,74.0,528.0,5.0,12.0,68.1,5.67,0.0,0.0,0.0,0.0,0.0,0.0,29.0,43.0,331.0,1.0,18,170.4,1,0,1011,,,170.4,,,852
71,33,WR3,23,11628,Marvin Harrison,WR,ARI,23,75,220,Ohio State,18,2002-08-11,2,False,Active,,,1,WR1,76,12.0,127.8,10.65,0.0,0.0,0.0,0.0,0.0,0.0,41.0,73.0,608.0,4.0,17.0,196.5,11.56,0.0,0.0,0.0,0.0,0.0,0.0,62.0,116.0,885.0,8.0,49,77.3,2,14,71,,63.4,91.2,,,-89
35,16,RB2,19,12481,Cam Skattebo,RB,NYG,24,71,215,Arizona State,44,2002-02-05,1,False,Active,,,1,RB1,39,8.0,127.7,15.96,0.0,0.0,0.0,101.0,410.0,5.0,24.0,32.0,207.0,2.0,0.0,0.0,0.0,0.0,0.0,0.0,0.0,0.0,0.0,0.0,0.0,0.0,0.0,37,36.6,2,6,35,,30.7,42.5,,,-126
170,12,D/ST,6,ATL,ATL D/ST,DEF,ATL,,,,,,,,False,,,,,,,17.0,127.0,7.47,0.0,0.0,0.0,0.0,0.0,0.0,0.0,0.0,0.0,0.0,17.0,105.0,6.18,0.0,0.0,0.0,0.0,0.0,0.0,0.0,0.0,0.0,0.0,11,156.8,2,844,582,,143.1,170.5,,,420
369,41,K depth,8,6528,Joey Slye,K,TEN,30,71,228,Virginia Tech,6,1996-04-10,7,False,Active,,,1,K1,325,16.0,127.0,7.94,0.0,0.0,0.0,0.0,0.0,0.0,0.0,0.0,0.0,0.0,17.0,112.0,6.59,0.0,0.0,0.0,0.0,0.0,0.0,0.0,0.0,0.0,0.0,18,170.0,1,0,352,,,170.0,,,189
173,10,K,7,2020,Cairo Santos,K,CHI,34,68,173,Tulane,8,1991-11-12,12,False,Active,,,1,K1,190,15.0,127.0,8.47,0.0,0.0,0.0,0.0,0.0,0.0,0.0,0.0,0.0,0.0,17.0,104.0,6.12,0.0,0.0,0.0,0.0,0.0,0.0,0.0,0.0,0.0,0.0,17,159.8,2,9,166,,152.7,166.9,,,2
370,52,TE depth,11,1339,Zach Ertz,TE,FA,35,77,250,Stanford,86,1990-11-10,13,False,Active,,,,,275,13.0,126.4,9.72,0.0,0.0,0.0,0.0,0.0,0.0,50.0,72.0,504.0,4.0,17.0,177.4,10.44,0.0,0.0,0.0,0.0,0.0,0.0,66.0,91.0,654.0,7.0,19,170.0,1,0,820,,,170.0,,,655
991,358,WR depth,24,12540,Chimere Dike,WR,TEN,24,73,196,Florida,17,2001-12-14,1,False,Active,,,5,WR5,175,17.0,126.1,7.42,0.0,0.0,0.0,11.0,18.0,0.0,48.0,74.0,423.0,4.0,0.0,0.0,0.0,0.0,0.0,0.0,0.0,0.0,0.0,0.0,0.0,0.0,0.0,50,171.1,1,0,1020,,,171.1,,,854
147,16,TE depth,11,10236,Dalton Kincaid,TE,BUF,26,75,246,Utah,86,1999-10-18,3,False,Active,,,1,TE1,81,12.0,126.1,10.51,0.0,0.0,0.0,0.0,0.0,0.0,39.0,49.0,571.0,5.0,13.0,100.8,7.75,0.0,0.0,0.0,0.0,0.0,0.0,44.0,75.0,448.0,2.0,20,145.1,2,33,147,,153.7,136.5,,,-20
236,19,K depth,8,650,Nick Folk,K,ATL,41,73,225,Arizona,6,1984-11-05,19,False,Active,,,1,K1,249,16.0,126.0,7.88,0.0,0.0,0.0,0.0,0.0,0.0,0.0,0.0,0.0,0.0,14.0,107.0,7.64,0.0,0.0,0.0,0.0,0.0,0.0,0.0,0.0,0.0,0.0,19,169.3,2,736,609,,168.6,170.1,,,441
88,31,RB depth,20,7594,Chuba Hubbard,RB,CAR,27,73,210,Oklahoma State,30,1999-06-11,5,False,Active,,,1,RB1,66,15.0,125.4,8.36,0.0,0.0,0.0,134.0,511.0,1.0,30.0,39.0,223.0,3.0,15.0,241.6,16.11,0.0,0.0,0.0,250.0,1195.0,10.0,43.0,54.0,171.0,1.0,38,93.8,2,28,89,,74.6,113.1,,,-80
244,84,WR depth,24,9504,Kayshon Boutte,WR,NE,24,71,203,LSU,9,2002-05-07,3,False,Active,,,3,WR3,164,14.0,124.1,8.86,0.0,0.0,0.0,0.0,0.0,0.0,33.0,46.0,551.0,6.0,15.0,121.9,8.13,0.0,0.0,0.0,0.0,0.0,0.0,43.0,68.0,589.0,3.0,51,169.6,2,782,642,,168.4,170.7,,,472
987,28,DEF depth,7,NO,NO D/ST,DEF,NO,,,,,,,,False,,,,,,,17.0,124.0,7.29,0.0,0.0,0.0,0.0,0.0,0.0,0.0,0.0,0.0,0.0,17.0,104.0,6.12,0.0,0.0,0.0,0.0,0.0,0.0,0.0,0.0,0.0,0.0,12,170.9,2,700,590,,171.8,170.1,,,419
210,23,TE depth,12,8210,Chig Okonkwo,TE,WAS,26,75,238,Maryland,85,1999-09-08,4,False,Active,,,1,TE1,137,17.0,124.0,7.29,0.0,0.0,0.0,0.0,0.0,0.0,56.0,79.0,560.0,2.0,17.0,113.6,6.68,0.0,0.0,0.0,1.0,17.0,0.0,52.0,70.0,479.0,2.0,21,166.1,2,15,197,,163.7,168.5,,,25
371,53,QB depth,14,11559,Michael Penix,QB,ATL,26,75,220,Washington,9,2000-05-08,2,False,Active,Questionable,Surgery,2,QB2,199,9.0,123.28,13.7,1982.0,9.0,3.0,21.0,70.0,1.0,0.0,0.0,0.0,0.0,5.0,47.1,9.42,775.0,3.0,3.0,7.0,11.0,1.0,0.0,0.0,0.0,0.0,33,170.0,1,0,347,,,170.0,,,174
206,57,RB depth,21,8132,Tyler Allgeier,RB,ARI,26,70,225,BYU,22,2000-04-15,4,False,Active,,,2,RB2,89,17.0,123.0,7.24,0.0,0.0,0.0,143.0,514.0,8.0,14.0,16.0,96.0,0.0,17.0,106.2,6.25,0.0,0.0,0.0,137.0,644.0,3.0,13.0,13.0,88.0,0.0,39,165.7,2,11,206,,162.0,169.4,,,32
981,192,TE depth,12,8111,Cade Otton,TE,TB,27,77,247,Washington,88,1999-04-15,4,False,Active,,,1,TE1,148,16.0,122.2,7.64,0.0,0.0,0.0,0.0,0.0,0.0,59.0,81.0,572.0,1.0,14.0,140.6,10.04,0.0,0.0,0.0,1.0,-4.0,0.0,59.0,87.0,600.0,4.0,22,170.6,1,0,1013,,,170.6,,,838
128,40,RB depth,21,11586,Blake Corum,RB,LAR,25,68,202,Michigan,24,2000-11-25,2,False,Active,,,2,RB2,68,17.0,122.2,7.19,0.0,0.0,0.0,145.0,746.0,6.0,8.0,14.0,36.0,0.0,17.0,33.5,1.97,0.0,0.0,0.0,58.0,207.0,0.0,7.0,8.0,58.0,0.0,40,129.8,2,7,128,,120.7,139.0,,,-48
266,31,K depth,9,10955,Chad Ryland,K,ARI,26,72,195,Maryland,38,1999-10-15,3,False,Active,,,1,K1,324,17.0,122.0,7.18,0.0,0.0,0.0,0.0,0.0,0.0,0.0,0.0,0.0,0.0,13.0,120.0,9.23,0.0,0.0,0.0,0.0,0.0,0.0,0.0,0.0,0.0,0.0,20,169.9,1,0,258,,,169.9,,,81
961,56,K depth,9,11058,Blake Grupe,K,IND,27,67,156,Notre Dame,10,1998-11-05,3,False,Active,,,1,K1,999,16.0,121.0,7.56,0.0,0.0,0.0,0.0,0.0,0.0,0.0,0.0,0.0,0.0,17.0,125.0,7.35,0.0,0.0,0.0,0.0,0.0,0.0,0.0,0.0,0.0,0.0,21,170.2,1,0,997,,,170.2,,,819
221,19,DEF depth,8,BUF,BUF D/ST,DEF,BUF,,,,,,,,False,,,,,,,17.0,121.0,7.12,0.0,0.0,0.0,0.0,0.0,0.0,0.0,0.0,0.0,0.0,17.0,146.0,8.59,0.0,0.0,0.0,0.0,0.0,0.0,0.0,0.0,0.0,0.0,13,167.6,2,15,209,,166.0,169.1,,,30
155,60,WR depth,25,6783,Jerry Jeudy,WR,CLE,27,73,195,Alabama,3,1999-04-24,6,False,Active,,,1,WR1,160,17.0,120.7,7.1,0.0,0.0,0.0,1.0,5.0,0.0,50.0,106.0,602.0,2.0,17.0,240.9,14.17,0.0,0.0,0.0,0.0,0.0,0.0,90.0,145.0,1229.0,4.0,52,147.9,2,25,148,,134.5,161.3,,,-32
1002,30,DEF depth,8,CHI,CHI D/ST,DEF,CHI,,,,,,,,False,,,,,,,17.0,120.0,7.06,0.0,0.0,0.0,0.0,0.0,0.0,0.0,0.0,0.0,0.0,17.0,130.0,7.65,0.0,0.0,0.0,0.0,0.0,0.0,0.0,0.0,0.0,0.0,14,172.2,2,25,230,,174.9,169.5,,,49
100,33,RB depth,21,4199,Aaron Jones,RB,MIN,31,70,208,UTEP,33,1994-12-02,9,False,Active,,,1,RB1,85,12.0,118.7,9.89,0.0,0.0,0.0,132.0,548.0,2.0,28.0,41.0,199.0,1.0,17.0,241.6,14.21,0.0,0.0,0.0,255.0,1138.0,5.0,51.0,62.0,408.0,2.0,41,105.9,2,22,100,,89.8,122.1,,,-82
207,22,TE depth,12,9480,Brenton Strange,TE,JAX,25,76,253,Penn State,85,2000-12-27,3,False,Active,,,1,TE1,104,12.0,118.0,9.83,0.0,0.0,0.0,0.0,0.0,0.0,46.0,60.0,540.0,3.0,17.0,91.1,5.36,0.0,0.0,0.0,0.0,0.0,0.0,40.0,53.0,411.0,2.0,23,165.9,2,36,192,,164.7,167.1,,,9
937,203,RB depth,22,11647,Kimani Vidal,RB,LAC,24,68,215,Troy,28,2001-08-28,2,False,Active,,,3,RB3,141,13.0,117.9,9.07,0.0,0.0,0.0,155.0,643.0,3.0,16.0,22.0,136.0,1.0,10.0,32.7,3.27,0.0,0.0,0.0,43.0,155.0,0.0,5.0,9.0,62.0,1.0,42,170.1,2,757,634,,169.9,170.3,,,450
194,73,WR depth,25,4039,Cooper Kupp,WR,SEA,33,73,205,Eastern Washington,10,1993-06-15,9,False,Active,,,3,WR3,206,16.0,117.3,7.33,0.0,0.0,1.0,0.0,0.0,0.0,47.0,70.0,593.0,2.0,12.0,175.0,14.58,0.0,0.0,0.0,2.0,10.0,0.0,67.0,100.0,710.0,6.0,53,164.0,2,15,188,,159.0,169.0,,,3
57,5,QB,14,11566,Jayden Daniels,QB,WAS,25,76,210,LSU,5,2000-12-18,2,False,Active,,,1,QB1,9,7.0,117.28,16.75,1262.0,8.0,3.0,58.0,278.0,2.0,0.0,0.0,0.0,0.0,17.0,364.82,21.46,3568.0,25.0,9.0,148.0,891.0,6.0,0.0,0.0,0.0,0.0,34,61.7,2,26,58,,71.5,51.9,,,-128
99,10,TE,12,9484,Tucker Kraft,TE,GB,25,77,259,South Dakota State,85,2000-11-03,3,False,Active,Questionable,Surgery,1,TE1,67,8.0,117.2,14.65,0.0,0.0,0.0,1.0,3.0,0.0,32.0,44.0,489.0,6.0,17.0,163.3,9.61,0.0,0.0,0.0,3.0,6.0,0.0,50.0,70.0,707.0,7.0,24,105.8,2,29,99,,112.4,99.3,,,-88
188,70,WR depth,26,11610,Malik Washington,WR,MIA,25,68,195,Virginia,6,2001-01-04,2,False,Active,,,2,WR2,999,17.0,116.7,6.86,0.0,0.0,0.0,17.0,110.0,1.0,46.0,65.0,317.0,3.0,14.0,54.8,3.91,0.0,0.0,0.0,5.0,25.0,1.0,26.0,36.0,223.0,0.0,54,163.1,2,783,569,,156.2,170.1,,,381
372,128,WR depth,26,12499,Elic Ayomanor,WR,TEN,23,74,206,Stanford,5,2003-06-03,1,False,Active,Questionable,,4,WR4,185,16.0,116.5,7.28,0.0,0.0,0.0,0.0,0.0,0.0,41.0,89.0,515.0,4.0,0.0,0.0,0.0,0.0,0.0,0.0,0.0,0.0,0.0,0.0,0.0,0.0,0.0,55,170.0,1,0,726,,,170.0,,,537
103,35,RB depth,22,6806,J.K. Dobbins,RB,DEN,27,70,212,Ohio State,27,1998-12-17,6,False,Active,,,1,RB1,75,10.0,115.9,11.59,0.0,0.0,0.0,153.0,772.0,4.0,11.0,14.0,37.0,0.0,13.0,191.8,14.75,0.0,0.0,0.0,195.0,905.0,9.0,32.0,38.0,153.0,0.0,43,106.9,2,21,105,,91.1,122.8,,,-85
48,22,WR2,26,5927,Terry McLaurin,WR,WAS,30,72,210,Ohio State,17,1995-09-15,7,False,Active,,,1,WR1,45,10.0,114.2,11.42,0.0,0.0,0.0,0.0,0.0,0.0,38.0,60.0,582.0,3.0,17.0,267.8,15.75,0.0,0.0,0.0,2.0,2.0,0.0,82.0,117.0,1096.0,13.0,56,52.0,2,10,48,,42.6,61.3,,,-143
167,11,D/ST,9,LAC,LAC D/ST,DEF,LAC,,,,,,,,False,,,,,,,17.0,114.0,6.71,0.0,0.0,0.0,0.0,0.0,0.0,0.0,0.0,0.0,0.0,17.0,129.0,7.59,0.0,0.0,0.0,0.0,0.0,0.0,0.0,0.0,0.0,0.0,15,153.8,2,6,160,,145.2,162.4,,,-32
373,129,WR depth,27,11783,Ryan Flournoy,WR,DAL,26,73,205,Southeast Missouri State,19,1999-10-27,2,False,Active,,,3,WR3,199,16.0,114.0,7.12,0.0,0.0,0.0,4.0,25.0,0.0,40.0,56.0,475.0,4.0,11.0,18.2,1.65,0.0,0.0,0.0,0.0,0.0,0.0,10.0,14.0,102.0,0.0,57,170.0,1,0,434,,,170.0,,,241
230,26,TE depth,13,7600,Pat Freiermuth,TE,PIT,27,77,258,Penn State,88,1998-10-25,5,False,Active,,,1,TE1,999,17.0,113.6,6.68,0.0,0.0,0.0,0.0,0.0,0.0,41.0,54.0,486.0,4.0,17.0,168.3,9.9,0.0,0.0,0.0,0.0,0.0,0.0,65.0,78.0,653.0,7.0,25,169.0,1,0,194,,,169.0,,,0
267,87,WR depth,27,4177,Mack Hollins,WR,NE,32,76,221,North Carolina,13,1993-09-16,9,False,Active,,,5,WR5,999,15.0,113.4,7.56,0.0,0.0,0.0,1.0,4.0,0.0,46.0,65.0,550.0,2.0,17.0,99.8,5.87,0.0,0.0,0.0,0.0,0.0,0.0,31.0,50.0,378.0,5.0,58,169.9,1,0,289,,,169.9,,,94
143,15,TE depth,13,5844,T.J. Hockenson,TE,MIN,29,77,248,Iowa,87,1997-07-03,7,False,Active,,,1,TE1,128,15.0,112.8,7.52,0.0,0.0,0.0,1.0,0.0,0.0,51.0,66.0,438.0,3.0,10.0,86.5,8.65,0.0,0.0,0.0,0.0,0.0,0.0,41.0,62.0,455.0,0.0,26,143.8,2,44,142,,154.5,133.1,,,-54
152,45,RB depth,23,9508,Tyjae Spears,RB,TEN,25,71,200,Tulane,2,2001-06-15,3,False,Active,,,2,RB2,122,13.0,111.7,8.59,0.0,0.0,0.0,72.0,283.0,2.0,45.0,50.0,264.0,0.0,12.0,113.6,9.47,0.0,0.0,0.0,84.0,312.0,4.0,30.0,35.0,224.0,1.0,44,146.4,2,65,162,,124.3,168.6,,,-35
136,7,D/ST,10,DET,DET D/ST,DEF,DET,,,,,,,,False,,,,,,,17.0,110.0,6.47,0.0,0.0,0.0,0.0,0.0,0.0,0.0,0.0,0.0,0.0,17.0,130.0,7.65,0.0,0.0,0.0,0.0,0.0,0.0,0.0,0.0,0.0,0.0,16,139.2,2,19,134,,126.7,151.6,,,-64
119,51,WR depth,27,11624,Xavier Worthy,WR,KC,23,71,165,Texas,1,2003-04-27,2,False,Active,Questionable,,2,WR2,120,14.0,109.9,7.85,0.0,0.0,0.0,11.0,87.0,0.0,42.0,73.0,532.0,1.0,17.0,187.2,11.01,0.0,0.0,0.0,20.0,104.0,3.0,59.0,98.0,638.0,6.0,59,119.3,2,19,118,,104.2,134.4,,,-81
938,204,RB depth,24,6130,Devin Singletary,RB,NYG,28,67,203,Florida Atlantic,26,1997-09-03,7,False,Active,,,3,RB3,999,17.0,108.8,6.4,0.0,0.0,0.0,119.0,437.0,5.0,18.0,19.0,151.0,0.0,15.0,96.6,6.44,0.0,0.0,0.0,113.0,437.0,4.0,21.0,24.0,119.0,0.0,45,170.1,1,0,977,,,170.1,,,777
374,54,QB depth,15,1166,Kirk Cousins,QB,LV,37,75,209,Michigan State,8,1988-08-19,14,False,Active,,,2,QB2,368,10.0,108.54,10.85,1721.0,10.0,5.0,14.0,7.0,1.0,0.0,0.0,0.0,0.0,14.0,192.32,13.74,3508.0,18.0,16.0,23.0,0.0,0.0,0.0,0.0,0.0,0.0,35,170.0,1,0,966,,,170.0,,,765
253,26,K depth,10,11261,Andre Szmyt,K,CLE,27,72,200,Syracuse,25,1998-09-26,4,False,Active,,,1,K1,319,17.0,108.0,6.35,0.0,0.0,0.0,0.0,0.0,0.0,0.0,0.0,0.0,0.0,0.0,0.0,0.0,0.0,0.0,0.0,0.0,0.0,0.0,0.0,0.0,0.0,0.0,22,169.8,1,0,240,,,169.8,,,38
229,16,K depth,10,4195,Jake Elliott,K,PHI,31,69,167,Memphis,4,1995-01-21,9,False,Active,,,1,K1,221,17.0,108.0,6.35,0.0,0.0,0.0,0.0,0.0,0.0,0.0,0.0,0.0,0.0,17.0,132.0,7.76,0.0,0.0,0.0,0.0,0.0,0.0,0.0,0.0,0.0,0.0,23,168.8,1,0,193,,,168.8,,,-10
73,6,TE,13,10859,Sam LaPorta,TE,DET,25,75,245,Iowa,87,2001-01-12,3,False,Active,,,1,TE1,76,9.0,106.9,11.88,0.0,0.0,0.0,0.0,0.0,0.0,40.0,49.0,489.0,3.0,16.0,174.6,10.91,0.0,0.0,0.0,0.0,0.0,0.0,60.0,83.0,726.0,7.0,27,77.5,2,32,73,,87.5,67.4,,,-131
161,10,D/ST,11,BAL,BAL D/ST,DEF,BAL,,,,,,,,False,,,,,,,17.0,106.0,6.24,0.0,0.0,0.0,0.0,0.0,0.0,0.0,0.0,0.0,0.0,17.0,129.0,7.59,0.0,0.0,0.0,0.0,0.0,0.0,0.0,0.0,0.0,0.0,17,150.7,2,101,170,,168.5,132.9,,,-35
375,42,K depth,10,1433,Brandon McManus,K,FA,34,75,201,Temple,17,1991-07-25,13,False,Active,,,,K1,999,14.0,106.0,7.57,0.0,0.0,0.0,0.0,0.0,0.0,0.0,0.0,0.0,0.0,11.0,98.0,8.91,0.0,0.0,0.0,0.0,0.0,0.0,0.0,0.0,0.0,0.0,24,170.0,1,0,681,,,170.0,,,475
962,27,DEF depth,11,IND,IND D/ST,DEF,IND,,,,,,,,False,,,,,,,17.0,105.0,6.18,0.0,0.0,0.0,0.0,0.0,0.0,0.0,0.0,0.0,0.0,17.0,106.0,6.24,0.0,0.0,0.0,0.0,0.0,0.0,0.0,0.0,0.0,0.0,18,170.2,1,0,994,,,170.2,,,787
247,24,DEF depth,11,CAR,CAR D/ST,DEF,CAR,,,,,,,,False,,,,,,,17.0,105.0,6.18,0.0,0.0,0.0,0.0,0.0,0.0,0.0,0.0,0.0,0.0,17.0,47.0,2.76,0.0,0.0,0.0,0.0,0.0,0.0,0.0,0.0,0.0,0.0,19,169.7,1,0,224,,,169.7,,,16
376,55,QB depth,15,11562,Spencer Rattler,QB,NO,25,72,211,South Carolina,2,2000-09-28,2,False,Active,,,2,QB2,999,9.0,104.14,11.57,1586.0,8.0,5.0,31.0,167.0,0.0,1.0,2.0,0.0,0.0,7.0,72.28,10.33,1317.0,4.0,5.0,18.0,146.0,0.0,0.0,0.0,0.0,0.0,36,170.0,1,0,362,,,170.0,,,153
237,22,DEF depth,11,TB,TB D/ST,DEF,TB,,,,,,,,False,,,,,,,17.0,104.0,6.12,0.0,0.0,0.0,0.0,0.0,0.0,0.0,0.0,0.0,0.0,17.0,112.0,6.59,0.0,0.0,0.0,0.0,0.0,0.0,0.0,0.0,0.0,0.0,20,169.4,1,0,208,,,169.4,,,-2
254,29,TE depth,14,5906,Dawson Knox,TE,BUF,29,76,254,Ole Miss,88,1996-11-14,7,False,Active,,,2,TE2,999,17.0,103.7,6.1,0.0,0.0,0.0,0.0,0.0,0.0,36.0,49.0,417.0,4.0,16.0,59.1,3.69,0.0,0.0,0.0,0.0,0.0,0.0,22.0,33.0,311.0,1.0,28,169.8,1,0,235,,,169.8,,,24
255,27,K depth,12,12961,Ryan Fitzgerald,K,CAR,25,71,193,Florida State,10,2000-08-13,1,False,Active,,,1,K1,327,17.0,103.0,6.06,0.0,0.0,0.0,0.0,0.0,0.0,0.0,0.0,0.0,0.0,0.0,0.0,0.0,0.0,0.0,0.0,0.0,0.0,0.0,0.0,0.0,0.0,0.0,26,169.8,1,0,238,,,169.8,,,26
268,32,K depth,11,17,Matt Prater,K,FA,41,70,175,UCF,15,1984-08-10,20,False,Active,,,,K1,999,15.0,103.0,6.87,0.0,0.0,0.0,0.0,0.0,0.0,0.0,0.0,0.0,0.0,4.0,33.0,8.25,0.0,0.0,0.0,0.0,0.0,0.0,0.0,0.0,0.0,0.0,25,169.9,1,0,249,,,169.9,,,36
982,193,TE depth,14,4066,Evan Engram,TE,DEN,31,75,240,Ole Miss,1,1994-09-02,9,False,Active,,,1,TE1,999,16.0,102.8,6.42,0.0,0.0,0.0,1.0,7.0,0.0,50.0,76.0,461.0,1.0,9.0,89.5,9.94,0.0,0.0,0.0,0.0,0.0,0.0,47.0,64.0,365.0,1.0,29,170.6,1,0,1014,,,170.6,,,800
939,343,WR depth,27,11637,Keon Coleman,WR,BUF,23,75,213,Florida State,0,2003-05-17,2,False,Active,,,3,WR3,206,13.0,102.4,7.88,0.0,0.0,0.0,0.0,0.0,0.0,38.0,59.0,404.0,4.0,13.0,111.5,8.58,0.0,0.0,0.0,1.0,9.0,0.0,29.0,57.0,556.0,4.0,60,170.1,1,0,991,,,170.1,,,776
195,74,WR depth,28,8180,Jalen Nailor,WR,LV,27,72,190,Michigan State,9,1999-03-02,4,False,Active,,,2,WR2,167,17.0,100.7,5.92,0.0,0.0,0.0,2.0,13.0,0.0,29.0,53.0,444.0,4.0,17.0,104.0,6.12,0.0,0.0,0.0,3.0,-4.0,0.0,28.0,42.0,414.0,6.0,61,164.4,2,41,205,,159.1,169.7,,,-11
148,43,RB depth,24,4035,Alvin Kamara,RB,NO,31,70,215,Tennessee,41,1995-07-25,9,False,Active,,,2,RB2,119,11.0,100.7,9.15,0.0,0.0,0.0,131.0,471.0,1.0,33.0,39.0,186.0,0.0,14.0,265.3,18.95,0.0,0.0,0.0,228.0,950.0,6.0,68.0,89.0,543.0,2.0,46,145.1,2,20,141,,133.7,156.5,,,-76
1009,230,RB depth,25,6039,Ty Johnson,RB,BUF,28,70,210,Maryland,26,1997-09-17,7,False,Active,,,2,RB2,999,17.0,100.3,5.9,0.0,0.0,0.0,50.0,200.0,3.0,24.0,33.0,263.0,2.0,17.0,91.7,5.39,0.0,0.0,0.0,41.0,213.0,1.0,18.0,25.0,284.0,3.0,47,173.2,2,737,641,,176.1,170.3,,,423
1011,32,DEF depth,12,MIA,MIA D/ST,DEF,MIA,,,,,,,,False,,,,,,,17.0,100.0,5.88,0.0,0.0,0.0,0.0,0.0,0.0,0.0,0.0,0.0,0.0,17.0,86.0,5.06,0.0,0.0,0.0,0.0,0.0,0.0,0.0,0.0,0.0,0.0,21,176.6,2,34,234,,183.7,169.5,,,15
29,13,WR2,28,8146,Garrett Wilson,WR,NYJ,26,72,183,Ohio State,5,2000-07-22,4,False,Active,,,1,WR1,38,7.0,99.5,14.21,0.0,0.0,0.0,0.0,0.0,0.0,36.0,59.0,395.0,4.0,17.0,251.9,14.82,0.0,0.0,0.0,2.0,5.0,0.0,101.0,154.0,1104.0,7.0,62,32.0,2,1,29,,28.3,35.8,,,-191
377,73,RB depth,25,7607,Michael Carter,RB,TEN,27,68,201,North Carolina,35,1999-05-07,5,False,Active,,,4,RB4,999,13.0,99.0,7.62,0.0,0.0,0.0,92.0,333.0,1.0,33.0,45.0,267.0,0.0,3.0,35.8,11.93,0.0,0.0,0.0,35.0,131.0,1.0,11.0,11.0,57.0,0.0,48,170.0,1,0,739,,,170.0,,,518
940,344,WR depth,29,6149,Darius Slayton,WR,NYG,29,73,198,Auburn,18,1997-01-12,7,False,Active,,,3,WR3,999,14.0,98.8,7.06,0.0,0.0,0.0,0.0,0.0,0.0,37.0,63.0,538.0,1.0,16.0,110.0,6.88,0.0,0.0,0.0,2.0,17.0,0.0,39.0,71.0,573.0,2.0,63,170.1,1,0,989,,,170.1,,,767
378,130,WR depth,30,10218,Xavier Hutchinson,WR,HOU,26,75,210,Iowa State,19,2000-06-01,3,False,Active,,,5,WR5,999,17.0,98.0,5.76,0.0,0.0,0.0,3.0,22.0,0.0,35.0,57.0,428.0,3.0,16.0,23.7,1.48,0.0,0.0,0.0,0.0,0.0,0.0,12.0,26.0,117.0,0.0,64,170.0,1,0,435,,,170.0,,,212
379,43,K depth,13,5095,Daniel Carlson,K,FA,31,77,215,Auburn,8,1995-01-23,8,False,Active,,,,K1,999,17.0,97.0,5.71,0.0,0.0,0.0,0.0,0.0,0.0,0.0,0.0,0.0,0.0,17.0,137.0,8.06,0.0,0.0,0.0,0.0,0.0,0.0,0.0,0.0,0.0,0.0,27,170.0,1,0,817,,,170.0,,,593
269,88,WR depth,30,9501,DeMario Douglas,WR,NE,25,68,185,Liberty,3,2000-12-08,3,False,Active,,,4,WR4,999,17.0,95.8,5.64,0.0,0.0,0.0,7.0,21.0,0.0,31.0,46.0,447.0,3.0,17.0,147.7,8.69,0.0,0.0,0.0,3.0,16.0,0.0,66.0,87.0,621.0,3.0,65,169.9,1,0,275,,,169.9,,,50
232,26,QB depth,15,12524,Shedeur Sanders,QB,CLE,24,74,212,Colorado,2,2002-02-07,1,False,Active,,,1,QB1,222,8.0,94.9,11.86,1400.0,7.0,10.0,21.0,169.0,1.0,0.0,0.0,0.0,0.0,0.0,0.0,0.0,0.0,0.0,0.0,0.0,0.0,0.0,0.0,0.0,0.0,0.0,37,169.2,1,0,200,,,169.2,,,-26
970,222,RB depth,26,11435,Emanuel Wilson,RB,SEA,27,70,226,Fort Valley State,27,1999-05-08,3,False,Active,,,3,RB3,161,17.0,94.5,5.56,0.0,0.0,0.0,125.0,496.0,3.0,15.0,17.0,99.0,0.0,17.0,96.0,5.65,0.0,0.0,0.0,103.0,502.0,4.0,11.0,14.0,48.0,1.0,49,170.3,1,0,1009,,,170.3,,,782
989,195,TE depth,15,8698,Jake Tonges,TE,SF,27,76,240,California,88,1999-07-08,4,False,Active,,,2,TE2,178,17.0,94.3,5.55,0.0,0.0,0.0,0.0,0.0,0.0,34.0,46.0,293.0,5.0,16.0,0.0,0.0,0.0,0.0,0.0,0.0,0.0,0.0,0.0,0.0,0.0,0.0,30,171.0,1,0,1019,,,171.0,,,791
941,345,WR depth,30,9494,Marvin Mims,WR,DEN,24,71,182,Oklahoma,19,2002-03-19,3,False,Active,,,5,WR5,192,15.0,93.0,6.2,0.0,0.0,0.0,12.0,78.0,1.0,37.0,51.0,322.0,1.0,17.0,129.5,7.62,0.0,0.0,0.0,13.0,42.0,0.0,39.0,52.0,503.0,6.0,66,170.1,1,0,975,,,170.1,,,746
231,50,RB bench,26,8122,Zonovan Knight,RB,ARI,25,71,210,North Carolina State,20,2001-04-11,4,False,Active,,,4,RB4,999,12.0,92.9,7.74,0.0,0.0,0.0,82.0,269.0,4.0,22.0,31.0,160.0,1.0,0.0,0.0,0.0,0.0,0.0,0.0,0.0,0.0,0.0,0.0,0.0,0.0,0.0,50,,0,,,,,,,,
270,89,WR depth,31,12485,Tez Johnson,WR,TB,24,70,165,Oregon,15,2002-05-18,1,False,Active,Questionable,Strain,7,WR7,999,16.0,92.4,5.78,0.0,0.0,0.0,7.0,22.0,0.0,28.0,44.0,322.0,5.0,0.0,0.0,0.0,0.0,0.0,0.0,0.0,0.0,0.0,0.0,0.0,0.0,0.0,67,169.9,1,0,291,,,169.9,,,61
380,131,WR depth,31,4454,Kendrick Bourne,WR,ARI,31,73,205,Eastern Washington,17,1995-08-04,9,False,Active,,,3,WR3,999,16.0,92.1,5.76,0.0,0.0,0.0,0.0,0.0,0.0,37.0,53.0,551.0,0.0,12.0,65.1,5.42,0.0,0.0,0.0,1.0,6.0,0.0,28.0,38.0,305.0,1.0,68,170.0,1,0,526,,,170.0,,,295
271,33,K depth,13,4233,Zane Gonzalez,K,MIA,31,72,202,Arizona State,45,1995-05-07,9,False,Active,,,1,K1,999,9.0,92.0,10.22,0.0,0.0,0.0,0.0,0.0,0.0,0.0,0.0,0.0,0.0,6.0,36.0,6.0,0.0,0.0,0.0,0.0,0.0,0.0,0.0,0.0,0.0,0.0,28,169.9,1,0,274,,,169.9,,,42
196,52,RB depth,27,10219,Chris Rodriguez,RB,JAX,26,71,224,Kentucky,24,1999-09-26,3,False,Active,,,2,RB2,141,13.0,92.0,7.08,0.0,0.0,0.0,112.0,500.0,6.0,3.0,4.0,30.0,0.0,9.0,31.5,3.5,0.0,0.0,0.0,35.0,173.0,2.0,1.0,1.0,12.0,0.0,51,164.4,2,13,191,,159.8,169.1,,,-42
963,190,TE depth,15,12502,Gunnar Helm,TE,TEN,23,77,241,Texas,84,2002-09-06,1,False,Active,,,1,TE1,153,16.0,91.7,5.73,0.0,0.0,0.0,0.0,0.0,0.0,44.0,55.0,357.0,2.0,0.0,0.0,0.0,0.0,0.0,0.0,0.0,0.0,0.0,0.0,0.0,0.0,0.0,31,170.2,1,0,992,,,170.2,,,758
964,217,RB depth,28,9506,Sean Tucker,RB,TB,24,70,205,Syracuse,44,2001-10-25,3,False,Active,,,3,RB3,155,17.0,91.4,5.38,0.0,0.0,0.0,86.0,320.0,7.0,8.0,11.0,34.0,1.0,17.0,68.7,4.04,0.0,0.0,0.0,50.0,308.0,2.0,9.0,12.0,109.0,1.0,52,170.2,1,0,1000,,,170.2,,,765
181,13,DEF depth,13,KC,KC D/ST,DEF,KC,,,,,,,,False,,,,,,,17.0,91.0,5.35,0.0,0.0,0.0,0.0,0.0,0.0,0.0,0.0,0.0,0.0,17.0,111.0,6.53,0.0,0.0,0.0,0.0,0.0,0.0,0.0,0.0,0.0,0.0,22,162.1,1,0,164,,,162.1,,,-72
142,58,WR depth,31,11646,Jalen Coker,WR,CAR,24,75,213,Holy Cross,18,2001-10-30,2,False,Active,,,3,WR3,132,11.0,90.4,8.22,0.0,0.0,0.0,0.0,0.0,0.0,33.0,43.0,394.0,3.0,11.0,92.56,8.41,19.0,0.0,0.0,0.0,0.0,0.0,32.0,46.0,478.0,2.0,69,142.9,2,30,139,,126.3,159.5,,,-98
199,15,DEF depth,13,TEN,TEN D/ST,DEF,TEN,,,,,,,,False,,,,,,,17.0,90.0,5.29,0.0,0.0,0.0,0.0,0.0,0.0,0.0,0.0,0.0,0.0,17.0,73.0,4.29,0.0,0.0,0.0,0.0,0.0,0.0,0.0,0.0,0.0,0.0,23,164.9,2,70,222,,159.8,169.9,,,-16
971,352,WR depth,32,10226,Andrei Iosivas,WR,CIN,26,75,210,Princeton,80,1999-10-15,3,False,Active,,,3,WR3,999,17.0,89.9,5.29,0.0,0.0,0.0,3.0,14.0,0.0,33.0,58.0,435.0,2.0,17.0,119.9,7.05,0.0,0.0,0.0,0.0,0.0,0.0,36.0,61.0,479.0,6.0,70,170.3,1,0,1005,,,170.3,,,766
988,357,WR depth,32,11626,Xavier Legette,WR,CAR,25,75,227,South Carolina,17,2001-01-29,2,False,Active,Questionable,,4,WR4,999,15.0,89.3,5.95,0.0,0.0,0.0,1.0,0.0,0.0,35.0,64.0,363.0,3.0,16.0,125.1,7.82,0.0,0.0,0.0,6.0,24.0,0.0,49.0,84.0,497.0,4.0,71,170.9,1,0,1017,,,170.9,,,777
225,20,DEF depth,13,SF,SF D/ST,DEF,SF,,,,,,,,False,,,,,,,17.0,89.0,5.24,0.0,0.0,0.0,0.0,0.0,0.0,0.0,0.0,0.0,0.0,17.0,93.0,5.47,0.0,0.0,0.0,0.0,0.0,0.0,0.0,0.0,0.0,0.0,24,167.9,2,30,203,,167.3,168.4,,,-38
272,31,TE depth,15,12498,Mason Taylor,TE,NYJ,22,77,251,LSU,85,2004-05-08,1,False,Active,,,2,TE2,138,13.0,88.9,6.84,0.0,0.0,0.0,0.0,0.0,0.0,44.0,65.0,369.0,1.0,0.0,0.0,0.0,0.0,0.0,0.0,0.0,0.0,0.0,0.0,0.0,0.0,0.0,32,169.9,1,0,254,,,169.9,,,12
381,53,TE depth,15,2505,Darren Waller,TE,FA,33,78,238,Georgia Tech,83,1992-09-13,11,False,Active,Questionable,,,,249,9.0,88.7,9.86,0.0,0.0,0.0,1.0,4.0,0.0,24.0,34.0,283.0,6.0,0.0,0.0,0.0,0.0,0.0,0.0,0.0,0.0,0.0,0.0,0.0,0.0,0.0,33,170.0,1,0,879,,,170.0,,,636
139,56,WR depth,32,11638,Ricky Pearsall,WR,SF,25,73,189,Florida,1,2000-09-09,2,False,Inactive,IR,,3,WR3,400,9.0,88.6,9.84,0.0,0.0,0.0,2.0,-2.0,0.0,36.0,53.0,528.0,0.0,11.0,93.5,8.5,0.0,0.0,0.0,3.0,45.0,0.0,31.0,46.0,400.0,3.0,72,140.8,2,71,151,,113.5,168.2,,,-93
60,24,RB2,28,12490,Bhayshul Tuten,RB,JAX,23,69,209,Virginia Tech,33,2003-02-14,1,False,Active,,,1,RB1,44,15.0,88.6,5.91,0.0,0.0,0.0,83.0,307.0,5.0,10.0,14.0,79.0,2.0,0.0,0.0,0.0,0.0,0.0,0.0,0.0,0.0,0.0,0.0,0.0,0.0,0.0,53,64.6,2,14,60,,51.0,78.2,,,-185
273,63,RB depth,28,4988,Nick Chubb,RB,FA,30,71,227,Georgia,21,1995-12-27,8,False,Active,,,,,244,15.0,88.3,5.89,0.0,0.0,0.0,122.0,506.0,3.0,13.0,20.0,67.0,0.0,8.0,63.3,7.91,0.0,0.0,0.0,102.0,332.0,3.0,5.0,11.0,31.0,1.0,54,169.9,1,0,322,,,169.9,,,76
208,75,WR depth,33,11625,Adonai Mitchell,WR,NYJ,23,74,205,Texas,15,2002-10-08,2,False,Active,,,2,WR2,162,16.0,87.9,5.49,0.0,0.0,0.0,1.0,-4.0,0.0,33.0,74.0,453.0,2.0,17.0,53.76,3.16,24.0,0.0,0.0,4.0,6.0,0.0,23.0,55.0,312.0,0.0,73,165.9,2,8,202,,162.4,169.4,,,-45
216,61,RB depth,28,12469,Dylan Sampson,RB,CLE,21,68,200,Tennessee,22,2004-09-14,1,False,Active,,,2,RB2,129,15.0,87.6,5.84,0.0,0.0,0.0,65.0,175.0,0.0,33.0,40.0,271.0,2.0,0.0,0.0,0.0,0.0,0.0,0.0,0.0,0.0,0.0,0.0,0.0,0.0,0.0,55,167.1,2,807,636,,163.2,170.9,,,388
164,46,RB depth,28,8205,Isiah Pacheco,RB,DET,27,70,210,Rutgers,10,1999-03-02,4,False,Active,,,2,RB2,151,13.0,87.3,6.72,0.0,0.0,0.0,118.0,462.0,1.0,19.0,26.0,101.0,1.0,7.0,56.9,8.13,0.0,0.0,0.0,83.0,310.0,1.0,12.0,16.0,79.0,0.0,56,153.2,2,5,157,,148.5,157.8,,,-92
256,30,TE depth,16,4033,David Njoku,TE,LAC,30,76,246,Miami (FL),83,1996-07-10,9,False,Active,,,2,TE2,131,12.0,86.3,7.19,0.0,0.0,0.0,0.0,0.0,0.0,33.0,48.0,293.0,4.0,11.0,148.5,13.5,0.0,0.0,0.0,0.0,0.0,0.0,64.0,97.0,505.0,5.0,34,169.8,1,0,241,,,169.8,,,-9
382,132,WR depth,33,8125,Calvin Austin,WR,NYG,27,69,162,Memphis,82,1999-03-24,4,False,Active,,,4,WR4,999,14.0,86.2,6.16,0.0,0.0,0.0,0.0,0.0,0.0,31.0,55.0,372.0,3.0,17.0,118.8,6.99,0.0,0.0,0.0,0.0,0.0,0.0,36.0,58.0,548.0,4.0,74,170.0,1,0,357,,,170.0,,,106
383,54,TE depth,17,4144,Jonnu Smith,TE,FA,30,75,248,Florida International,81,1995-08-22,9,False,Active,,,,,206,17.0,85.2,5.01,0.0,0.0,0.0,9.0,70.0,1.0,38.0,54.0,222.0,2.0,17.0,222.3,13.08,0.0,0.0,0.0,2.0,-1.0,0.0,88.0,111.0,884.0,8.0,35,170.0,1,0,958,,,170.0,,,706
238,20,K depth,14,6083,Matt Gay,K,LV,32,72,232,Utah,14,1994-03-15,7,False,Active,,,1,K1,239,12.0,85.0,7.08,0.0,0.0,0.0,0.0,0.0,0.0,0.0,0.0,0.0,0.0,16.0,133.0,8.31,0.0,0.0,0.0,0.0,0.0,0.0,0.0,0.0,0.0,0.0,29,169.4,1,0,213,,,169.4,,,-40
1001,29,DEF depth,14,CIN,CIN D/ST,DEF,CIN,,,,,,,,False,,,,,,,17.0,85.0,5.0,0.0,0.0,0.0,0.0,0.0,0.0,0.0,0.0,0.0,0.0,17.0,109.0,6.41,0.0,0.0,0.0,0.0,0.0,0.0,0.0,0.0,0.0,0.0,25,171.9,2,23,226,,174.3,169.5,,,-28
68,31,WR3,33,2216,Mike Evans,WR,SF,32,77,231,Texas A&M,5,1993-08-21,12,False,Active,Questionable,,1,WR1,57,8.0,84.8,10.6,0.0,0.0,0.0,0.0,0.0,0.0,30.0,61.0,368.0,3.0,14.0,240.4,17.17,0.0,0.0,0.0,0.0,0.0,0.0,74.0,110.0,1004.0,11.0,75,75.5,2,17,68,,60.1,90.9,,,-187
942,346,WR depth,34,6271,Olamide Zaccheaus,WR,ATL,29,68,194,Virginia,14,1997-07-23,7,False,Active,,,4,WR4,999,16.0,84.8,5.3,0.0,0.0,0.0,4.0,25.0,0.0,39.0,65.0,313.0,2.0,17.0,112.4,6.61,0.0,0.0,0.0,1.0,8.0,0.0,45.0,64.0,506.0,3.0,76,170.1,1,0,968,,,170.1,,,712
257,85,WR depth,34,8917,KaVontae Turpin,WR,DAL,30,67,158,TCU,9,1996-08-02,4,False,Active,,,4,WR4,999,15.0,84.5,5.63,0.0,0.0,0.0,17.0,89.0,0.0,26.0,38.0,396.0,2.0,17.0,104.2,6.13,0.0,0.0,0.0,16.0,92.0,0.0,31.0,52.0,420.0,2.0,77,169.8,1,0,243,,,169.8,,,-14
245,23,DEF depth,14,WAS,WAS D/ST,DEF,WAS,,,,,,,,False,,,,,,,17.0,84.0,4.94,0.0,0.0,0.0,0.0,0.0,0.0,0.0,0.0,0.0,0.0,17.0,98.0,5.76,0.0,0.0,0.0,0.0,0.0,0.0,0.0,0.0,0.0,0.0,26,169.6,1,0,218,,,169.6,,,-40
113,47,WR depth,34,4037,Chris Godwin,WR,TB,30,73,209,Penn State,14,1996-02-27,9,False,Active,,,2,WR2,88,9.0,83.0,9.22,0.0,0.0,0.0,0.0,0.0,0.0,33.0,51.0,360.0,2.0,7.0,137.8,19.69,0.0,0.0,0.0,1.0,2.0,0.0,50.0,62.0,576.0,5.0,78,116.0,2,51,114,,87.1,144.9,,,-145
200,16,DEF depth,14,LV,LV D/ST,DEF,LV,,,,,,,,False,,,,,,,17.0,83.0,4.88,0.0,0.0,0.0,0.0,0.0,0.0,0.0,0.0,0.0,0.0,17.0,74.0,4.35,0.0,0.0,0.0,0.0,0.0,0.0,0.0,0.0,0.0,0.0,27,164.9,2,27,207,,160.3,169.6,,,-53
1010,369,WR depth,35,7090,Darnell Mooney,WR,NYG,28,71,177,Tulane,17,1997-10-29,6,False,Active,,,2,WR2,194,15.0,82.3,5.49,0.0,0.0,0.0,0.0,0.0,0.0,32.0,72.0,443.0,1.0,16.0,193.2,12.07,0.0,0.0,0.0,0.0,0.0,0.0,64.0,106.0,992.0,5.0,79,173.9,2,752,658,,177.2,170.6,,,397
258,25,DEF depth,14,ARI,ARI D/ST,DEF,ARI,,,,,,,,False,,,,,,,17.0,82.0,4.82,0.0,0.0,0.0,0.0,0.0,0.0,0.0,0.0,0.0,0.0,17.0,113.0,6.65,0.0,0.0,0.0,0.0,0.0,0.0,0.0,0.0,0.0,0.0,28,169.8,1,0,236,,,169.8,,,-26
1005,31,DEF depth,14,NYG,NYG D/ST,DEF,NYG,,,,,,,,False,,,,,,,17.0,82.0,4.82,0.0,0.0,0.0,0.0,0.0,0.0,0.0,0.0,0.0,0.0,17.0,100.0,5.88,0.0,0.0,0.0,0.0,0.0,0.0,0.0,0.0,0.0,0.0,29,172.5,2,41,221,,175.8,169.2,,,-42
384,133,WR depth,35,3200,Sterling Shepard,WR,FA,33,70,194,Oklahoma,17,1993-02-10,10,False,Active,,,,,375,13.0,82.0,6.31,0.0,0.0,0.0,4.0,19.0,0.0,39.0,53.0,371.0,1.0,14.0,80.3,5.74,0.0,0.0,0.0,8.0,69.0,0.0,32.0,51.0,334.0,1.0,80,170.0,1,0,963,,,170.0,,,699
226,21,DEF depth,14,GB,GB D/ST,DEF,GB,,,,,,,,False,,,,,,,17.0,81.0,4.76,0.0,0.0,0.0,0.0,0.0,0.0,0.0,0.0,0.0,0.0,17.0,158.0,9.29,0.0,0.0,0.0,0.0,0.0,0.0,0.0,0.0,0.0,0.0,30,167.9,1,0,185,,,167.9,,,-80
141,5,K,14,12015,Harrison Mevis,K,LAR,24,72,245,Missouri,92,2002-03-27,2,False,Active,,,1,K1,150,9.0,81.0,9.0,0.0,0.0,0.0,0.0,0.0,0.0,0.0,0.0,0.0,0.0,0.0,0.0,0.0,0.0,0.0,0.0,0.0,0.0,0.0,0.0,0.0,0.0,0.0,30,142.7,2,38,137,,151.9,133.4,,,-129
1006,368,WR depth,36,8188,Tyquan Thornton,WR,KC,25,74,185,Baylor,2,2000-08-07,4,False,Active,,,3,WR3,999,14.0,80.8,5.77,0.0,0.0,0.0,0.0,0.0,0.0,19.0,37.0,438.0,3.0,6.0,8.7,1.45,0.0,0.0,0.0,0.0,0.0,0.0,4.0,8.0,47.0,0.0,81,172.5,2,700,605,,174.9,170.1,,,338
153,19,QB depth,15,5849,Kyler Murray,QB,MIN,28,70,207,Oklahoma,1,1997-08-07,7,False,Active,,,1,QB1,92,5.0,80.78,16.16,962.0,6.0,3.0,29.0,173.0,1.0,0.0,0.0,0.0,0.0,17.0,308.24,18.13,3851.0,21.0,11.0,78.0,572.0,5.0,0.0,0.0,0.0,0.0,38,146.7,2,11,150,,143.4,150.0,,,-118
248,28,TE depth,18,6826,Cole Kmet,TE,CHI,27,78,257,Notre Dame,85,1999-03-10,6,False,Active,,,2,TE2,999,16.0,78.7,4.92,0.0,0.0,0.0,0.0,0.0,0.0,30.0,48.0,347.0,2.0,17.0,120.4,7.08,0.0,0.0,0.0,0.0,0.0,0.0,47.0,55.0,474.0,4.0,36,169.7,1,0,227,,,169.7,,,-42
983,228,RB depth,29,4147,Samaje Perine,RB,CIN,30,71,240,Oklahoma,34,1995-09-16,9,False,Active,,,2,RB2,999,15.0,77.9,5.19,0.0,0.0,0.0,84.0,382.0,3.0,17.0,21.0,87.0,0.0,17.0,82.4,4.85,0.0,0.0,0.0,20.0,92.0,1.0,28.0,35.0,322.0,1.0,57,170.8,2,778,651,,170.8,170.8,,,381
259,28,K depth,15,10937,Jake Moody,K,WAS,26,73,210,Michigan,16,1999-11-23,3,False,Active,,,1,K1,309,9.0,76.0,8.44,0.0,0.0,0.0,0.0,0.0,0.0,0.0,0.0,0.0,0.0,14.0,107.0,7.64,0.0,0.0,0.0,0.0,0.0,0.0,0.0,0.0,0.0,0.0,31,169.8,1,0,232,,,169.8,,,-39
227,80,WR depth,37,12535,Isaac TeSlaa,WR,DET,24,76,214,Arkansas,18,2002-02-20,1,False,Active,,,3,WR3,184,17.0,75.9,4.46,0.0,0.0,0.0,0.0,0.0,0.0,16.0,27.0,239.0,6.0,0.0,0.0,0.0,0.0,0.0,0.0,0.0,0.0,0.0,0.0,0.0,0.0,0.0,82,168.0,2,775,624,,165.6,170.4,,,352
1003,366,WR depth,37,9486,Dontayvion Wicks,WR,PHI,25,73,206,Virginia,13,2001-06-16,3,False,Active,,,3,WR3,999,14.0,75.8,5.41,0.0,0.0,0.0,1.0,6.0,0.0,30.0,46.0,332.0,2.0,17.0,110.5,6.5,0.0,0.0,0.0,0.0,0.0,0.0,39.0,76.0,415.0,5.0,83,172.2,2,765,653,,173.8,170.6,,,380
385,56,QB depth,16,3161,Carson Wentz,QB,MIN,33,77,237,North Dakota State,11,1992-12-30,10,False,Active,,,3,QB3,999,5.0,75.34,15.07,1216.0,6.0,5.0,11.0,57.0,0.0,0.0,0.0,0.0,0.0,3.0,4.72,1.57,118.0,0.0,0.0,3.0,0.0,0.0,0.0,0.0,0.0,0.0,39,170.0,1,0,553,,,170.0,,,279
274,90,WR depth,37,5970,Greg Dortch,WR,DET,28,67,183,Wake Forest,8,1998-05-29,7,False,Active,,,4,WR4,999,12.0,75.1,6.26,0.0,0.0,0.0,7.0,15.0,1.0,29.0,33.0,206.0,3.0,17.0,90.3,5.31,0.0,0.0,0.0,5.0,31.0,0.0,37.0,50.0,342.0,3.0,84,169.9,1,0,312,,,169.9,,,37
997,363,WR depth,38,12492,Pat Bryant,WR,DEN,23,74,204,Illinois,13,2002-12-10,1,False,Active,,,4,WR4,172,15.0,74.8,4.99,0.0,0.0,0.0,0.0,0.0,0.0,31.0,49.0,378.0,1.0,0.0,0.0,0.0,0.0,0.0,0.0,0.0,0.0,0.0,0.0,0.0,0.0,0.0,85,171.4,1,0,1025,,,171.4,,,749
386,55,TE depth,18,5857,Noah Fant,TE,NO,28,76,249,Iowa,87,1997-11-20,7,False,Active,,,2,TE2,999,15.0,74.8,4.99,0.0,0.0,0.0,0.0,0.0,0.0,34.0,41.0,288.0,3.0,14.0,104.0,7.43,0.0,0.0,0.0,0.0,0.0,0.0,48.0,64.0,500.0,1.0,37,170.0,1,0,350,,,170.0,,,73
943,189,TE depth,18,9482,Michael Mayer,TE,LV,25,76,256,Notre Dame,87,2001-07-06,3,False,Active,,,2,TE2,999,13.0,73.8,5.68,0.0,0.0,0.0,0.0,0.0,0.0,35.0,50.0,328.0,1.0,11.0,36.6,3.33,0.0,0.0,0.0,0.0,0.0,0.0,21.0,32.0,156.0,0.0,38,170.1,1,0,988,,,170.1,,,710
275,91,WR depth,39,4040,JuJu Smith-Schuster,WR,NYG,29,73,215,USC,8,1996-11-22,9,False,Active,,,8,WR8,999,17.0,73.5,4.32,0.0,0.0,0.0,0.0,0.0,0.0,33.0,45.0,345.0,1.0,14.0,53.1,3.79,0.0,0.0,0.0,0.0,0.0,0.0,18.0,26.0,231.0,2.0,86,169.9,1,0,298,,,169.9,,,19
246,27,TE depth,19,9479,Darnell Washington,TE,PIT,24,79,264,Georgia,80,2001-08-17,3,False,Active,,,2,TE2,999,16.0,73.4,4.59,0.0,0.0,0.0,0.0,0.0,0.0,31.0,43.0,364.0,1.0,17.0,45.0,2.65,0.0,0.0,0.0,0.0,0.0,0.0,19.0,25.0,200.0,1.0,39,169.6,1,0,220,,,169.6,,,-60
387,74,RB depth,30,4219,Jeremy McNichols,RB,WAS,30,69,205,Boise State,26,1995-12-26,9,False,Active,,,4,RB4,999,17.0,72.7,4.28,0.0,0.0,0.0,44.0,221.0,1.0,25.0,31.0,196.0,0.0,17.0,63.8,3.75,0.0,0.0,0.0,55.0,261.0,4.0,9.0,12.0,27.0,0.0,58,170.0,1,0,733,,,170.0,,,452
388,57,QB depth,17,12486,Dillon Gabriel,QB,CLE,25,71,205,Oregon,6,2000-12-28,1,False,Active,,,4,QB4,999,10.0,72.08,7.21,937.0,7.0,2.0,14.0,86.0,0.0,0.0,0.0,0.0,0.0,0.0,0.0,0.0,0.0,0.0,0.0,0.0,0.0,0.0,0.0,0.0,0.0,0.0,40,170.0,1,0,414,,,170.0,,,132
140,57,WR depth,39,8147,John Metchie,WR,CAR,26,71,187,Alabama,13,2000-07-18,4,False,Active,,,2,WR2,999,16.0,71.9,4.49,0.0,0.0,0.0,3.0,-5.0,0.0,33.0,48.0,274.0,2.0,13.0,55.4,4.26,0.0,0.0,0.0,0.0,0.0,0.0,24.0,37.0,254.0,1.0,87,142.4,2,286,265,,114.9,170.0,,,-18
965,218,RB depth,30,11571,Isaiah Davis,RB,NYJ,24,73,220,South Dakota State,32,2002-02-21,2,False,Active,Questionable,,3,RB3,999,16.0,71.2,4.45,0.0,0.0,0.0,43.0,236.0,1.0,21.0,28.0,186.0,0.0,17.0,45.9,2.7,0.0,0.0,0.0,30.0,174.0,1.0,9.0,12.0,75.0,1.0,59,170.2,1,0,993,,,170.2,,,709
276,32,TE depth,19,3271,Tyler Higbee,TE,LAR,33,78,253,Western Kentucky,89,1993-01-01,10,False,Active,,,3,TE3,999,10.0,71.1,7.11,0.0,0.0,0.0,0.0,0.0,0.0,25.0,36.0,281.0,3.0,3.0,26.6,8.87,0.0,0.0,0.0,0.0,0.0,0.0,8.0,12.0,66.0,2.0,40,169.9,1,0,245,,,169.9,,,-40
984,194,TE depth,20,4993,Mike Gesicki,TE,CIN,30,78,245,Penn State,88,1995-10-03,8,False,Active,,,1,TE1,999,13.0,70.7,5.44,0.0,0.0,0.0,0.0,0.0,0.0,28.0,42.0,307.0,2.0,17.0,141.5,8.32,0.0,0.0,0.0,0.0,0.0,0.0,65.0,83.0,665.0,2.0,41,170.8,1,0,1015,,,170.8,,,729
389,134,WR depth,40,6853,Van Jefferson,WR,WAS,30,73,200,Florida,12,1996-07-26,6,False,Active,,,5,WR5,999,16.0,70.0,4.38,0.0,0.0,0.0,0.0,0.0,0.0,29.0,52.0,350.0,1.0,17.0,63.6,3.74,0.0,0.0,0.0,0.0,0.0,0.0,24.0,40.0,276.0,2.0,89,170.0,1,0,462,,,170.0,,,175
111,45,WR depth,39,12501,Matthew Golden,WR,GB,23,71,191,Texas,0,2003-08-01,1,False,Active,,,3,WR3,132,14.0,70.0,5.0,0.0,0.0,0.0,10.0,49.0,0.0,29.0,44.0,361.0,0.0,0.0,0.0,0.0,0.0,0.0,0.0,0.0,0.0,0.0,0.0,0.0,0.0,0.0,88,113.0,2,25,111,,119.2,106.8,,,-177
390,58,QB depth,17,7585,Davis Mills,QB,HOU,27,76,225,Stanford,10,1998-10-21,5,False,Active,,,2,QB2,999,6.0,69.6,11.6,915.0,5.0,1.0,13.0,60.0,1.0,0.0,0.0,0.0,0.0,5.0,9.58,1.92,212.0,0.0,0.0,3.0,11.0,0.0,0.0,0.0,0.0,0.0,41,170.0,1,0,396,,,170.0,,,107
985,356,WR depth,41,12509,Tre' Harris,WR,LAC,24,75,210,Ole Miss,9,2002-02-28,1,False,Active,,,3,WR3,179,17.0,69.4,4.08,0.0,0.0,0.0,2.0,10.0,0.0,30.0,43.0,324.0,1.0,0.0,0.0,0.0,0.0,0.0,0.0,0.0,0.0,0.0,0.0,0.0,0.0,0.0,90,170.8,1,0,1016,,,170.8,,,726
998,364,WR depth,41,12536,Jaylin Noel,WR,HOU,23,71,201,Iowa State,13,2002-09-04,1,False,Active,PUP,,4,WR4,190,17.0,68.4,4.02,0.0,0.0,0.0,6.0,12.0,0.0,26.0,35.0,292.0,2.0,0.0,0.0,0.0,0.0,0.0,0.0,0.0,0.0,0.0,0.0,0.0,0.0,0.0,91,171.5,1,0,1026,,,171.5,,,735
391,135,WR depth,41,2374,Tyler Lockett,WR,FA,33,70,182,Kansas State,17,1992-09-28,11,False,Active,,,,,131,17.0,67.1,3.95,0.0,0.0,0.0,0.0,0.0,0.0,32.0,55.0,291.0,1.0,17.0,121.0,7.12,0.0,0.0,0.0,0.0,0.0,0.0,49.0,74.0,600.0,2.0,92,170.0,1,0,888,,,170.0,,,596
217,17,DEF depth,15,DAL,DAL D/ST,DEF,DAL,,,,,,,,False,,,,,,,17.0,67.0,3.94,0.0,0.0,0.0,0.0,0.0,0.0,0.0,0.0,0.0,0.0,17.0,123.0,7.24,0.0,0.0,0.0,0.0,0.0,0.0,0.0,0.0,0.0,0.0,31,167.1,2,39,198,,166.9,167.2,,,-95
392,136,WR depth,41,1426,DeAndre Hopkins,WR,FA,33,73,210,Clemson,10,1992-06-06,13,False,Active,,,,,319,17.0,67.0,3.94,0.0,0.0,0.0,0.0,0.0,0.0,22.0,39.0,330.0,2.0,16.0,147.0,9.19,0.0,0.0,0.0,0.0,0.0,0.0,56.0,80.0,610.0,5.0,93,170.0,1,0,889,,,170.0,,,595
277,92,WR depth,41,3634,Kalif Raymond,WR,CHI,31,69,160,Holy Cross,14,1994-08-08,10,False,Active,,,4,WR4,999,15.0,66.8,4.45,0.0,0.0,0.0,2.0,19.0,0.0,24.0,30.0,289.0,1.0,12.0,56.5,4.71,0.0,0.0,0.0,2.0,0.0,0.0,17.0,22.0,215.0,2.0,94,169.9,1,0,276,,,169.9,,,-19
996,362,WR depth,41,11834,Devaughn Vele,WR,NO,28,77,210,Utah,14,1997-12-12,2,False,Active,,,4,WR4,209,13.0,66.3,5.1,0.0,0.0,0.0,0.0,0.0,0.0,25.0,39.0,293.0,2.0,13.0,106.5,8.19,0.0,0.0,0.0,0.0,0.0,0.0,41.0,55.0,475.0,3.0,95,171.3,1,0,1024,,,171.3,,,728
209,58,RB depth,30,5995,Justice Hill,RB,BAL,28,70,195,Oklahoma State,43,1997-11-14,7,False,Active,,,2,RB2,999,10.0,65.2,6.52,0.0,0.0,0.0,18.0,93.0,2.0,21.0,27.0,169.0,1.0,15.0,127.1,8.47,0.0,0.0,0.0,47.0,228.0,1.0,42.0,51.0,383.0,3.0,60,165.9,2,808,619,,161.1,170.8,,,322
231,81,WR depth,42,12497,Tory Horton,WR,SEA,23,74,196,Colorado State,15,2002-11-29,1,False,Active,,,4,WR4,199,8.0,65.1,8.14,0.0,0.0,0.0,0.0,0.0,0.0,13.0,22.0,161.0,5.0,0.0,0.0,0.0,0.0,0.0,0.0,0.0,0.0,0.0,0.0,0.0,0.0,0.0,96,169.1,2,803,655,,167.0,171.2,,,357
278,33,QB depth,18,827,Tyrod Taylor,QB,GB,37,73,217,Virginia Tech,6,1989-08-03,15,False,Active,,,2,QB2,999,6.0,64.46,10.74,779.0,5.0,5.0,27.0,143.0,1.0,0.0,0.0,0.0,0.0,2.0,20.06,10.03,119.0,3.0,0.0,3.0,13.0,0.0,0.0,0.0,0.0,0.0,42,169.9,1,0,334,,,169.9,,,35
211,59,RB depth,31,11575,Ray Davis,RB,BUF,26,68,211,Kentucky,7,1999-11-11,2,False,Active,,,4,RB4,167,17.0,64.1,3.77,0.0,0.0,0.0,58.0,275.0,0.0,10.0,13.0,86.0,2.0,17.0,116.1,6.83,0.0,0.0,0.0,113.0,442.0,3.0,17.0,19.0,189.0,3.0,61,166.2,2,815,630,,161.4,171.0,,,330
279,33,TE depth,21,7694,Tommy Tremble,TE,CAR,26,76,250,Notre Dame,82,2000-06-02,5,False,Active,,,2,TE2,999,17.0,63.9,3.76,0.0,0.0,0.0,0.0,0.0,0.0,27.0,37.0,249.0,2.0,12.0,56.4,4.7,0.0,0.0,0.0,0.0,0.0,0.0,23.0,32.0,234.0,2.0,42,169.9,1,0,272,,,169.9,,,-29
138,55,WR depth,42,12530,Travis Hunter,WR,JAX,23,73,185,Colorado,12,2003-05-18,1,False,Active,,,4,WR4,145,7.0,63.8,9.11,0.0,0.0,0.0,1.0,0.0,0.0,28.0,45.0,298.0,1.0,0.0,0.0,0.0,0.0,0.0,0.0,0.0,0.0,0.0,0.0,0.0,0.0,0.0,97,140.4,2,103,159,,164.6,116.3,,,-143
944,205,RB depth,31,12455,Brashard Smith,RB,KC,23,70,196,SMU,24,2003-04-11,1,False,Active,,,3,RB3,182,17.0,63.3,3.72,0.0,0.0,0.0,44.0,151.0,0.0,25.0,35.0,172.0,1.0,0.0,0.0,0.0,0.0,0.0,0.0,0.0,0.0,0.0,0.0,0.0,0.0,0.0,62,170.1,1,0,970,,,170.1,,,667
393,56,TE depth,22,10214,Davis Allen,TE,LAR,25,78,253,Clemson,87,2001-02-03,3,False,Active,Questionable,,4,TE4,999,17.0,62.8,3.69,0.0,0.0,0.0,0.0,0.0,0.0,24.0,33.0,208.0,3.0,15.0,9.9,0.66,0.0,0.0,0.0,0.0,0.0,0.0,6.0,13.0,39.0,0.0,44,170.0,1,0,437,,,170.0,,,133
1008,197,TE depth,21,8172,Greg Dulcich,TE,MIA,26,76,245,UCLA,85,2000-03-26,4,False,Active,Questionable,,1,TE1,9999999,10.0,62.8,6.28,0.0,0.0,0.0,1.0,-7.0,0.0,26.0,33.0,335.0,1.0,9.0,7.8,0.87,0.0,0.0,0.0,0.0,0.0,0.0,5.0,12.0,28.0,0.0,43,172.8,2,753,650,,175.2,170.5,,,345
203,55,RB depth,31,8154,Brian Robinson,RB,ATL,27,73,225,Alabama,15,1999-03-22,4,False,Active,,,2,RB2,80,17.0,62.5,3.68,0.0,0.0,0.0,92.0,400.0,2.0,8.0,12.0,25.0,0.0,14.0,159.8,11.41,0.0,0.0,0.0,187.0,799.0,8.0,20.0,25.0,159.0,0.0,63,165.2,2,22,187,,163.1,167.3,,,-119
129,14,TE depth,22,8131,Isaiah Likely,TE,NYG,26,76,241,Coastal Carolina,9,2000-04-18,4,False,Active,,,1,TE1,113,14.0,61.7,4.41,0.0,0.0,0.0,0.0,0.0,0.0,27.0,36.0,307.0,1.0,16.0,123.7,7.73,0.0,0.0,0.0,0.0,0.0,0.0,42.0,58.0,477.0,6.0,45,134.2,2,25,129,,139.9,128.6,,,-178
394,75,RB depth,31,12476,Devin Neal,RB,NO,22,71,213,Kansas,24,2003-08-12,1,False,Active,,,4,RB4,169,10.0,60.0,6.0,0.0,0.0,0.0,57.0,206.0,2.0,17.0,19.0,104.0,0.0,0.0,0.0,0.0,0.0,0.0,0.0,0.0,0.0,0.0,0.0,0.0,0.0,0.0,64,170.0,1,0,417,,,170.0,,,109
280,93,WR depth,43,10444,Cedric Tillman,WR,CLE,26,75,215,Tennessee,19,2000-04-19,3,False,Active,,,4,WR4,999,13.0,60.0,4.62,0.0,0.0,0.0,0.0,0.0,0.0,21.0,39.0,270.0,2.0,11.0,80.4,7.31,0.0,0.0,0.0,1.0,-5.0,0.0,29.0,49.0,339.0,3.0,98,169.9,1,0,336,,,169.9,,,27
281,34,TE depth,23,8225,Daniel Bellinger,TE,TEN,25,78,255,San Diego State,82,2000-09-22,4,False,Active,,,2,TE2,999,16.0,59.6,3.73,0.0,0.0,0.0,0.0,0.0,0.0,19.0,26.0,286.0,2.0,17.0,26.5,1.56,0.0,0.0,0.0,0.0,0.0,0.0,14.0,17.0,125.0,0.0,46,169.9,1,0,330,,,169.9,,,20
395,57,TE depth,23,3202,Austin Hooper,TE,ATL,31,76,254,Stanford,81,1994-10-29,10,False,Active,,,2,TE2,999,16.0,59.3,3.71,0.0,0.0,0.0,0.0,0.0,0.0,21.0,26.0,263.0,2.0,17.0,108.6,6.39,0.0,0.0,0.0,0.0,0.0,0.0,45.0,59.0,476.0,3.0,47,170.0,1,0,523,,,170.0,,,212
396,137,WR depth,44,11608,Isaiah Williams,WR,NYJ,25,70,185,Illinois,18,2001-01-29,2,False,Active,,,5,WR5,999,15.0,58.7,3.91,0.0,0.0,0.0,3.0,34.0,0.0,26.0,36.0,193.0,0.0,8.0,2.6,0.33,0.0,0.0,0.0,0.0,0.0,0.0,2.0,3.0,6.0,0.0,99,170.0,1,0,392,,,170.0,,,80
219,62,RB depth,32,11199,Emari Demercado,RB,KC,27,69,215,TCU,25,1999-01-20,3,False,Active,,,2,RB2,999,13.0,58.3,4.48,0.0,0.0,0.0,44.0,312.0,0.0,13.0,20.0,101.0,1.0,13.0,54.7,4.21,0.0,0.0,0.0,24.0,223.0,1.0,16.0,20.0,104.0,0.0,65,167.2,2,755,599,,164.2,170.2,,,286
397,138,WR depth,44,3286,Demarcus Robinson,WR,SF,31,73,202,Florida,5,1994-09-21,10,False,Active,,,7,WR7,999,14.0,58.2,4.16,0.0,0.0,0.0,1.0,6.0,0.0,22.0,35.0,276.0,1.0,17.0,123.5,7.26,0.0,0.0,0.0,0.0,0.0,0.0,31.0,64.0,505.0,7.0,100,170.0,1,0,455,,,170.0,,,141
282,35,TE depth,24,10231,Elijah Higgins,TE,ARI,25,75,245,Stanford,84,2000-10-27,3,False,Active,,,2,TE2,9999999,17.0,58.1,3.42,0.0,0.0,0.0,0.0,0.0,0.0,30.0,37.0,301.0,0.0,17.0,49.2,2.89,0.0,0.0,0.0,0.0,0.0,0.0,20.0,24.0,172.0,2.0,48,169.9,1,0,325,,,169.9,,,10
1004,367,WR depth,44,4950,Christian Kirk,WR,SF,29,71,200,Texas A&M,3,1996-11-18,8,False,Active,Questionable,,5,WR5,210,13.0,57.9,4.45,0.0,0.0,0.0,0.0,0.0,0.0,28.0,52.0,239.0,1.0,8.0,70.9,8.86,0.0,0.0,0.0,0.0,0.0,0.0,27.0,47.0,379.0,1.0,101,172.2,2,783,664,,173.4,171.1,,,348
34,16,WR2,44,11632,Malik Nabers,WR,NYG,23,72,200,LSU,1,2003-07-28,2,False,Active,Questionable,Surgery,1,WR1,27,4.0,57.1,14.28,0.0,0.0,0.0,0.0,0.0,0.0,18.0,35.0,271.0,2.0,15.0,273.6,18.24,0.0,0.0,0.0,5.0,2.0,0.0,109.0,170.0,1204.0,7.0,102,36.0,2,5,34,,34.5,37.5,,,-283
398,76,RB depth,33,1379,Kyle Juszczyk,RB,SF,35,74,235,Harvard,44,1991-04-23,13,False,Active,Questionable,,4,RB4,999,17.0,57.0,3.35,0.0,0.0,0.0,2.0,-3.0,0.0,24.0,28.0,213.0,2.0,17.0,57.6,3.39,0.0,0.0,0.0,5.0,26.0,1.0,19.0,31.0,200.0,2.0,66,170.0,1,0,723,,,170.0,,,405
399,59,QB depth,18,6111,Jake Browning,QB,TB,30,74,209,Washington,5,1996-04-11,7,False,Active,,,2,QB2,999,5.0,56.74,11.35,771.0,6.0,8.0,9.0,39.0,1.0,0.0,0.0,0.0,0.0,3.0,-0.2,-0.07,0.0,0.0,0.0,2.0,-2.0,0.0,0.0,0.0,0.0,0.0,43,170.0,1,0,524,,,170.0,,,205
204,14,K depth,16,11653,Charlie Smyth,K,NO,25,76,210,International Pathway Program,39,2001-06-26,2,False,Active,,,1,K1,242,6.0,56.0,9.33,0.0,0.0,0.0,0.0,0.0,0.0,0.0,0.0,0.0,0.0,0.0,0.0,0.0,0.0,0.0,0.0,0.0,0.0,0.0,0.0,0.0,0.0,0.0,33,165.2,2,738,567,,160.3,170.1,,,247
400,44,K depth,17,5230,Michael Badgley,K,FA,30,70,183,Miami (FL),32,1995-07-28,7,False,Active,,,,K1,629,9.0,56.0,6.22,0.0,0.0,0.0,0.0,0.0,0.0,0.0,0.0,0.0,0.0,0.0,0.0,0.0,0.0,0.0,0.0,0.0,0.0,0.0,0.0,0.0,0.0,0.0,34,170.0,1,0,884,,,170.0,,,563
283,34,K depth,15,12185,Spencer Shrader,K,IND,27,74,201,Notre Dame,3,1999-05-19,2,False,Active,,,2,K2,355,5.0,56.0,11.2,0.0,0.0,0.0,0.0,0.0,0.0,0.0,0.0,0.0,0.0,4.0,26.0,6.5,0.0,0.0,0.0,0.0,0.0,0.0,0.0,0.0,0.0,0.0,32,169.9,1,0,270,,,169.9,,,-52
190,51,RB depth,33,9511,Keaton Mitchell,RB,LAC,24,68,191,East Carolina,34,2002-01-17,3,False,Active,,,2,RB2,148,13.0,55.4,4.26,0.0,0.0,0.0,59.0,341.0,1.0,9.0,12.0,63.0,0.0,5.0,6.8,1.36,0.0,0.0,0.0,15.0,30.0,0.0,1.0,1.0,28.0,0.0,67,163.5,2,832,604,,156.2,170.8,,,281
172,66,WR depth,45,7571,Rashod Bateman,WR,BAL,26,73,193,Minnesota,7,1999-11-29,5,False,Active,,,2,WR2,203,13.0,55.4,4.26,0.0,0.0,0.0,0.0,0.0,0.0,19.0,38.0,224.0,2.0,17.0,174.6,10.27,0.0,0.0,0.0,0.0,0.0,0.0,45.0,72.0,756.0,9.0,103,158.1,2,852,593,,145.3,170.9,,,269
284,36,TE depth,24,5973,Josh Oliver,TE,MIN,29,77,264,San Jose State,84,1997-03-21,7,False,Active,,,2,TE2,999,15.0,55.0,3.67,0.0,0.0,0.0,0.0,0.0,0.0,15.0,19.0,160.0,4.0,15.0,65.8,4.39,0.0,0.0,0.0,0.0,0.0,0.0,22.0,28.0,258.0,3.0,49,169.9,1,0,262,,,169.9,,,-63
401,139,WR depth,46,12503,Isaiah Bond,WR,CLE,22,71,180,Texas,0,2004-03-15,1,False,Active,,,5,WR5,999,16.0,54.7,3.42,0.0,0.0,0.0,5.0,29.0,0.0,18.0,44.0,338.0,0.0,0.0,0.0,0.0,0.0,0.0,0.0,0.0,0.0,0.0,0.0,0.0,0.0,0.0,104,170.0,1,0,436,,,170.0,,,110
972,223,RB depth,34,12495,Ollie Gordon,RB,MIA,22,74,225,Oklahoma State,0,2004-01-15,1,False,Active,,,3,RB3,999,17.0,54.1,3.18,0.0,0.0,0.0,70.0,199.0,3.0,7.0,9.0,32.0,1.0,0.0,0.0,0.0,0.0,0.0,0.0,0.0,0.0,0.0,0.0,0.0,0.0,0.0,68,170.3,1,0,1006,,,170.3,,,679
285,26,DEF depth,16,NYJ,NYJ D/ST,DEF,NYJ,,,,,,,,False,,,,,,,17.0,54.0,3.18,0.0,0.0,0.0,0.0,0.0,0.0,0.0,0.0,0.0,0.0,17.0,104.0,6.12,0.0,0.0,0.0,0.0,0.0,0.0,0.0,0.0,0.0,0.0,32,169.9,1,0,260,,,169.9,,,-68
402,58,TE depth,24,11600,Ja'Tavion Sanders,TE,CAR,23,76,252,Texas,0,2003-03-27,2,False,Active,Questionable,,1,TE1,999,13.0,54.0,4.15,0.0,0.0,0.0,0.0,0.0,0.0,29.0,34.0,190.0,1.0,16.0,73.2,4.58,0.0,0.0,0.0,0.0,0.0,0.0,33.0,43.0,342.0,1.0,50,170.0,1,0,521,,,170.0,,,192
184,49,RB depth,34,9225,Tank Bigsby,RB,PHI,23,71,215,Auburn,8,2002-08-30,3,False,Active,,,2,RB2,147,17.0,53.8,3.16,0.0,0.0,0.0,63.0,356.0,2.0,3.0,4.0,32.0,0.0,16.0,129.0,8.06,0.0,0.0,0.0,168.0,766.0,7.0,7.0,12.0,54.0,0.0,69,162.2,2,10,180,,156.4,168.1,,,-150
286,94,WR depth,46,3321,Tyreek Hill,WR,FA,31,70,191,West Alabama,10,1994-03-01,10,False,Active,Questionable,Surgery,,,145,4.0,53.5,13.38,0.0,0.0,0.0,0.0,0.0,0.0,21.0,29.0,265.0,1.0,17.0,218.2,12.84,0.0,0.0,0.0,8.0,53.0,0.0,81.0,123.0,959.0,6.0,105,169.9,1,0,269,,,169.9,,,-62
403,60,QB depth,19,1234,Russell Wilson,QB,FA,37,71,206,Wisconsin,3,1988-11-29,14,False,Active,,,,,272,6.0,52.84,8.81,831.0,3.0,3.0,18.0,106.0,0.0,0.0,0.0,0.0,0.0,11.0,177.78,16.16,2482.0,16.0,5.0,43.0,155.0,2.0,0.0,0.0,0.0,0.0,44,170.0,1,0,682,,,170.0,,,350
287,37,TE depth,25,12658,Jackson Hawes,TE,BUF,25,76,253,Georgia Tech,85,2000-12-06,1,False,Active,,,3,TE3,9999999,17.0,52.7,3.1,0.0,0.0,0.0,0.0,0.0,0.0,16.0,19.0,187.0,3.0,0.0,0.0,0.0,0.0,0.0,0.0,0.0,0.0,0.0,0.0,0.0,0.0,0.0,51,169.9,1,0,290,,,169.9,,,-43
260,86,WR depth,47,7670,Joshua Palmer,WR,BUF,26,73,210,Tennessee,5,1999-09-22,5,False,Active,,,4,WR4,999,12.0,52.3,4.36,0.0,0.0,0.0,0.0,0.0,0.0,22.0,37.0,303.0,0.0,15.0,107.4,7.16,0.0,0.0,0.0,0.0,0.0,0.0,39.0,65.0,584.0,1.0,106,169.8,1,0,244,,,169.8,,,-90
215,24,TE depth,25,12487,Terrance Ferguson,TE,LAR,23,77,252,Oregon,18,2003-03-07,1,False,Active,,,1,TE1,141,14.0,52.1,3.72,0.0,0.0,0.0,1.0,0.0,0.0,11.0,25.0,231.0,3.0,0.0,0.0,0.0,0.0,0.0,0.0,0.0,0.0,0.0,0.0,0.0,0.0,0.0,52,167.0,1,0,171,,,167.0,,,-164
404,140,WR depth,48,2197,Brandin Cooks,WR,FA,32,70,189,Oregon State,18,1993-09-25,12,False,Active,,,,,151,15.0,51.9,3.46,0.0,0.0,0.0,0.0,0.0,0.0,24.0,36.0,279.0,0.0,10.0,69.6,6.96,0.0,0.0,0.0,3.0,-3.0,0.0,26.0,54.0,259.0,3.0,107,170.0,1,0,890,,,170.0,,,554
405,141,WR depth,49,4351,Tim Patrick,WR,NYJ,32,77,210,Utah,17,1993-11-23,9,False,Active,,,4,WR4,999,16.0,51.7,3.23,0.0,0.0,0.0,0.0,0.0,0.0,15.0,24.0,187.0,3.0,16.0,92.4,5.78,0.0,0.0,0.0,0.0,0.0,0.0,33.0,44.0,394.0,3.0,108,170.0,1,0,552,,,170.0,,,215
288,95,WR depth,49,11650,Luke McCaffrey,WR,WAS,25,74,195,Rice,11,2001-04-02,2,False,Active,,,7,WR7,999,9.0,51.3,5.7,0.0,0.0,0.0,0.0,0.0,0.0,11.0,15.0,203.0,3.0,17.0,34.8,2.05,0.0,0.0,0.0,0.0,0.0,0.0,18.0,24.0,168.0,0.0,109,169.9,1,0,308,,,169.9,,,-30
191,24,QB depth,19,8161,Malik Willis,QB,MIA,27,73,225,Liberty,2,1999-05-25,4,False,Active,,,1,QB1,109,4.0,51.18,12.79,422.0,3.0,0.0,22.0,123.0,2.0,0.0,0.0,0.0,0.0,7.0,51.8,7.4,550.0,3.0,0.0,20.0,138.0,1.0,0.0,0.0,0.0,0.0,45,163.6,2,18,181,,160.1,167.0,,,-158
945,347,WR depth,50,8119,Jahan Dotson,WR,ATL,26,71,184,Penn State,4,2000-03-22,4,False,Active,,,3,WR3,999,17.0,50.2,2.95,0.0,0.0,0.0,0.0,0.0,0.0,18.0,36.0,262.0,1.0,17.0,41.9,2.46,0.0,0.0,0.0,1.0,13.0,0.0,19.0,33.0,216.0,0.0,110,170.1,1,0,987,,,170.1,,,647
406,45,K depth,17,11789,Joshua Karty,K,FA,24,74,207,Stanford,98,2002-03-07,2,False,Active,,,,K1,999,8.0,50.0,6.25,0.0,0.0,0.0,0.0,0.0,0.0,0.0,0.0,0.0,0.0,17.0,126.0,7.41,0.0,0.0,0.0,0.0,0.0,0.0,0.0,0.0,0.0,0.0,35,170.0,1,0,511,,,170.0,,,170
966,351,WR depth,50,7587,Dyami Brown,WR,WAS,26,72,195,North Carolina,6,1999-11-01,5,False,Active,,,4,WR4,999,14.0,49.7,3.55,0.0,0.0,0.0,6.0,30.0,0.0,20.0,37.0,227.0,1.0,16.0,67.4,4.21,0.0,0.0,0.0,3.0,26.0,0.0,30.0,40.0,308.0,1.0,111,170.2,1,0,995,,,170.2,,,653
407,142,WR depth,51,12641,Jaylin Lane,WR,WAS,24,70,196,Virginia Tech,83,2002-05-01,1,False,Active,,,8,WR8,999,15.0,49.2,3.28,0.0,0.0,0.0,1.0,7.0,0.0,16.0,32.0,225.0,0.0,0.0,0.0,0.0,0.0,0.0,0.0,0.0,0.0,0.0,0.0,0.0,0.0,0.0,112,170.0,1,0,950,,,170.0,,,607
289,38,TE depth,26,9481,Luke Musgrave,TE,GB,25,78,253,Oregon State,88,2000-09-02,3,False,Active,PUP,,2,TE2,999,17.0,49.2,2.89,0.0,0.0,0.0,0.0,0.0,0.0,24.0,31.0,252.0,0.0,7.0,11.5,1.64,0.0,0.0,0.0,0.0,0.0,0.0,7.0,10.0,45.0,0.0,53,169.9,1,0,256,,,169.9,,,-88
290,96,WR depth,52,12547,Kyle Williams,WR,NE,23,71,190,Washington State,8,2002-11-13,1,False,Active,,,6,WR6,195,17.0,49.2,2.89,0.0,0.0,0.0,2.0,3.0,0.0,10.0,21.0,209.0,3.0,0.0,0.0,0.0,0.0,0.0,0.0,0.0,0.0,0.0,0.0,0.0,0.0,0.0,113,169.9,1,0,266,,,169.9,,,-79
408,143,WR depth,52,6154,David Sills,WR,TB,30,75,211,West Virginia,80,1996-05-29,7,False,Active,,,6,WR6,999,17.0,49.1,2.89,0.0,0.0,0.0,0.0,0.0,0.0,18.0,36.0,191.0,2.0,0.0,0.0,0.0,0.0,0.0,0.0,0.0,0.0,0.0,0.0,0.0,0.0,0.0,114,170.0,1,0,467,,,170.0,,,121
112,46,WR depth,52,10222,Jayden Reed,WR,GB,26,71,187,Michigan State,11,2000-04-28,3,False,Active,,,2,WR2,111,7.0,48.5,6.93,0.0,0.0,0.0,3.0,28.0,0.0,19.0,22.0,207.0,1.0,17.0,197.0,11.59,0.0,0.0,0.0,20.0,163.0,1.0,55.0,75.0,857.0,6.0,115,115.5,2,39,115,,91.6,139.3,,,-232
291,97,WR depth,53,11168,Xavier Smith,WR,LAR,28,69,180,Florida A&M,19,1997-09-21,3,False,Active,,,5,WR5,999,16.0,48.3,3.02,0.0,0.0,0.0,0.0,0.0,0.0,18.0,24.0,303.0,0.0,15.0,6.2,0.41,0.0,0.0,0.0,4.0,36.0,0.0,2.0,2.0,6.0,0.0,116,169.9,1,0,292,,,169.9,,,-56
409,59,TE depth,27,12473,Mitchell Evans,TE,CAR,23,77,258,Notre Dame,84,2003-03-18,1,False,Active,,,3,TE3,999,17.0,48.2,2.84,0.0,0.0,0.0,1.0,1.0,0.0,19.0,25.0,171.0,2.0,0.0,0.0,0.0,0.0,0.0,0.0,0.0,0.0,0.0,0.0,0.0,0.0,0.0,54,170.0,1,0,355,,,170.0,,,6
967,219,RB depth,34,11643,Jaylen Wright,RB,MIA,23,70,208,Tennessee,5,2003-04-01,2,False,Active,,,2,RB2,174,10.0,48.2,4.82,0.0,0.0,0.0,70.0,288.0,2.0,5.0,9.0,44.0,0.0,15.0,26.7,1.78,0.0,0.0,0.0,68.0,249.0,0.0,3.0,6.0,8.0,0.0,70,170.2,1,0,999,,,170.2,,,649
410,77,RB depth,34,11579,Audric Estime,RB,NO,22,71,227,Notre Dame,30,2003-09-06,2,False,Active,,,6,RB6,190,7.0,48.1,6.87,0.0,0.0,0.0,46.0,198.0,1.0,12.0,13.0,103.0,0.0,13.0,48.7,3.75,0.0,0.0,0.0,76.0,310.0,2.0,5.0,5.0,27.0,0.0,71,170.0,1,0,760,,,170.0,,,409
411,60,TE depth,27,5409,Tanner Hudson,TE,CIN,31,77,241,Southern Arkansas,87,1994-11-12,8,False,Active,,,5,TE5,999,15.0,47.8,3.19,0.0,0.0,0.0,0.0,0.0,0.0,19.0,24.0,168.0,2.0,11.0,38.5,3.5,0.0,0.0,0.0,1.0,1.0,0.0,19.0,23.0,154.0,1.0,55,170.0,1,0,724,,,170.0,,,372
156,61,WR depth,53,4981,Calvin Ridley,WR,TEN,31,73,190,Alabama,0,1994-12-20,8,False,Active,,,3,WR3,180,7.0,47.3,6.76,0.0,0.0,0.0,0.0,0.0,0.0,17.0,36.0,303.0,0.0,17.0,199.2,11.72,0.0,0.0,0.0,8.0,55.0,1.0,64.0,120.0,1017.0,4.0,117,148.2,2,42,152,,129.4,167.1,,,-201
292,39,TE depth,28,8145,Jeremy Ruckert,TE,NYJ,25,77,250,Ohio State,89,2000-08-11,4,False,Active,,,3,TE3,999,17.0,46.9,2.76,0.0,0.0,0.0,0.0,0.0,0.0,23.0,29.0,179.0,1.0,17.0,28.5,1.68,0.0,0.0,0.0,0.0,0.0,0.0,18.0,28.0,105.0,0.0,56,169.9,1,0,331,,,169.9,,,-23
979,355,WR depth,54,8117,Jalen Tolbert,WR,MIA,27,73,195,South Alabama,1,1999-02-27,4,False,Active,,,5,WR5,999,13.0,46.3,3.56,0.0,0.0,0.0,0.0,0.0,0.0,18.0,34.0,203.0,1.0,17.0,152.0,8.94,0.0,0.0,0.0,0.0,0.0,0.0,49.0,79.0,610.0,7.0,118,170.4,1,0,1010,,,170.4,,,655
293,40,TE depth,29,6869,Adam Trautman,TE,DEN,29,77,253,Dayton,82,1997-02-05,6,False,Active,,,2,TE2,9999999,17.0,45.5,2.68,0.0,0.0,0.0,0.0,0.0,0.0,20.0,23.0,195.0,1.0,17.0,43.8,2.58,0.0,0.0,0.0,0.0,0.0,0.0,13.0,22.0,188.0,2.0,57,169.9,1,0,329,,,169.9,,,-27
412,144,WR depth,55,11377,Tyrell Shavers,WR,BUF,26,76,211,San Diego State,14,1999-08-18,3,False,Active,PUP,Surgery,6,WR6,999,17.0,45.5,2.68,0.0,0.0,0.0,0.0,0.0,0.0,15.0,23.0,245.0,1.0,3.0,13.9,4.63,0.0,0.0,0.0,0.0,0.0,0.0,1.0,1.0,69.0,1.0,119,170.0,1,0,358,,,170.0,,,1
294,34,QB depth,19,2306,Jameis Winston,QB,NYG,32,76,231,Florida State,19,1994-01-06,11,False,Active,,,2,QB2,409,3.0,45.28,15.09,567.0,2.0,2.0,7.0,23.0,1.0,1.0,1.0,33.0,1.0,12.0,143.14,11.93,2121.0,13.0,12.0,25.0,83.0,1.0,0.0,0.0,0.0,0.0,46,169.9,1,0,261,,,169.9,,,-97
413,46,K depth,17,8670,Parker Romo,K,FA,28,71,175,Virginia Tech,39,1997-08-24,2,False,Active,,,,K1,490,7.0,44.0,6.29,0.0,0.0,0.0,0.0,0.0,0.0,0.0,0.0,0.0,0.0,4.0,44.0,11.0,0.0,0.0,0.0,0.0,0.0,0.0,0.0,0.0,0.0,0.0,36,170.0,1,0,429,,,170.0,,,70
414,78,RB depth,35,8143,Jerome Ford,RB,WAS,26,70,210,Cincinnati,34,1999-09-12,4,False,Active,,,3,RB3,999,13.0,43.6,3.35,0.0,0.0,0.0,24.0,73.0,0.0,26.0,32.0,103.0,0.0,14.0,134.0,9.57,0.0,0.0,0.0,104.0,565.0,3.0,37.0,43.0,225.0,0.0,72,170.0,1,0,576,,,170.0,,,216
999,365,WR depth,55,12483,Jack Bech,WR,LV,23,73,214,TCU,18,2002-12-18,1,False,Active,,,3,WR3,208,16.0,42.4,2.65,0.0,0.0,0.0,0.0,0.0,0.0,20.0,29.0,224.0,0.0,0.0,0.0,0.0,0.0,0.0,0.0,0.0,0.0,0.0,0.0,0.0,0.0,0.0,120,171.6,1,0,1027,,,171.6,,,666
415,61,TE depth,29,4381,Taysom Hill,TE,FA,35,74,221,BYU,7,1990-08-23,9,False,Active,,,,,321,13.0,41.78,3.21,57.0,1.0,0.0,52.0,114.0,1.0,11.0,16.0,91.0,0.0,8.0,104.34,13.04,21.0,0.0,1.0,39.0,278.0,6.0,23.0,31.0,187.0,0.0,58,170.0,1,0,678,,,170.0,,,316
416,79,RB depth,35,8800,Malik Davis,RB,DAL,27,70,205,Florida,20,1998-11-26,4,False,Active,,,2,RB2,999,10.0,40.6,4.06,0.0,0.0,0.0,52.0,250.0,2.0,2.0,5.0,16.0,0.0,0.0,0.0,0.0,0.0,0.0,0.0,0.0,0.0,0.0,0.0,0.0,0.0,0.0,73,170.0,1,0,903,,,170.0,,,540
417,61,QB depth,20,7083,Tyler Huntley,QB,BAL,28,73,204,Utah,5,1998-02-03,6,False,Active,,,2,QB2,999,5.0,40.14,8.03,426.0,2.0,0.0,24.0,151.0,0.0,0.0,0.0,0.0,0.0,5.0,63.66,12.73,829.0,3.0,3.0,26.0,135.0,2.0,0.0,0.0,0.0,0.0,47,170.0,1,0,395,,,170.0,,,31
418,145,WR depth,56,1689,Adam Thielen,WR,FA,35,74,195,Minnesota State,16,1990-08-22,13,False,Active,NA,,,,163,16.0,39.6,2.48,0.0,0.0,0.0,0.0,0.0,0.0,19.0,35.0,186.0,0.0,10.0,139.5,13.95,0.0,0.0,0.0,0.0,0.0,0.0,48.0,62.0,615.0,5.0,121,170.0,1,0,946,,,170.0,,,581
419,80,RB depth,36,11299,Zavier Scott,RB,MIN,27,73,221,Maine,36,1999-07-17,3,False,Active,,,5,RB5,999,16.0,39.2,2.45,0.0,0.0,0.0,32.0,114.0,0.0,14.0,16.0,98.0,1.0,0.0,0.0,0.0,0.0,0.0,0.0,0.0,0.0,0.0,0.0,0.0,0.0,0.0,74,170.0,1,0,657,,,170.0,,,291
295,41,TE depth,30,7828,Noah Gray,TE,KC,27,75,240,Duke,83,1999-04-30,5,False,Active,,,2,TE2,999,16.0,38.8,2.42,0.0,0.0,0.0,0.0,0.0,0.0,21.0,37.0,178.0,0.0,17.0,113.3,6.66,0.0,0.0,0.0,1.0,-4.0,0.0,40.0,49.0,437.0,5.0,59,169.9,1,0,273,,,169.9,,,-94
420,146,WR depth,57,3269,Chris Moore,WR,BAL,33,73,200,Cincinnati,17,1993-06-16,10,False,Active,,,6,WR6,999,14.0,38.6,2.76,0.0,0.0,0.0,1.0,9.0,0.0,11.0,23.0,207.0,1.0,5.0,0.0,0.0,0.0,0.0,0.0,0.0,0.0,0.0,0.0,0.0,0.0,0.0,123,170.0,1,0,906,,,170.0,,,538
296,98,WR depth,56,11630,Roman Wilson,WR,PIT,25,72,192,Michigan,14,2001-06-19,2,False,Active,,,4,WR4,999,13.0,38.6,2.97,0.0,0.0,0.0,0.0,0.0,0.0,12.0,21.0,166.0,2.0,1.0,0.0,0.0,0.0,0.0,0.0,0.0,0.0,0.0,0.0,0.0,0.0,0.0,122,169.9,1,0,301,,,169.9,,,-68
297,35,K depth,17,503,Graham Gano,K,FA,38,74,202,Florida State,9,1987-04-09,17,False,Active,Questionable,Soreness,,K1,999,5.0,38.0,7.6,0.0,0.0,0.0,0.0,0.0,0.0,0.0,0.0,0.0,0.0,10.0,48.0,4.8,0.0,0.0,0.0,0.0,0.0,0.0,0.0,0.0,0.0,0.0,37,169.9,1,0,284,,,169.9,,,-86
421,147,WR depth,57,6960,Tyler Johnson,WR,DAL,27,73,208,Minnesota,15,1998-08-25,6,False,Active,,,7,WR7,9999999,12.0,37.7,3.14,0.0,0.0,0.0,0.0,0.0,0.0,12.0,18.0,197.0,1.0,15.0,61.1,4.07,0.0,0.0,0.0,0.0,0.0,0.0,26.0,41.0,291.0,1.0,124,170.0,1,0,734,,,170.0,,,363
298,99,WR depth,57,11629,Devontez Walker,WR,BAL,25,73,198,North Carolina,81,2001-06-19,2,False,Active,,,5,WR5,999,12.0,37.6,3.13,0.0,0.0,0.0,0.0,0.0,0.0,6.0,8.0,136.0,3.0,9.0,9.1,1.01,0.0,0.0,0.0,0.0,0.0,0.0,1.0,3.0,21.0,1.0,125,169.9,1,0,287,,,169.9,,,-85
422,81,RB depth,36,11510,Hunter Luepke,RB,DAL,26,73,250,North Dakota State,40,2000-02-28,3,False,Active,,,6,RB6,999,17.0,37.0,2.18,0.0,0.0,0.0,16.0,71.0,0.0,13.0,15.0,109.0,1.0,16.0,26.9,1.68,0.0,0.0,0.0,12.0,38.0,0.0,12.0,16.0,111.0,0.0,75,170.0,1,0,356,,,170.0,,,-17
299,42,TE depth,30,12521,Elijah Arroyo,TE,SEA,23,77,254,Miami (FL),18,2003-04-05,1,False,Active,,,2,TE2,999,13.0,36.9,2.84,0.0,0.0,0.0,0.0,0.0,0.0,15.0,26.0,179.0,1.0,0.0,0.0,0.0,0.0,0.0,0.0,0.0,0.0,0.0,0.0,0.0,0.0,0.0,60,169.9,1,0,253,,,169.9,,,-121
300,43,TE depth,30,7891,Brock Wright,TE,DET,27,77,254,Notre Dame,89,1998-11-27,5,False,Active,,,2,TE2,999,11.0,36.8,3.35,0.0,0.0,0.0,0.0,0.0,0.0,14.0,22.0,108.0,2.0,17.0,35.0,2.06,0.0,0.0,0.0,0.0,0.0,0.0,13.0,16.0,100.0,2.0,61,169.9,1,0,246,,,169.9,,,-129
301,100,WR depth,58,11623,Jordan Whittington,WR,LAR,25,73,202,Texas,88,2000-10-01,2,False,Active,,,3,WR3,999,17.0,36.3,2.14,0.0,0.0,0.0,3.0,12.0,0.0,18.0,25.0,171.0,0.0,15.0,53.5,3.57,0.0,0.0,0.0,2.0,12.0,0.0,22.0,28.0,293.0,0.0,126,169.9,1,0,255,,,169.9,,,-121
423,62,TE depth,31,8127,Charlie Kolar,TE,LAC,27,78,250,Iowa State,88,1999-02-10,4,False,Active,,,3,TE3,999,17.0,36.2,2.13,0.0,0.0,0.0,0.0,0.0,0.0,10.0,15.0,142.0,2.0,13.0,28.3,2.18,0.0,0.0,0.0,1.0,2.0,0.0,9.0,11.0,131.0,1.0,62,170.0,1,0,527,,,170.0,,,150
302,35,QB depth,20,12500,Quinn Ewers,QB,MIA,23,74,209,Texas,14,2003-03-15,1,False,Active,,,2,QB2,396,4.0,36.18,9.04,622.0,3.0,3.0,8.0,19.0,0.0,1.0,1.0,-6.0,0.0,0.0,0.0,0.0,0.0,0.0,0.0,0.0,0.0,0.0,0.0,0.0,0.0,0.0,48,169.9,1,0,319,,,169.9,,,-59
424,82,RB depth,36,2359,Ameer Abdullah,RB,JAX,33,68,203,Nebraska,43,1993-06-13,11,False,Active,,,5,RB5,9999999,13.0,35.9,2.76,0.0,0.0,0.0,14.0,60.0,1.0,16.0,17.0,99.0,0.0,16.0,125.2,7.83,0.0,0.0,0.0,66.0,311.0,2.0,40.0,47.0,261.0,3.0,76,170.0,1,0,910,,,170.0,,,531
425,148,WR depth,58,5955,Hunter Renfrow,WR,FA,30,70,185,Clemson,13,1995-12-21,7,False,Active,,,,,393,6.0,35.9,5.98,0.0,0.0,0.0,0.0,0.0,0.0,15.0,26.0,89.0,2.0,0.0,0.0,0.0,0.0,0.0,0.0,0.0,0.0,0.0,0.0,0.0,0.0,0.0,127,170.0,1,0,925,,,170.0,,,545
426,62,QB depth,21,12538,Brady Cook,QB,NYJ,24,74,215,Missouri,4,2001-10-12,1,False,Active,,,3,QB3,999,5.0,35.46,7.09,739.0,2.0,7.0,13.0,49.0,0.0,0.0,0.0,0.0,0.0,0.0,0.0,0.0,0.0,0.0,0.0,0.0,0.0,0.0,0.0,0.0,0.0,0.0,49,170.0,1,0,372,,,170.0,,,-9
303,64,RB depth,36,11589,Trey Benson,RB,ARI,24,72,225,Florida State,33,2002-07-23,2,False,Active,,,5,RB5,114,4.0,35.4,8.85,0.0,0.0,0.0,29.0,160.0,0.0,13.0,16.0,64.0,0.0,13.0,47.0,3.62,0.0,0.0,0.0,63.0,291.0,1.0,6.0,6.0,59.0,0.0,77,169.9,1,0,300,,,169.9,,,-82
946,206,RB depth,37,8208,Tyler Badie,RB,DEN,26,68,197,Missouri,28,2000-02-07,4,False,Active,,,4,RB4,999,16.0,35.4,2.21,0.0,0.0,0.0,8.0,23.0,0.0,19.0,31.0,141.0,0.0,3.0,9.4,3.13,0.0,0.0,0.0,11.0,86.0,0.0,3.0,3.0,-2.0,0.0,78,170.1,1,0,986,,,170.1,,,603
249,29,QB depth,21,331,Philip Rivers,QB,FA,44,77,228,North Carolina State,17,1981-12-08,22,False,Active,,,,,338,3.0,34.66,11.55,544.0,4.0,3.0,2.0,-1.0,0.0,0.0,0.0,0.0,0.0,0.0,0.0,0.0,0.0,0.0,0.0,0.0,0.0,0.0,0.0,0.0,0.0,0.0,50,169.7,1,0,223,,,169.7,,,-161
304,101,WR depth,59,5938,Lil'Jordan Humphrey,WR,DEN,28,76,225,Texas,5,1998-04-19,7,False,Active,,,6,WR6,999,10.0,34.6,3.46,0.0,0.0,0.0,0.0,0.0,0.0,13.0,25.0,156.0,1.0,17.0,64.3,3.78,0.0,0.0,0.0,0.0,0.0,0.0,31.0,45.0,293.0,1.0,128,169.9,1,0,268,,,169.9,,,-117
427,149,WR depth,60,6699,Gunner Olszewski,WR,NYG,29,72,190,Bemidji State,80,1996-11-26,7,False,Inactive,IR,Surgery,10,WR10,999,16.0,33.82,2.11,33.0,1.0,0.0,0.0,0.0,0.0,10.0,13.0,145.0,1.0,0.0,0.0,0.0,0.0,0.0,0.0,0.0,0.0,0.0,0.0,0.0,0.0,0.0,129,170.0,1,0,459,,,170.0,,,73
182,48,RB depth,37,4137,James Conner,RB,ARI,31,73,233,Pittsburgh,6,1995-05-05,9,False,Active,Questionable,,3,RB3,92,3.0,33.3,11.1,0.0,0.0,0.0,32.0,95.0,1.0,8.0,9.0,38.0,1.0,16.0,254.8,15.93,0.0,0.0,0.0,236.0,1094.0,8.0,47.0,55.0,414.0,1.0,79,162.1,2,805,574,,154.1,170.2,,,187
947,207,RB depth,38,9757,Kendre Miller,RB,NO,24,72,220,TCU,5,2002-06-11,3,False,Active,Questionable,,5,RB5,180,7.0,33.3,4.76,0.0,0.0,0.0,47.0,193.0,1.0,5.0,5.0,30.0,0.0,6.0,29.1,4.85,0.0,0.0,0.0,39.0,148.0,1.0,5.0,8.0,33.0,0.0,80,170.1,1,0,978,,,170.1,,,590
428,150,WR depth,60,8200,Kevin Austin,WR,NO,26,74,200,Notre Dame,81,2000-03-30,4,False,Active,,,6,WR6,999,8.0,33.0,4.12,0.0,0.0,0.0,0.0,0.0,0.0,13.0,23.0,140.0,1.0,8.0,27.0,3.38,0.0,0.0,0.0,1.0,9.0,0.0,11.0,22.0,151.0,0.0,130,170.0,1,0,770,,,170.0,,,381
948,208,RB depth,39,11370,Chris Brooks,RB,GB,26,73,219,BYU,30,2000-01-11,3,False,Active,PUP,,2,RB2,999,17.0,32.7,1.92,0.0,0.0,0.0,27.0,106.0,0.0,13.0,17.0,91.0,0.0,15.0,42.2,2.81,0.0,0.0,0.0,36.0,183.0,1.0,11.0,13.0,69.0,0.0,81,170.1,1,0,983,,,170.1,,,593
429,63,TE depth,31,7535,Hunter Long,TE,JAX,27,77,243,Boston College,84,1998-08-19,5,False,Active,,,3,TE3,999,9.0,32.5,3.61,0.0,0.0,0.0,0.0,0.0,0.0,12.0,17.0,85.0,2.0,17.0,19.0,1.12,0.0,0.0,0.0,0.0,0.0,0.0,7.0,9.0,60.0,0.0,63,170.0,1,0,740,,,170.0,,,349
430,63,QB depth,22,12470,Riley Leonard,QB,IND,23,76,213,Notre Dame,15,2002-09-13,1,False,Active,,,3,QB3,402,5.0,32.0,6.4,415.0,2.0,3.0,6.0,27.0,2.0,0.0,0.0,-3.0,0.0,0.0,0.0,0.0,0.0,0.0,0.0,0.0,0.0,0.0,0.0,0.0,0.0,0.0,51,170.0,1,0,361,,,170.0,,,-31
250,23,K depth,17,13066,Ben Sauls,K,NYG,25,70,185,Pittsburgh,30,2001-07-31,1,False,Active,,,1,K1,326,3.0,32.0,10.67,0.0,0.0,0.0,0.0,0.0,0.0,0.0,0.0,0.0,0.0,0.0,0.0,0.0,0.0,0.0,0.0,0.0,0.0,0.0,0.0,0.0,0.0,0.0,38,169.7,1,0,231,,,169.7,,,-162
431,151,WR depth,61,5086,Marquez Valdes-Scantling,WR,DAL,31,76,206,South Florida,11,1994-10-10,8,False,Active,,,5,WR5,999,10.0,32.0,3.2,0.0,0.0,0.0,0.0,0.0,0.0,14.0,29.0,120.0,1.0,14.0,84.5,6.04,0.0,0.0,0.0,1.0,4.0,0.0,19.0,44.0,411.0,4.0,131,170.0,1,0,367,,,170.0,,,-27
432,64,TE depth,32,6001,Drew Sample,TE,CIN,30,77,260,Washington,89,1996-04-16,7,False,Active,,,3,TE3,999,17.0,31.9,1.88,0.0,0.0,0.0,1.0,3.0,0.0,15.0,20.0,106.0,1.0,17.0,37.5,2.21,0.0,0.0,0.0,1.0,-4.0,0.0,20.0,22.0,109.0,1.0,64,170.0,1,0,354,,,170.0,,,-41
433,152,WR depth,62,11617,Malachi Corley,WR,CLE,24,71,215,Western Kentucky,83,2002-03-21,2,False,Active,,,6,WR6,999,13.0,31.6,2.43,0.0,0.0,0.0,13.0,127.0,0.0,11.0,14.0,79.0,0.0,9.0,5.2,0.58,0.0,0.0,0.0,2.0,26.0,0.0,3.0,6.0,16.0,0.0,132,170.0,1,0,393,,,170.0,,,-3
399,133,WR bench,63,11068,Mitch Tinsley,WR,CIN,26,73,205,Penn State,82,1999-09-15,3,False,Active,,,4,WR4,999,17.0,31.6,1.86,0.0,0.0,0.0,0.0,0.0,0.0,8.0,24.0,116.0,2.0,0.0,0.0,0.0,0.0,0.0,0.0,0.0,0.0,0.0,0.0,0.0,0.0,0.0,133,,0,,,,,,,,
434,83,RB depth,39,11439,Jaleel McLaughlin,RB,DEN,25,67,187,Youngstown State,38,2000-09-13,3,False,Active,,,5,RB5,999,8.0,31.4,3.92,0.0,0.0,0.0,37.0,187.0,1.0,4.0,6.0,27.0,0.0,16.0,97.2,6.08,0.0,0.0,0.0,113.0,496.0,1.0,24.0,27.0,76.0,2.0,82,170.0,1,0,412,,,170.0,,,15
435,153,WR depth,63,7562,Tutu Atwell,WR,MIA,26,69,165,Louisville,4,1999-10-07,5,False,Active,,,6,WR6,999,10.0,31.2,3.12,0.0,0.0,0.0,0.0,0.0,0.0,6.0,15.0,192.0,1.0,17.0,98.9,5.82,0.0,0.0,0.0,2.0,7.0,0.0,42.0,62.0,562.0,0.0,134,170.0,1,0,383,,,170.0,,,-15
436,64,QB depth,22,3976,Mitchell Trubisky,QB,TEN,31,75,222,North Carolina,10,1994-08-20,9,False,Active,,,3,QB3,999,4.0,31.12,7.78,313.0,4.0,0.0,9.0,6.0,0.0,0.0,0.0,0.0,0.0,9.0,15.26,1.7,179.0,2.0,0.0,17.0,1.0,0.0,0.0,0.0,0.0,0.0,52,170.0,1,0,543,,,170.0,,,144
437,65,TE depth,32,11371,Julian Hill,TE,NE,26,76,251,Campbell,80,2000-07-09,3,False,Inactive,IR,,4,TE4,999,14.0,31.0,2.21,0.0,0.0,0.0,0.0,0.0,0.0,15.0,20.0,140.0,0.0,16.0,22.0,1.38,0.0,0.0,0.0,0.0,0.0,0.0,12.0,19.0,100.0,0.0,65,170.0,1,0,755,,,170.0,,,355
438,154,WR depth,63,6943,Gabe Davis,WR,FA,26,74,225,UCF,13,1999-04-01,6,False,Active,Questionable,Surgery,,,322,6.0,30.9,5.15,0.0,0.0,0.0,0.0,0.0,0.0,12.0,18.0,129.0,1.0,10.0,53.9,5.39,0.0,0.0,0.0,0.0,0.0,0.0,20.0,42.0,239.0,2.0,135,170.0,1,0,688,,,170.0,,,287
439,66,TE depth,33,4054,Mo Alie-Cox,TE,IND,32,77,267,VCU,81,1993-09-19,9,False,Active,,,3,TE3,9999999,17.0,30.7,1.81,0.0,0.0,0.0,0.0,0.0,0.0,13.0,20.0,117.0,1.0,17.0,32.7,1.92,0.0,0.0,0.0,0.0,0.0,0.0,12.0,22.0,147.0,1.0,66,170.0,1,0,387,,,170.0,,,-15
440,155,WR depth,64,4080,Zay Jones,WR,FA,30,74,200,East Carolina,17,1995-03-30,9,False,Active,,,,,9999999,8.0,30.3,3.79,0.0,0.0,0.0,0.0,0.0,0.0,12.0,18.0,183.0,0.0,11.0,16.4,1.49,0.0,0.0,0.0,0.0,0.0,0.0,8.0,11.0,84.0,0.0,136,170.0,1,0,882,,,170.0,,,479
441,156,WR depth,65,11157,Brycen Tremayne,WR,CAR,26,76,212,Stanford,87,1999-11-18,3,False,Active,,,8,WR8,9999999,16.0,30.0,1.88,0.0,0.0,0.0,0.0,0.0,0.0,14.0,18.0,160.0,0.0,2.0,0.8,0.4,0.0,0.0,0.0,0.0,0.0,0.0,1.0,1.0,-2.0,0.0,137,170.0,1,0,730,,,170.0,,,326
168,64,WR depth,65,11618,Jalen McMillan,WR,TB,24,73,192,Washington,11,2001-12-07,2,False,Active,Questionable,,3,WR3,162,4.0,29.9,7.47,0.0,0.0,0.0,1.0,1.0,0.0,12.0,15.0,178.0,0.0,13.0,135.4,10.42,0.0,0.0,0.0,4.0,43.0,0.0,37.0,58.0,461.0,8.0,138,154.2,2,26,165,,141.4,167.1,,,-240
949,209,RB depth,39,11588,Jawhar Jordan,RB,HOU,26,70,185,Louisville,25,1999-08-18,2,False,Active,,,3,RB3,999,4.0,29.7,7.42,0.0,0.0,0.0,43.0,193.0,0.0,7.0,7.0,34.0,0.0,0.0,0.0,0.0,0.0,0.0,0.0,0.0,0.0,0.0,0.0,0.0,0.0,0.0,83,170.1,1,0,981,,,170.1,,,575
442,67,TE depth,34,7842,Luke Farrell,TE,SF,28,77,250,Ohio State,89,1997-10-14,5,False,Active,,,4,TE4,999,17.0,29.5,1.74,0.0,0.0,0.0,0.0,0.0,0.0,11.0,14.0,85.0,2.0,17.0,18.7,1.1,0.0,0.0,0.0,0.0,0.0,0.0,12.0,17.0,67.0,0.0,67,170.0,1,0,438,,,170.0,,,31
443,84,RB depth,40,2749,Raheem Mostert,RB,FA,33,70,212,Purdue,31,1992-04-09,11,False,Active,Questionable,,,,384,12.0,29.4,2.45,0.0,0.0,0.0,22.0,104.0,0.0,12.0,12.0,70.0,0.0,13.0,70.9,5.45,0.0,0.0,0.0,85.0,278.0,2.0,19.0,23.0,161.0,0.0,84,170.0,1,0,934,,,170.0,,,526
251,24,K depth,18,4666,Younghoe Koo,K,FA,31,69,185,Georgia Southern,19,1994-08-03,9,False,Active,,,,K1,999,6.0,29.0,4.83,0.0,0.0,0.0,0.0,0.0,0.0,0.0,0.0,0.0,0.0,14.0,111.0,7.93,0.0,0.0,0.0,0.0,0.0,0.0,0.0,0.0,0.0,0.0,39,169.7,1,0,229,,,169.7,,,-180
950,348,WR depth,66,8135,Treylon Burks,WR,WAS,26,74,225,Arkansas,13,2000-03-23,4,False,Active,,,6,WR6,999,8.0,29.0,3.62,0.0,0.0,0.0,0.0,0.0,0.0,10.0,22.0,130.0,1.0,5.0,7.5,1.5,0.0,0.0,0.0,2.0,1.0,0.0,4.0,8.0,34.0,0.0,139,170.1,1,0,985,,,170.1,,,575
305,102,WR depth,67,12523,Jimmy Horn,WR,CAR,23,68,174,Colorado,15,2002-09-12,1,False,Active,,,6,WR6,999,13.0,28.7,2.21,0.0,0.0,0.0,8.0,69.0,0.0,11.0,15.0,108.0,0.0,0.0,0.0,0.0,0.0,0.0,0.0,0.0,0.0,0.0,0.0,0.0,0.0,0.0,140,169.9,1,0,311,,,169.9,,,-100
444,157,WR depth,67,7596,Elijah Moore,WR,PHI,26,70,178,Ole Miss,19,2000-03-27,5,False,Active,,,5,WR5,999,9.0,28.6,3.18,0.0,0.0,0.0,6.0,24.0,1.0,9.0,17.0,112.0,0.0,17.0,120.9,7.11,0.0,0.0,0.0,1.0,1.0,0.0,61.0,102.0,538.0,1.0,141,170.0,1,0,405,,,170.0,,,-7
445,68,TE depth,34,11596,Ben Sinnott,TE,WAS,24,76,245,Kansas State,82,2002-06-14,2,False,Active,,,3,TE3,999,16.0,28.4,1.77,0.0,0.0,0.0,0.0,0.0,0.0,11.0,13.0,114.0,1.0,17.0,13.8,0.81,0.0,0.0,0.0,0.0,0.0,0.0,5.0,5.0,28.0,1.0,68,170.0,1,0,388,,,170.0,,,-25
446,158,WR depth,67,6920,Isaiah Hodgins,WR,NYG,27,75,200,Oregon State,89,1998-10-21,6,False,Active,,,7,WR7,9999999,7.0,27.5,3.93,0.0,0.0,0.0,0.0,0.0,0.0,10.0,19.0,115.0,1.0,3.0,3.2,1.07,0.0,0.0,0.0,0.0,0.0,0.0,2.0,2.0,12.0,0.0,142,170.0,1,0,464,,,170.0,,,50
418,69,TE bench,35,8181,Connor Heyward,TE,LV,27,72,230,Michigan State,34,1999-01-22,4,False,Active,,,3,TE3,999,17.0,27.4,1.61,0.0,0.0,0.0,15.0,43.0,2.0,3.0,4.0,21.0,1.0,17.0,17.0,1.0,0.0,0.0,0.0,0.0,0.0,0.0,6.0,8.0,40.0,1.0,69,,0,,,,,,,,
447,69,TE depth,35,7716,John Bates,TE,WAS,28,78,256,Boise State,87,1997-11-06,5,False,Active,Questionable,,2,TE2,999,15.0,27.3,1.82,0.0,0.0,0.0,0.0,0.0,0.0,11.0,16.0,103.0,1.0,17.0,14.4,0.85,0.0,0.0,0.0,0.0,0.0,0.0,8.0,13.0,84.0,0.0,70,170.0,1,0,386,,,170.0,,,-29
306,44,TE depth,36,10871,Luke Schoonmaker,TE,DAL,27,77,250,Michigan,86,1998-09-28,3,False,Active,,,3,TE3,999,17.0,27.2,1.6,0.0,0.0,0.0,0.0,0.0,0.0,14.0,23.0,132.0,0.0,17.0,57.1,3.36,0.0,0.0,0.0,0.0,0.0,0.0,27.0,36.0,241.0,1.0,71,169.9,1,0,264,,,169.9,,,-152
973,224,RB depth,41,12544,LeQuint Allen,RB,JAX,22,72,201,Syracuse,5,2004-08-05,1,False,Active,,,4,RB4,999,17.0,26.8,1.58,0.0,0.0,0.0,23.0,94.0,0.0,10.0,11.0,54.0,0.0,0.0,0.0,0.0,0.0,0.0,0.0,0.0,0.0,0.0,0.0,0.0,0.0,0.0,85,170.3,1,0,1004,,,170.3,,,587
307,103,WR depth,68,13079,Jahdae Walker,WR,CHI,24,75,206,Texas A&M,9,2002-07-05,1,False,Active,,,3,WR3,999,9.0,26.7,2.97,0.0,0.0,0.0,0.0,0.0,0.0,6.0,10.0,87.0,2.0,0.0,0.0,0.0,0.0,0.0,0.0,0.0,0.0,0.0,0.0,0.0,0.0,0.0,143,169.9,1,0,267,,,169.9,,,-151
448,85,RB depth,41,6151,Miles Sanders,RB,FA,28,71,211,Penn State,24,1997-05-01,7,False,Active,,,,,290,4.0,26.7,6.67,0.0,0.0,0.0,20.0,117.0,1.0,8.0,8.0,30.0,0.0,11.0,77.3,7.03,0.0,0.0,0.0,55.0,205.0,2.0,24.0,30.0,148.0,1.0,86,170.0,1,0,679,,,170.0,,,260
449,65,QB depth,23,260,Josh Johnson,QB,CIN,40,75,219,San Diego,11,1986-05-15,18,False,Active,,,3,QB3,999,5.0,26.38,5.28,372.0,1.0,2.0,12.0,55.0,1.0,0.0,0.0,0.0,0.0,6.0,0.78,0.13,17.0,0.0,0.0,4.0,1.0,0.0,0.0,0.0,0.0,0.0,53,170.0,1,0,877,,,170.0,,,457
165,63,WR depth,68,12860,Theo Wease,WR,MIA,25,74,210,Missouri,81,2001-06-25,1,False,Active,,,1,WR1,999,3.0,25.9,8.63,0.0,0.0,0.0,0.0,0.0,0.0,6.0,10.0,139.0,1.0,0.0,0.0,0.0,0.0,0.0,0.0,0.0,0.0,0.0,0.0,0.0,0.0,0.0,144,153.2,2,605,445,,136.4,170.0,,,24
450,86,RB depth,42,7537,Jaret Patterson,RB,LAC,26,68,195,Buffalo,32,1999-12-23,5,False,Active,,,4,RB4,9999999,6.0,25.7,4.28,0.0,0.0,0.0,41.0,159.0,1.0,3.0,4.0,8.0,0.0,1.0,0.0,0.0,0.0,0.0,0.0,0.0,0.0,0.0,0.0,0.0,0.0,0.0,87,170.0,1,0,564,,,170.0,,,142
951,349,WR depth,69,12482,Savion Williams,WR,GB,24,76,222,TCU,83,2001-11-22,1,False,Active,,,4,WR4,999,12.0,25.5,2.12,0.0,0.0,0.0,11.0,37.0,0.0,10.0,10.0,78.0,1.0,0.0,0.0,0.0,0.0,0.0,0.0,0.0,0.0,0.0,0.0,0.0,0.0,0.0,145,170.1,1,0,972,,,170.1,,,549
451,70,TE depth,36,8500,John FitzPatrick,TE,FA,25,79,262,Georgia,86,2000-03-09,4,False,Active,Questionable,Surgery,,,9999999,15.0,25.2,1.68,0.0,0.0,0.0,0.0,0.0,0.0,12.0,15.0,72.0,1.0,9.0,1.2,0.13,0.0,0.0,0.0,0.0,0.0,0.0,1.0,1.0,2.0,0.0,72,170.0,1,0,846,,,170.0,,,422
308,104,WR depth,70,12718,Konata Mumpfield,WR,LAR,23,73,188,Pittsburgh,4,2002-10-24,1,False,Active,,,4,WR4,999,17.0,25.2,1.48,0.0,0.0,0.0,0.0,0.0,0.0,10.0,23.0,92.0,1.0,0.0,0.0,0.0,0.0,0.0,0.0,0.0,0.0,0.0,0.0,0.0,0.0,0.0,146,169.9,1,0,309,,,169.9,,,-116
452,87,RB depth,43,4718,Dare Ogunbowale,RB,LV,32,70,205,Wisconsin,32,1994-05-04,9,False,Active,,,4,RB4,999,17.0,25.1,1.48,0.0,0.0,0.0,11.0,25.0,1.0,10.0,13.0,76.0,0.0,17.0,57.0,3.35,0.0,0.0,0.0,30.0,112.0,0.0,19.0,28.0,198.0,1.0,88,170.0,1,0,805,,,170.0,,,379
453,71,TE depth,37,4995,Ian Thomas,TE,LV,30,75,253,Indiana,80,1996-06-06,8,False,Active,,,3,TE3,999,15.0,24.4,1.63,0.0,0.0,0.0,0.0,0.0,0.0,13.0,13.0,114.0,0.0,5.0,3.7,0.74,0.0,0.0,0.0,0.0,0.0,0.0,3.0,6.0,7.0,0.0,73,170.0,1,0,542,,,170.0,,,115
454,88,RB depth,43,11570,Rasheen Ali,RB,BAL,25,71,210,Marshall,26,2001-02-16,2,False,Active,,,4,RB4,999,15.0,24.2,1.61,0.0,0.0,0.0,7.0,24.0,0.0,9.0,11.0,68.0,1.0,6.0,3.1,0.52,0.0,0.0,0.0,10.0,31.0,0.0,0.0,2.0,0.0,0.0,89,170.0,1,0,949,,,170.0,,,521
309,105,WR depth,70,8204,Bo Melton,WR,GB,27,71,189,Rutgers,16,1999-05-18,4,False,Active,,,5,WR5,999,16.0,24.2,1.51,0.0,0.0,0.0,5.0,35.0,0.0,4.0,13.0,107.0,1.0,17.0,23.5,1.38,0.0,0.0,0.0,8.0,54.0,0.0,8.0,17.0,91.0,0.0,147,169.9,1,0,280,,,169.9,,,-149
310,45,TE depth,38,11593,Brevyn Spann-Ford,TE,DAL,26,78,265,Minnesota,89,1999-12-27,2,False,Active,,,4,TE4,999,17.0,24.0,1.41,0.0,0.0,0.0,0.0,0.0,0.0,9.0,13.0,90.0,1.0,17.0,17.8,1.05,0.0,0.0,0.0,0.0,0.0,0.0,9.0,14.0,88.0,0.0,74,169.9,1,0,315,,,169.9,,,-115
311,106,WR depth,70,12541,Dont'e Thornton,WR,LV,23,77,205,Tennessee,10,2002-11-30,1,False,Active,,,4,WR4,999,15.0,23.5,1.57,0.0,0.0,0.0,0.0,0.0,0.0,10.0,30.0,135.0,0.0,0.0,0.0,0.0,0.0,0.0,0.0,0.0,0.0,0.0,0.0,0.0,0.0,0.0,148,169.9,1,0,328,,,169.9,,,-103
455,89,RB depth,43,6945,Antonio Gibson,RB,FA,27,72,228,Memphis,4,1998-06-23,6,False,Active,Questionable,Surgery,,,367,5.0,23.2,4.64,0.0,0.0,0.0,25.0,106.0,1.0,2.0,3.0,6.0,0.0,17.0,103.4,6.08,0.0,0.0,0.0,120.0,538.0,1.0,23.0,29.0,206.0,0.0,90,170.0,1,0,503,,,170.0,,,71
456,159,WR depth,70,4171,Josh Reynolds,WR,FA,31,75,192,Texas A&M,83,1995-02-16,9,False,Active,Questionable,,,,394,5.0,23.1,4.62,0.0,0.0,0.0,0.0,0.0,0.0,11.0,21.0,101.0,0.0,9.0,38.4,4.27,0.0,0.0,0.0,0.0,0.0,0.0,13.0,24.0,194.0,1.0,149,170.0,1,0,926,,,170.0,,,493
457,90,RB depth,44,6323,Andrew Beck,RB,NYJ,30,75,255,Texas,47,1996-05-15,7,False,Active,,,4,RB4,999,17.0,23.0,1.35,0.0,0.0,0.0,1.0,5.0,0.0,6.0,9.0,45.0,2.0,4.0,0.0,0.0,0.0,0.0,0.0,0.0,0.0,0.0,0.0,2.0,0.0,0.0,91,170.0,1,0,541,,,170.0,,,107
458,160,WR depth,71,5185,Allen Lazard,WR,FA,30,77,227,Iowa State,10,1995-12-11,7,False,Active,,,,,322,10.0,23.0,2.3,0.0,0.0,0.0,0.0,0.0,0.0,10.0,18.0,70.0,1.0,12.0,126.0,10.5,0.0,0.0,0.0,0.0,0.0,0.0,37.0,60.0,530.0,6.0,150,170.0,1,0,880,,,170.0,,,445
459,72,TE depth,38,8177,Grant Calcaterra,TE,PHI,27,76,240,SMU,81,1998-12-04,4,False,Active,,,3,TE3,999,15.0,22.6,1.51,0.0,0.0,0.0,0.0,0.0,0.0,9.0,13.0,76.0,1.0,17.0,59.8,3.52,0.0,0.0,0.0,0.0,0.0,0.0,24.0,30.0,298.0,1.0,75,170.0,1,0,469,,,170.0,,,33
460,47,K depth,18,6268,Matthew Wright,K,FA,29,71,174,UCF,40,1996-03-22,7,False,Active,,,,K1,453,4.0,22.0,5.5,0.0,0.0,0.0,0.0,0.0,0.0,0.0,0.0,0.0,0.0,5.0,55.0,11.0,0.0,0.0,0.0,0.0,0.0,0.0,0.0,0.0,0.0,0.0,40,170.0,1,0,897,,,170.0,,,460
461,161,WR depth,71,4082,Curtis Samuel,WR,FA,29,71,195,Ohio State,1,1996-08-11,9,False,Active,,,,,371,6.0,21.1,3.52,0.0,0.0,0.0,0.0,0.0,0.0,7.0,9.0,81.0,1.0,14.0,63.7,4.55,0.0,0.0,0.0,5.0,14.0,0.0,31.0,46.0,253.0,1.0,151,170.0,1,0,940,,,170.0,,,502
968,220,RB depth,44,12048,George Holani,RB,SEA,26,71,210,Boise State,36,1999-12-16,2,False,Active,,,4,RB4,999,11.0,20.8,1.89,0.0,0.0,0.0,22.0,73.0,1.0,2.0,2.0,15.0,0.0,5.0,1.9,0.38,0.0,0.0,0.0,3.0,10.0,0.0,1.0,1.0,-1.0,0.0,92,170.2,1,0,996,,,170.2,,,557
462,162,WR depth,72,11633,Jamari Thrash,WR,CLE,25,72,190,Louisville,80,2000-12-19,2,False,Active,,,8,WR8,999,9.0,20.7,2.3,0.0,0.0,0.0,0.0,0.0,0.0,10.0,15.0,107.0,0.0,9.0,5.2,0.58,0.0,0.0,0.0,0.0,0.0,0.0,3.0,7.0,22.0,0.0,152,170.0,1,0,627,,,170.0,,,187
463,73,TE depth,38,5010,Will Dissly,TE,FA,29,76,265,Washington,89,1996-07-08,8,False,Active,Questionable,,,,397,9.0,20.7,2.3,0.0,0.0,0.0,0.0,0.0,0.0,11.0,16.0,97.0,0.0,15.0,110.1,7.34,0.0,0.0,0.0,0.0,0.0,0.0,50.0,64.0,481.0,2.0,76,170.0,1,0,936,,,170.0,,,495
464,163,WR depth,73,11895,Mason Tipton,WR,NO,25,71,187,Yale,15,2000-09-27,2,False,Active,PUP,,7,WR7,999,14.0,20.4,1.46,0.0,0.0,0.0,4.0,18.0,0.0,11.0,17.0,76.0,0.0,11.0,23.9,2.17,0.0,0.0,0.0,0.0,0.0,0.0,14.0,26.0,99.0,0.0,153,170.0,1,0,547,,,170.0,,,105
201,54,RB depth,44,12457,Jaydon Blue,RB,DAL,22,69,198,Texas,23,2004-01-08,1,False,Active,,,3,RB3,189,5.0,20.4,4.08,0.0,0.0,0.0,38.0,129.0,1.0,1.0,1.0,5.0,0.0,0.0,0.0,0.0,0.0,0.0,0.0,0.0,0.0,0.0,0.0,0.0,0.0,0.0,93,165.1,2,675,530,,160.1,170.0,,,87
465,91,RB depth,44,12472,Raheim Sanders,RB,CLE,24,72,230,South Carolina,35,2002-06-08,1,False,Active,,,3,RB3,999,4.0,20.3,5.08,0.0,0.0,0.0,27.0,92.0,1.0,3.0,4.0,21.0,0.0,0.0,0.0,0.0,0.0,0.0,0.0,0.0,0.0,0.0,0.0,0.0,0.0,0.0,94,170.0,1,0,418,,,170.0,,,-26
466,74,TE depth,39,4314,Johnny Mundt,TE,PHI,31,76,245,Oregon,83,1994-11-23,9,False,Active,,,4,TE4,9999999,16.0,20.1,1.26,0.0,0.0,0.0,0.0,0.0,0.0,9.0,19.0,111.0,0.0,17.0,45.2,2.66,0.0,0.0,0.0,0.0,0.0,0.0,19.0,27.0,142.0,2.0,77,170.0,1,0,905,,,170.0,,,460
467,48,K depth,18,8932,Lucas Havrisik,K,FA,26,74,185,Arizona,35,1999-09-29,4,False,Active,,,,K1,999,3.0,20.0,6.67,0.0,0.0,0.0,0.0,0.0,0.0,0.0,0.0,0.0,0.0,0.0,0.0,0.0,0.0,0.0,0.0,0.0,0.0,0.0,0.0,0.0,0.0,0.0,41,170.0,1,0,713,,,170.0,,,267
468,164,WR depth,73,6427,Ashton Dulin,WR,IND,29,74,215,Malone (OH),16,1997-05-15,7,False,Active,,,3,WR3,999,12.0,20.0,1.67,0.0,0.0,0.0,3.0,44.0,0.0,5.0,10.0,106.0,0.0,15.0,19.2,1.28,0.0,0.0,0.0,5.0,45.0,0.0,2.0,8.0,67.0,1.0,154,170.0,1,0,382,,,170.0,,,-65
469,165,WR depth,74,7496,Nick Westbrook-Ikhine,WR,IND,29,74,211,Indiana,12,1997-03-21,6,False,Active,,,4,WR4,999,15.0,19.9,1.33,0.0,0.0,0.0,0.0,0.0,0.0,11.0,20.0,89.0,0.0,17.0,135.7,7.98,0.0,0.0,0.0,0.0,0.0,0.0,32.0,60.0,497.0,9.0,155,170.0,1,0,951,,,170.0,,,503
470,75,TE depth,39,11599,Cade Stover,TE,HOU,26,76,251,Ohio State,8,2000-06-12,2,False,Active,,,3,TE3,999,9.0,19.9,2.21,0.0,0.0,0.0,4.0,3.0,0.0,12.0,16.0,76.0,0.0,15.0,34.3,2.29,0.0,0.0,0.0,0.0,0.0,0.0,15.0,22.0,133.0,1.0,78,170.0,1,0,385,,,170.0,,,-64
471,166,WR depth,74,4992,Dante Pettis,WR,BUF,30,73,195,Washington,87,1995-10-23,8,False,Active,,,8,WR8,9999999,8.0,19.7,2.46,0.0,0.0,0.0,0.0,0.0,0.0,9.0,11.0,127.0,0.0,8.0,32.0,4.0,0.0,0.0,0.0,0.0,0.0,0.0,12.0,28.0,120.0,1.0,156,170.0,1,0,935,,,170.0,,,485
472,167,WR depth,75,13150,Darius Cooper,WR,PHI,24,71,210,Tarleton State,80,2001-11-22,1,False,Active,,,6,WR6,999,13.0,18.2,1.4,0.0,0.0,0.0,0.0,0.0,0.0,9.0,11.0,92.0,0.0,0.0,0.0,0.0,0.0,0.0,0.0,0.0,0.0,0.0,0.0,0.0,0.0,0.0,157,170.0,1,0,444,,,170.0,,,-7
473,76,TE depth,40,8849,Tanner Conner,TE,NYG,28,75,232,Idaho State,48,1998-03-20,4,False,Active,,,3,TE3,999,9.0,18.1,2.01,0.0,0.0,0.0,0.0,0.0,0.0,9.0,15.0,91.0,0.0,8.0,4.6,0.57,0.0,0.0,0.0,0.0,0.0,0.0,3.0,4.0,16.0,0.0,79,170.0,1,0,747,,,170.0,,,295
474,168,WR depth,75,7039,Cody White,WR,SEA,27,75,227,Michigan State,82,1998-11-28,6,False,Active,,,5,WR5,999,10.0,18.0,1.8,0.0,0.0,0.0,0.0,0.0,0.0,3.0,4.0,90.0,1.0,4.0,8.4,2.1,0.0,0.0,0.0,0.0,0.0,0.0,2.0,3.0,44.0,0.0,158,170.0,1,0,407,,,170.0,,,-46
312,107,WR depth,76,7757,Ben Skowronek,WR,PIT,29,75,224,Notre Dame,15,1997-06-27,5,False,Active,,,5,WR5,999,17.0,17.9,1.05,0.0,0.0,0.0,0.0,0.0,0.0,4.0,6.0,69.0,1.0,10.0,13.9,1.39,0.0,0.0,0.0,0.0,0.0,0.0,5.0,5.0,69.0,0.0,159,169.9,1,0,313,,,169.9,,,-141
475,169,WR depth,76,11994,Kameron Johnson,WR,TB,24,70,170,Barton,19,2002-03-17,2,False,Active,,,8,WR8,999,17.0,17.7,1.04,0.0,0.0,0.0,2.0,13.0,0.0,4.0,7.0,64.0,1.0,6.0,1.1,0.18,0.0,0.0,0.0,2.0,11.0,0.0,0.0,1.0,0.0,0.0,160,170.0,1,0,448,,,170.0,,,-7
476,92,RB depth,45,11577,Will Shipley,RB,PHI,23,71,209,Clemson,28,2002-08-29,2,False,Active,,,5,RB5,999,15.0,17.5,1.17,0.0,0.0,0.0,14.0,49.0,0.0,9.0,12.0,56.0,0.0,16.0,15.7,0.98,0.0,0.0,0.0,30.0,82.0,0.0,4.0,4.0,35.0,0.0,95,170.0,1,0,948,,,170.0,,,492
477,77,TE depth,41,7536,Quintin Morris,TE,JAX,27,74,243,Bowling Green,80,1999-01-21,5,False,Active,,,5,TE5,9999999,14.0,17.5,1.25,0.0,0.0,0.0,0.0,0.0,0.0,6.0,9.0,55.0,1.0,16.0,14.6,0.91,0.0,0.0,0.0,0.0,0.0,0.0,5.0,8.0,36.0,1.0,80,170.0,1,0,585,,,170.0,,,128
478,78,TE depth,41,5133,Tyler Conklin,TE,DET,31,75,245,Central Michigan,83,1995-07-30,8,False,Active,,,3,TE3,999,13.0,17.3,1.33,0.0,0.0,0.0,1.0,2.0,0.0,7.0,10.0,101.0,0.0,16.0,121.9,7.62,0.0,0.0,0.0,1.0,0.0,0.0,51.0,72.0,449.0,4.0,81,170.0,1,0,441,,,170.0,,,-17
479,93,RB depth,45,6144,Trayveon Williams,RB,FA,28,68,206,Texas A&M,38,1997-10-18,7,False,Active,,,,,9999999,7.0,17.1,2.44,0.0,0.0,0.0,10.0,36.0,0.0,8.0,9.0,55.0,0.0,17.0,0.0,0.0,0.0,0.0,0.0,0.0,0.0,0.0,0.0,0.0,0.0,0.0,96,170.0,1,0,806,,,170.0,,,347
480,66,QB depth,24,4972,Mason Rudolph,QB,PIT,31,77,235,Oklahoma State,2,1995-07-17,8,False,Active,,,2,QB2,999,6.0,17.0,2.83,310.0,2.0,2.0,7.0,6.0,0.0,0.0,0.0,0.0,0.0,8.0,104.8,13.1,1530.0,9.0,9.0,25.0,106.0,1.0,0.0,0.0,0.0,0.0,54,170.0,1,0,456,,,170.0,,,-4
481,79,TE depth,41,11433,Nate Adkins,TE,DEN,27,75,252,South Carolina,45,1999-07-09,3,False,Active,,,3,TE3,9999999,9.0,16.8,1.87,0.0,0.0,0.0,0.0,0.0,0.0,6.0,11.0,48.0,1.0,17.0,43.5,2.56,0.0,0.0,0.0,0.0,0.0,0.0,14.0,15.0,115.0,3.0,82,170.0,1,0,725,,,170.0,,,264
482,80,TE depth,42,7946,Jack Stoll,TE,CLE,28,76,245,Nebraska,89,1998-01-28,5,False,Active,,,4,TE4,9999999,15.0,16.6,1.11,0.0,0.0,0.0,0.0,0.0,0.0,6.0,11.0,46.0,1.0,11.0,3.0,0.27,0.0,0.0,0.0,0.0,0.0,0.0,2.0,3.0,10.0,0.0,83,170.0,1,0,447,,,170.0,,,-15
313,108,WR depth,76,12542,Efton Chism,WR,NE,24,70,198,Eastern Washington,86,2001-10-26,1,False,Active,,,7,WR7,999,8.0,16.5,2.06,0.0,0.0,0.0,0.0,0.0,0.0,3.0,3.0,75.0,1.0,0.0,0.0,0.0,0.0,0.0,0.0,0.0,0.0,0.0,0.0,0.0,0.0,0.0,161,169.9,1,0,299,,,169.9,,,-164
314,109,WR depth,77,12670,KeAndre Lambert-Smith,WR,LAC,24,73,182,Auburn,84,2001-10-16,1,False,Active,,,5,WR5,999,10.0,16.1,1.61,0.0,0.0,0.0,0.0,0.0,0.0,5.0,12.0,51.0,1.0,0.0,0.0,0.0,0.0,0.0,0.0,0.0,0.0,0.0,0.0,0.0,0.0,0.0,162,169.9,1,0,310,,,169.9,,,-154
483,170,WR depth,77,11257,Shedrick Jackson,WR,LV,26,73,198,Auburn,4,1999-10-20,3,False,Active,,,8,WR8,999,5.0,15.9,3.18,0.0,0.0,0.0,1.0,3.0,0.0,4.0,5.0,56.0,1.0,0.0,0.0,0.0,0.0,0.0,0.0,0.0,0.0,0.0,0.0,0.0,0.0,0.0,163,170.0,1,0,614,,,170.0,,,149
484,94,RB depth,46,8025,Adam Prentice,RB,DEN,29,72,245,South Carolina,46,1997-01-16,5,False,Active,,,6,RB6,999,17.0,15.7,0.92,0.0,0.0,0.0,10.0,44.0,0.0,6.0,8.0,53.0,0.0,17.0,0.0,0.0,0.0,0.0,0.0,0.0,0.0,0.0,0.0,4.0,0.0,0.0,97,170.0,1,0,727,,,170.0,,,261
485,95,RB depth,46,3832,C.J. Ham,RB,FA,32,71,250,Augustana,30,1993-07-22,10,False,Active,NA,,,,592,11.0,15.6,1.42,0.0,0.0,0.0,3.0,5.0,2.0,2.0,2.0,11.0,0.0,17.0,16.5,0.97,0.0,0.0,0.0,2.0,10.0,1.0,5.0,6.0,35.0,0.0,98,170.0,1,0,675,,,170.0,,,208
486,171,WR depth,78,11806,Casey Washington,WR,CAR,25,72,200,Illinois,88,2001-03-06,2,False,Active,,,10,WR10,999,7.0,15.4,2.2,0.0,0.0,0.0,0.0,0.0,0.0,6.0,14.0,94.0,0.0,8.0,2.4,0.3,0.0,0.0,0.0,0.0,0.0,0.0,1.0,2.0,14.0,0.0,164,170.0,1,0,761,,,170.0,,,293
980,227,RB depth,46,11576,Braelon Allen,RB,NYJ,22,73,235,Wisconsin,0,2004-01-20,2,False,Active,,,2,RB2,135,4.0,15.3,3.83,0.0,0.0,0.0,18.0,76.0,1.0,2.0,3.0,17.0,0.0,17.0,85.2,5.01,0.0,0.0,0.0,92.0,334.0,2.0,19.0,27.0,148.0,1.0,99,170.4,1,0,1012,,,170.4,,,543
487,172,WR depth,79,6290,Scotty Miller,WR,CHI,29,69,174,Bowling Green,35,1997-07-31,7,False,Active,,,7,WR7,999,13.0,15.2,1.17,0.0,0.0,0.0,0.0,0.0,0.0,9.0,14.0,62.0,0.0,13.0,11.9,0.92,0.0,0.0,0.0,0.0,0.0,0.0,5.0,9.0,69.0,0.0,165,170.0,1,0,401,,,170.0,,,-69
488,96,RB depth,47,12412,Terrell Jennings,RB,NE,25,72,222,Florida A&M,26,2001-03-01,2,False,Active,,,3,RB3,999,7.0,15.2,2.17,0.0,0.0,0.0,23.0,73.0,1.0,1.0,1.0,9.0,0.0,3.0,3.3,1.1,0.0,0.0,0.0,13.0,33.0,0.0,0.0,1.0,0.0,0.0,100,170.0,1,0,483,,,170.0,,,12
315,110,WR depth,80,8168,Skyy Moore,WR,GB,25,70,195,Western Michigan,23,2000-09-10,4,False,Active,,,6,WR6,999,17.0,14.8,0.87,0.0,0.0,0.0,2.0,11.0,0.0,5.0,7.0,87.0,0.0,6.0,0.0,0.0,0.0,0.0,0.0,0.0,0.0,0.0,0.0,3.0,0.0,0.0,166,169.9,1,0,320,,,169.9,,,-152
316,36,QB depth,24,9230,Tanner McKee,QB,PHI,26,78,231,Stanford,16,2000-04-27,3,False,Active,,,2,QB2,999,4.0,14.76,3.69,274.0,1.0,1.0,8.0,8.0,0.0,0.0,0.0,0.0,0.0,2.0,28.82,14.41,323.0,4.0,0.0,5.0,-1.0,0.0,0.0,0.0,0.0,0.0,55,169.9,1,0,316,,,169.9,,,-157
489,173,WR depth,80,11210,Malik Heath,WR,ATL,25,74,213,Ole Miss,86,2000-03-31,3,False,Active,,,,,9999999,11.0,14.6,1.33,0.0,0.0,0.0,0.0,0.0,0.0,6.0,7.0,86.0,0.0,13.0,31.7,2.44,0.0,0.0,0.0,0.0,0.0,0.0,10.0,13.0,97.0,2.0,167,170.0,1,0,857,,,170.0,,,383
490,81,TE depth,42,10212,Josh Whyle,TE,GB,26,79,248,Cincinnati,81,1999-09-08,3,False,Active,,,4,TE4,999,8.0,14.6,1.82,0.0,0.0,0.0,0.0,0.0,0.0,5.0,6.0,36.0,1.0,17.0,60.8,3.58,0.0,0.0,0.0,0.0,0.0,0.0,28.0,37.0,248.0,1.0,84,170.0,1,0,370,,,170.0,,,-105
491,67,QB depth,24,7610,Trey Lance,QB,LAC,26,76,226,North Dakota State,5,2000-05-09,5,False,Active,,,2,QB2,999,4.0,14.54,3.63,226.0,0.0,1.0,17.0,85.0,0.0,0.0,0.0,0.0,0.0,4.0,13.74,3.44,266.0,0.0,1.0,11.0,41.0,0.0,0.0,0.0,0.0,0.0,56,170.0,1,0,360,,,170.0,,,-116
492,174,WR depth,81,7595,Tylan Wallace,WR,CLE,27,71,200,Oklahoma State,16,1999-05-13,5,False,Active,,,7,WR7,999,14.0,14.5,1.04,0.0,0.0,0.0,0.0,0.0,0.0,4.0,8.0,45.0,1.0,17.0,36.3,2.14,0.0,0.0,0.0,0.0,0.0,0.0,11.0,12.0,193.0,1.0,168,170.0,1,0,562,,,170.0,,,85
493,97,RB depth,48,6109,Alec Ingold,RB,LAC,30,73,240,Wisconsin,30,1996-07-09,7,False,Active,,,5,RB5,999,17.0,14.1,0.83,0.0,0.0,0.0,2.0,9.0,0.0,8.0,11.0,52.0,0.0,15.0,26.3,1.75,0.0,0.0,0.0,10.0,17.0,1.0,11.0,12.0,96.0,0.0,101,170.0,1,0,532,,,170.0,,,54
494,175,WR depth,81,5096,Ray-Ray McCloud,WR,FA,29,69,190,Clemson,88,1996-10-15,7,False,Active,,,,,415,6.0,13.9,2.32,0.0,0.0,0.0,0.0,0.0,0.0,7.0,15.0,69.0,0.0,17.0,140.5,8.26,0.0,0.0,0.0,10.0,79.0,0.0,62.0,87.0,686.0,1.0,169,170.0,1,0,676,,,170.0,,,197
495,176,WR depth,82,11921,Xavier Weaver,WR,ARI,25,72,185,Colorado,89,2000-10-12,2,False,Active,,,4,WR4,999,10.0,13.7,1.37,0.0,0.0,0.0,0.0,0.0,0.0,7.0,13.0,67.0,0.0,2.0,0.0,0.0,0.0,0.0,0.0,0.0,0.0,0.0,0.0,2.0,0.0,0.0,170,170.0,1,0,633,,,170.0,,,153
496,177,WR depth,83,12539,Arian Smith,WR,NYJ,24,72,179,Georgia,82,2001-10-11,1,False,Active,,,6,WR6,999,16.0,13.5,0.84,0.0,0.0,0.0,4.0,13.0,0.0,7.0,16.0,52.0,0.0,0.0,0.0,0.0,0.0,0.0,0.0,0.0,0.0,0.0,0.0,0.0,0.0,0.0,171,170.0,1,0,366,,,170.0,,,-115
497,82,TE depth,42,4435,Anthony Firkser,TE,DET,31,74,245,Harvard,47,1995-02-19,9,False,Inactive,IR,,4,TE4,9999999,7.0,13.3,1.9,0.0,0.0,0.0,0.0,0.0,0.0,8.0,10.0,53.0,0.0,7.0,0.0,0.0,0.0,0.0,0.0,0.0,0.0,0.0,0.0,0.0,0.0,0.0,85,170.0,1,0,919,,,170.0,,,437
498,178,WR depth,83,4234,Noah Brown,WR,FA,30,74,225,Ohio State,85,1996-01-06,9,False,Active,Questionable,,,,150,4.0,13.3,3.33,0.0,0.0,0.0,0.0,0.0,0.0,5.0,10.0,83.0,0.0,11.0,86.3,7.85,0.0,0.0,0.0,0.0,0.0,0.0,35.0,56.0,453.0,1.0,172,170.0,1,0,913,,,170.0,,,430
499,98,RB depth,48,4663,Austin Ekeler,RB,FA,30,70,200,Western Colorado,30,1995-05-17,9,False,Active,,,,,317,2.0,13.1,6.55,0.0,0.0,0.0,14.0,43.0,0.0,5.0,7.0,38.0,0.0,12.0,132.3,11.03,0.0,0.0,0.0,77.0,367.0,4.0,35.0,41.0,366.0,0.0,102,170.0,1,0,816,,,170.0,,,332
500,179,WR depth,83,8076,Michael Bandy,WR,DEN,28,70,190,San Diego,83,1997-12-05,5,False,Active,,,8,WR8,999,4.0,13.0,3.25,0.0,0.0,0.0,0.0,0.0,0.0,4.0,4.0,50.0,1.0,0.0,0.0,0.0,0.0,0.0,0.0,0.0,0.0,0.0,0.0,0.0,0.0,0.0,173,170.0,1,0,550,,,170.0,,,65
501,83,TE depth,43,12357,David Martin-Robinson,TE,TEN,26,75,255,Temple,88,1999-12-26,2,False,Active,,,5,TE5,9999999,17.0,13.0,0.76,0.0,0.0,0.0,0.0,0.0,0.0,4.0,6.0,30.0,1.0,5.0,1.6,0.32,0.0,0.0,0.0,0.0,0.0,0.0,1.0,2.0,6.0,0.0,86,170.0,1,0,638,,,170.0,,,152
502,84,TE depth,43,5985,Foster Moreau,TE,HOU,29,76,250,LSU,87,1997-05-06,7,False,Active,,,4,TE4,9999999,11.0,12.9,1.17,0.0,0.0,0.0,0.0,0.0,0.0,7.0,10.0,59.0,0.0,17.0,103.3,6.08,0.0,0.0,0.0,0.0,0.0,0.0,32.0,43.0,413.0,5.0,87,170.0,1,0,529,,,170.0,,,42
503,85,TE depth,44,7075,Charlie Woerner,TE,ATL,28,77,250,Georgia,89,1997-10-16,6,False,Active,,,3,TE3,9999999,17.0,12.8,0.75,0.0,0.0,0.0,0.0,0.0,0.0,8.0,9.0,48.0,0.0,16.0,11.6,0.72,0.0,0.0,0.0,0.0,0.0,0.0,7.0,12.0,46.0,0.0,88,170.0,1,0,729,,,170.0,,,241
504,86,TE depth,44,8489,Drew Ogletree,TE,IND,28,77,260,Youngstown State,85,1998-07-28,4,False,Active,,,4,TE4,999,15.0,12.7,0.85,0.0,0.0,0.0,0.0,0.0,0.0,4.0,6.0,27.0,1.0,17.0,25.9,1.52,0.0,0.0,0.0,0.0,0.0,0.0,9.0,14.0,109.0,1.0,89,170.0,1,0,442,,,170.0,,,-47
505,180,WR depth,84,6957,James Proche,WR,FA,29,71,193,SMU,13,1996-09-21,6,False,Active,,,,,9999999,9.0,12.5,1.39,0.0,0.0,0.0,0.0,0.0,0.0,6.0,12.0,65.0,0.0,9.0,3.1,0.34,0.0,0.0,0.0,0.0,0.0,0.0,3.0,3.0,21.0,0.0,174,170.0,1,0,828,,,170.0,,,338
506,181,WR depth,85,13101,Gage Larvadain,WR,CLE,24,68,171,South Carolina,84,2002-01-03,1,False,Active,,,9,WR9,999,13.0,12.4,0.95,0.0,0.0,0.0,1.0,3.0,0.0,7.0,14.0,71.0,0.0,0.0,0.0,0.0,0.0,0.0,0.0,0.0,0.0,0.0,0.0,0.0,0.0,0.0,175,170.0,1,0,546,,,170.0,,,55
507,182,WR depth,85,11421,Ryan Miller,WR,NYG,26,74,221,Furman,5,2000-02-20,3,False,Active,,,12,WR12,9999999,13.0,12.4,0.95,0.0,0.0,0.0,0.0,0.0,0.0,2.0,4.0,34.0,1.0,11.0,36.8,3.35,0.0,0.0,0.0,0.0,0.0,0.0,12.0,20.0,128.0,2.0,176,170.0,1,0,759,,,170.0,,,267
317,37,QB depth,25,11557,Joe Milton,QB,DAL,26,77,236,Tennessee,10,2000-03-06,2,False,Active,,,2,QB2,410,4.0,12.32,3.08,183.0,1.0,2.0,5.0,50.0,0.0,0.0,0.0,0.0,0.0,1.0,19.24,19.24,241.0,1.0,0.0,10.0,16.0,1.0,0.0,0.0,0.0,0.0,57,169.9,1,0,259,,,169.9,,,-234
508,87,TE depth,44,8583,Stone Smartt,TE,PHI,27,76,226,Old Dominion,85,1998-10-04,4,False,Active,,,5,TE5,9999999,15.0,12.2,0.81,0.0,0.0,0.0,0.0,0.0,0.0,7.0,9.0,52.0,0.0,15.0,34.8,2.32,0.0,0.0,0.0,0.0,0.0,0.0,16.0,19.0,208.0,0.0,90,170.0,1,0,473,,,170.0,,,-21
318,36,K depth,19,12385,Jude McAtamney,K,FA,25,74,205,Rutgers,99,2000-05-09,1,False,Active,,,,K1,549,4.0,12.0,3.0,0.0,0.0,0.0,0.0,0.0,0.0,0.0,0.0,0.0,0.0,1.0,4.0,4.0,0.0,0.0,0.0,0.0,0.0,0.0,0.0,0.0,0.0,0.0,42,169.9,1,0,304,,,169.9,,,-191
952,210,RB depth,49,12531,Trevor Etienne,RB,CAR,22,68,198,Georgia,23,2004-07-09,1,False,Active,,,4,RB4,999,17.0,11.7,0.69,0.0,0.0,0.0,20.0,94.0,0.0,3.0,3.0,13.0,0.0,0.0,0.0,0.0,0.0,0.0,0.0,0.0,0.0,0.0,0.0,0.0,0.0,0.0,103,170.1,1,0,974,,,170.1,,,478
509,99,RB depth,49,7528,Najee Harris,RB,FA,27,73,242,Alabama,22,1998-03-09,5,False,Active,Questionable,,,,219,3.0,11.6,3.87,0.0,0.0,0.0,15.0,61.0,0.0,3.0,3.0,25.0,0.0,17.0,204.6,12.04,0.0,0.0,0.0,263.0,1043.0,6.0,36.0,48.0,283.0,0.0,104,170.0,1,0,424,,,170.0,,,-73
510,68,QB depth,25,8413,Chris Oladokun,QB,KC,28,73,213,South Dakota State,19,1997-09-03,4,False,Active,,,3,QB3,999,3.0,11.2,3.73,235.0,1.0,0.0,5.0,18.0,0.0,0.0,0.0,0.0,0.0,1.0,0.5,0.5,0.0,0.0,0.0,1.0,5.0,0.0,0.0,0.0,0.0,0.0,58,170.0,1,0,579,,,170.0,,,81
511,183,WR depth,85,11474,Dylan Drummond,WR,ATL,26,72,190,Eastern Michigan,81,2000-01-17,3,False,Active,,,4,WR4,9999999,9.0,11.2,1.24,0.0,0.0,0.0,0.0,0.0,0.0,7.0,11.0,42.0,0.0,0.0,0.0,0.0,0.0,0.0,0.0,0.0,0.0,0.0,0.0,0.0,0.0,0.0,177,170.0,1,0,617,,,170.0,,,118
512,88,TE depth,44,7050,Josiah Deguara,TE,SF,29,74,240,Cincinnati,47,1997-02-14,6,False,Active,,,5,TE5,999,12.0,11.1,0.92,0.0,0.0,0.0,0.0,0.0,0.0,3.0,5.0,21.0,1.0,15.0,4.4,0.29,0.0,0.0,0.0,0.0,0.0,0.0,3.0,3.0,14.0,0.0,91,170.0,1,0,735,,,170.0,,,235
513,89,TE depth,45,7602,Kylen Granson,TE,TEN,28,75,242,SMU,86,1998-03-27,5,False,Active,,,4,TE4,999,17.0,11.0,0.65,0.0,0.0,0.0,0.0,0.0,0.0,7.0,9.0,40.0,0.0,17.0,32.2,1.89,0.0,0.0,0.0,0.0,0.0,0.0,14.0,31.0,182.0,0.0,92,170.0,1,0,741,,,170.0,,,240
953,211,RB depth,50,7720,Kene Nwangwu,RB,NYJ,28,73,210,Iowa State,3,1998-02-09,5,False,Active,,,5,RB5,9999999,12.0,10.9,0.91,0.0,0.0,0.0,13.0,49.0,0.0,0.0,1.0,0.0,0.0,2.0,7.0,3.5,0.0,0.0,0.0,0.0,0.0,0.0,0.0,0.0,0.0,0.0,106,170.1,1,0,976,,,170.1,,,474
514,100,RB depth,49,12738,Phil Mafah,RB,DAL,23,73,232,Clemson,37,2002-10-24,1,False,Active,,,4,RB4,999,1.0,10.9,10.9,0.0,0.0,0.0,5.0,18.0,1.0,2.0,2.0,11.0,0.0,0.0,0.0,0.0,0.0,0.0,0.0,0.0,0.0,0.0,0.0,0.0,0.0,0.0,105,170.0,1,0,371,,,170.0,,,-132
515,69,QB depth,26,829,Andy Dalton,QB,PHI,38,74,220,TCU,14,1987-10-29,15,False,Active,,,3,QB3,9999999,4.0,10.52,2.63,293.0,1.0,1.0,5.0,-2.0,0.0,0.0,0.0,0.0,0.0,6.0,64.96,10.83,989.0,7.0,6.0,11.0,34.0,0.0,0.0,0.0,0.0,0.0,59,170.0,1,0,554,,,170.0,,,50
516,184,WR depth,86,3423,Robbie Chosen,WR,FA,32,75,190,Temple,12,1993-05-09,10,False,Active,,,,,575,3.0,10.3,3.43,0.0,0.0,0.0,0.0,0.0,0.0,5.0,9.0,53.0,0.0,2.0,1.5,0.75,0.0,0.0,0.0,0.0,0.0,0.0,1.0,4.0,5.0,0.0,179,170.0,1,0,965,,,170.0,,,460
517,185,WR depth,85,10221,Ronnie Bell,WR,NO,26,72,192,Michigan,11,2000-01-28,3,False,Active,,,9,WR9,999,2.0,10.3,5.15,0.0,0.0,0.0,0.0,0.0,0.0,2.0,4.0,23.0,1.0,9.0,4.2,0.47,0.0,0.0,0.0,0.0,0.0,0.0,2.0,6.0,22.0,0.0,178,170.0,1,0,600,,,170.0,,,94
518,101,RB depth,50,8123,Hassan Haskins,RB,FA,26,74,228,Michigan,28,1999-11-26,4,False,Active,,,,,422,12.0,10.0,0.83,0.0,0.0,0.0,17.0,47.0,0.0,4.0,4.0,13.0,0.0,17.0,32.8,1.93,0.0,0.0,0.0,34.0,89.0,2.0,3.0,3.0,49.0,1.0,107,170.0,1,0,842,,,170.0,,,335
319,38,QB depth,27,8160,Kenny Pickett,QB,CAR,28,75,220,Pittsburgh,12,1998-06-06,4,False,Active,,,2,QB2,999,6.0,9.72,1.62,188.0,1.0,2.0,5.0,22.0,0.0,0.0,0.0,0.0,0.0,5.0,26.14,5.23,291.0,2.0,1.0,9.0,15.0,1.0,0.0,0.0,0.0,0.0,60,169.9,1,0,317,,,169.9,,,-191
519,186,WR depth,87,5121,Braxton Berrios,WR,NYG,30,69,190,Miami (FL),87,1995-10-06,8,False,Active,,,9,WR9,999,4.0,9.7,2.42,0.0,0.0,0.0,0.0,0.0,0.0,6.0,8.0,37.0,0.0,6.0,0.0,0.0,0.0,0.0,0.0,0.0,0.0,0.0,0.0,4.0,0.0,0.0,180,170.0,1,0,544,,,170.0,,,35
520,102,RB depth,50,8423,Brittain Brown,RB,CHI,28,73,205,UCLA,38,1997-10-10,4,False,Active,,,4,RB4,9999999,3.0,9.7,3.23,0.0,0.0,0.0,5.0,37.0,1.0,0.0,1.0,0.0,0.0,0.0,0.0,0.0,0.0,0.0,0.0,0.0,0.0,0.0,0.0,0.0,0.0,0.0,108,170.0,1,0,471,,,170.0,,,-39
954,212,RB depth,52,12471,DJ Giddens,RB,IND,22,72,212,Kansas State,21,2003-08-26,1,False,Active,,,2,RB2,999,9.0,9.6,1.07,0.0,0.0,0.0,26.0,96.0,0.0,0.0,2.0,0.0,0.0,0.0,0.0,0.0,0.0,0.0,0.0,0.0,0.0,0.0,0.0,0.0,0.0,0.0,110,170.1,1,0,984,,,170.1,,,473
521,103,RB depth,51,8139,Zamir White,RB,FA,26,71,227,Georgia,3,1999-09-18,4,False,Active,,,,,388,6.0,9.6,1.6,0.0,0.0,0.0,12.0,32.0,0.0,4.0,6.0,24.0,0.0,8.0,29.3,3.66,0.0,0.0,0.0,65.0,183.0,1.0,6.0,8.0,30.0,0.0,109,170.0,1,0,697,,,170.0,,,185
320,111,WR depth,88,5113,Cedrick Wilson,WR,DET,30,74,205,Boise State,86,1995-11-20,8,False,Active,,,6,WR6,9999999,10.0,9.4,0.94,0.0,0.0,0.0,0.0,0.0,0.0,5.0,9.0,44.0,0.0,15.0,49.94,3.33,21.0,1.0,0.0,0.0,0.0,0.0,20.0,27.0,211.0,1.0,181,169.9,1,0,339,,,169.9,,,-174
522,104,RB depth,52,12491,Corey Kiner,RB,ARI,24,69,209,Cincinnati,37,2002-01-21,1,False,Active,,,6,RB6,999,4.0,9.3,2.33,0.0,0.0,0.0,12.0,58.0,0.0,2.0,3.0,15.0,0.0,0.0,0.0,0.0,0.0,0.0,0.0,0.0,0.0,0.0,0.0,0.0,0.0,0.0,111,170.0,1,0,783,,,170.0,,,269
523,90,TE depth,45,4189,Eric Saubert,TE,SEA,32,77,248,Drake,81,1994-05-09,9,False,Active,,,4,TE4,9999999,11.0,9.1,0.83,0.0,0.0,0.0,0.0,0.0,0.0,4.0,7.0,31.0,0.0,17.0,26.7,1.57,0.0,0.0,0.0,0.0,0.0,0.0,11.0,14.0,97.0,1.0,93,170.0,1,0,869,,,170.0,,,354
524,105,RB depth,53,6828,AJ Dillon,RB,CAR,28,72,247,Boston College,28,1998-05-02,6,False,Active,,,3,RB3,999,7.0,9.1,1.3,0.0,0.0,0.0,12.0,60.0,0.0,3.0,3.0,21.0,0.0,0.0,0.0,0.0,0.0,0.0,0.0,0.0,0.0,0.0,0.0,0.0,0.0,0.0,112,170.0,1,0,403,,,170.0,,,-113
525,91,TE depth,45,12374,Brenden Bates,TE,CLE,26,77,255,Kentucky,82,1999-10-17,2,False,Active,,,5,TE5,999,9.0,8.8,0.98,0.0,0.0,0.0,0.0,0.0,0.0,4.0,5.0,48.0,0.0,7.0,0.0,0.0,0.0,0.0,0.0,0.0,0.0,0.0,0.0,1.0,0.0,0.0,94,170.0,1,0,635,,,170.0,,,118
526,106,RB depth,54,12504,Kaleb Johnson,RB,PIT,22,73,224,Iowa,20,2003-08-14,1,False,Active,,,4,RB4,173,10.0,8.8,0.88,0.0,0.0,0.0,28.0,69.0,0.0,1.0,2.0,9.0,0.0,0.0,0.0,0.0,0.0,0.0,0.0,0.0,0.0,0.0,0.0,0.0,0.0,0.0,114,170.0,1,0,868,,,170.0,,,350
527,107,RB depth,53,8230,Ty Chandler,RB,NO,28,71,205,North Carolina,32,1998-05-12,4,False,Active,,,3,RB3,999,3.0,8.8,2.93,0.0,0.0,0.0,17.0,47.0,0.0,3.0,4.0,11.0,0.0,17.0,28.4,1.67,0.0,0.0,0.0,56.0,182.0,0.0,6.0,6.0,42.0,0.0,113,170.0,1,0,575,,,170.0,,,56
528,92,TE depth,45,6843,Albert Okwuegbunam,TE,LV,28,77,258,Missouri,85,1998-04-25,6,False,Active,,,4,TE4,999,1.0,8.6,8.6,0.0,0.0,0.0,0.0,0.0,0.0,5.0,6.0,36.0,0.0,0.0,0.0,0.0,0.0,0.0,0.0,0.0,0.0,0.0,0.0,0.0,0.0,0.0,95,170.0,1,0,404,,,170.0,,,-116
529,187,WR depth,88,9497,Jalin Hyatt,WR,NYG,24,72,185,Tennessee,13,2001-09-25,3,False,Active,,,11,WR11,999,8.0,8.5,1.06,0.0,0.0,0.0,0.0,0.0,0.0,5.0,14.0,35.0,0.0,16.0,14.2,0.89,0.0,0.0,0.0,0.0,0.0,0.0,8.0,19.0,62.0,0.0,182,170.0,1,0,591,,,170.0,,,70
530,70,QB depth,27,12775,Max Brosmer,QB,MIN,25,74,218,Minnesota,12,2001-03-28,1,False,Active,,,4,QB4,999,7.0,8.22,1.17,328.0,0.0,4.0,7.0,11.0,0.0,0.0,0.0,0.0,0.0,0.0,0.0,0.0,0.0,0.0,0.0,0.0,0.0,0.0,0.0,0.0,0.0,0.0,61,170.0,1,0,490,,,170.0,,,-32
531,188,WR depth,89,7612,Dee Eskridge,WR,FA,28,69,190,Western Michigan,82,1997-03-23,5,False,Active,,,,,9999999,13.0,8.2,0.63,0.0,0.0,0.0,0.0,0.0,0.0,4.0,7.0,62.0,0.0,6.0,7.4,1.23,0.0,0.0,0.0,0.0,0.0,0.0,3.0,3.0,44.0,0.0,183,170.0,1,0,691,,,170.0,,,168
532,108,RB depth,55,12171,British Brooks,RB,HOU,26,71,225,North Carolina,44,1999-11-18,2,False,Active,Questionable,,4,RB4,9999999,15.0,7.8,0.52,0.0,0.0,0.0,17.0,78.0,0.0,0.0,0.0,0.0,0.0,5.0,0.2,0.04,0.0,0.0,0.0,1.0,2.0,0.0,0.0,0.0,0.0,0.0,115,170.0,1,0,449,,,170.0,,,-75
533,189,WR depth,89,7746,Austin Trammell,WR,JAX,28,70,185,Rice,81,1998-07-04,5,False,Active,,,6,WR6,9999999,6.0,7.6,1.27,0.0,0.0,0.0,0.0,0.0,0.0,3.0,10.0,46.0,0.0,1.0,4.0,4.0,0.0,0.0,0.0,0.0,0.0,0.0,2.0,3.0,40.0,0.0,184,170.0,1,0,751,,,170.0,,,226
534,190,WR depth,89,6588,Tom Kennedy,WR,DET,30,70,195,Bryant,85,1996-07-29,7,False,Active,,,5,WR5,9999999,6.0,7.6,1.27,0.0,0.0,0.0,0.0,0.0,0.0,4.0,4.0,36.0,0.0,4.0,0.0,0.0,0.0,0.0,0.0,0.0,0.0,0.0,0.0,1.0,0.0,0.0,185,170.0,1,0,460,,,170.0,,,-66
535,93,TE depth,46,11820,Devin Culp,TE,TB,26,76,237,Washington,82,2000-02-02,2,False,Active,,,2,TE2,9999999,13.0,7.6,0.58,0.0,0.0,0.0,0.0,0.0,0.0,1.0,1.0,6.0,1.0,5.0,13.8,2.76,0.0,0.0,0.0,0.0,0.0,0.0,5.0,6.0,88.0,0.0,96,170.0,1,0,763,,,170.0,,,236
536,94,TE depth,46,12765,Keleki Latu,TE,BUF,23,78,249,Washington,83,2002-08-13,1,False,Active,,,4,TE4,9999999,5.0,7.5,1.5,0.0,0.0,0.0,0.0,0.0,0.0,4.0,4.0,35.0,0.0,0.0,0.0,0.0,0.0,0.0,0.0,0.0,0.0,0.0,0.0,0.0,0.0,0.0,97,170.0,1,0,661,,,170.0,,,133
537,109,RB depth,55,6938,Cam Akers,RB,FA,26,70,217,Florida State,30,1999-06-22,6,False,Active,,,,,999,6.0,7.18,1.2,32.0,1.0,0.0,5.0,19.0,0.0,0.0,1.0,0.0,0.0,17.0,93.2,5.48,0.0,0.0,0.0,104.0,444.0,2.0,14.0,18.0,68.0,3.0,116,170.0,1,0,502,,,170.0,,,-27
538,191,WR depth,89,12520,Xavier Restrepo,WR,TEN,24,70,202,Miami (FL),87,2002-04-12,1,False,Active,,,6,WR6,999,2.0,7.1,3.55,0.0,0.0,0.0,0.0,0.0,0.0,3.0,7.0,41.0,0.0,0.0,0.0,0.0,0.0,0.0,0.0,0.0,0.0,0.0,0.0,0.0,0.0,0.0,186,170.0,1,0,781,,,170.0,,,251
539,192,WR depth,90,7436,Mason Kinsey,WR,TEN,27,71,200,Berry College,12,1998-08-29,6,False,Active,,,9,WR9,9999999,10.0,6.8,0.68,0.0,0.0,0.0,0.0,0.0,0.0,2.0,4.0,48.0,0.0,6.0,3.7,0.62,0.0,0.0,0.0,0.0,0.0,0.0,2.0,2.0,17.0,0.0,188,170.0,1,0,551,,,170.0,,,20
540,193,WR depth,90,8527,Dareke Young,WR,LV,27,74,224,Lenoir-Rhyne,81,1999-06-04,4,False,Active,,,7,WR7,999,9.0,6.8,0.76,0.0,0.0,0.0,0.0,0.0,0.0,2.0,3.0,48.0,0.0,14.0,0.0,0.0,0.0,0.0,0.0,0.0,0.0,0.0,0.0,1.0,0.0,0.0,187,170.0,1,0,548,,,170.0,,,16
541,110,RB depth,55,7608,Khalil Herbert,RB,SF,28,69,212,Virginia Tech,40,1998-04-21,5,False,Active,,,7,RB7,999,7.0,6.6,0.94,0.0,0.0,0.0,16.0,52.0,0.0,1.0,4.0,4.0,0.0,14.0,31.5,2.25,0.0,0.0,0.0,36.0,130.0,1.0,10.0,11.0,25.0,0.0,117,170.0,1,0,692,,,170.0,,,159
542,95,TE depth,47,5008,Durham Smythe,TE,BAL,30,77,248,Notre Dame,80,1995-08-09,8,False,Active,,,3,TE3,9999999,17.0,6.5,0.38,0.0,0.0,0.0,0.0,0.0,0.0,4.0,6.0,25.0,0.0,17.0,14.3,0.84,0.0,0.0,0.0,0.0,0.0,0.0,9.0,17.0,53.0,0.0,98,170.0,1,0,528,,,170.0,,,-6
955,213,RB depth,56,12543,Tahj Brooks,RB,CIN,24,69,220,Texas Tech,25,2002-05-13,1,False,Active,,,3,RB3,999,16.0,6.4,0.4,0.0,0.0,0.0,16.0,45.0,0.0,1.0,2.0,9.0,0.0,0.0,0.0,0.0,0.0,0.0,0.0,0.0,0.0,0.0,0.0,0.0,0.0,0.0,119,170.1,1,0,969,,,170.1,,,434
543,111,RB depth,55,9220,Evan Hull,RB,ARI,25,70,209,Northwestern,43,2000-10-26,3,False,Active,,,,,999,6.0,6.4,1.07,0.0,0.0,0.0,19.0,48.0,0.0,1.0,1.0,6.0,0.0,1.0,0.0,0.0,0.0,0.0,0.0,0.0,0.0,0.0,0.0,0.0,0.0,0.0,118,170.0,1,0,754,,,170.0,,,218
544,194,WR depth,90,8253,Deven Thompkins,WR,LV,26,68,155,Utah State,83,1999-12-23,4,False,Active,,,8,WR8,9999999,7.0,6.2,0.89,0.0,0.0,0.0,1.0,5.0,0.0,3.0,3.0,27.0,0.0,7.0,6.7,0.96,0.0,0.0,0.0,2.0,7.0,0.0,4.0,4.0,20.0,0.0,189,170.0,1,0,581,,,170.0,,,44
545,195,WR depth,91,5773,KhaDarel Hodge,WR,SF,31,74,210,Prairie View A&M,4,1995-01-03,8,False,Active,,,8,WR8,9999999,12.0,6.1,0.51,0.0,0.0,0.0,0.0,0.0,0.0,3.0,10.0,31.0,0.0,17.0,35.1,2.06,0.0,0.0,0.0,0.0,0.0,0.0,7.0,12.0,131.0,1.0,191,170.0,1,0,956,,,170.0,,,418
546,196,WR depth,90,11034,Jalen Brooks,WR,ARI,26,74,205,South Carolina,86,2000-05-07,3,False,Active,,,8,WR8,9999999,6.0,6.1,1.02,0.0,0.0,0.0,0.0,0.0,0.0,3.0,6.0,51.0,0.0,14.0,35.7,2.55,0.0,0.0,0.0,0.0,0.0,0.0,12.0,30.0,177.0,1.0,190,170.0,1,0,549,,,170.0,,,10
321,112,WR depth,92,10228,Charlie Jones,WR,CIN,27,72,190,Purdue,15,1998-10-29,3,False,Active,,,7,WR7,999,14.0,6.0,0.43,0.0,0.0,0.0,0.0,0.0,0.0,0.0,1.0,0.0,0.0,8.0,5.5,0.69,0.0,0.0,0.0,0.0,0.0,0.0,1.0,1.0,5.0,0.0,193,169.9,1,0,337,,,169.9,,,-203
547,96,TE depth,47,11082,Ben Sims,TE,MIA,26,77,250,Baylor,89,2000-05-16,3,False,Active,,,3,TE3,999,11.0,6.0,0.55,0.0,0.0,0.0,0.0,0.0,0.0,3.0,6.0,30.0,0.0,17.0,8.2,0.48,0.0,0.0,0.0,0.0,0.0,0.0,4.0,5.0,42.0,0.0,99,170.0,1,0,533,,,170.0,,,-8
548,197,WR depth,91,5374,Justin Watson,WR,HOU,30,74,215,Pennsylvania,84,1996-04-04,8,False,Active,,,6,WR6,9999999,3.0,6.0,2.0,0.0,0.0,0.0,0.0,0.0,0.0,3.0,4.0,30.0,0.0,17.0,62.9,3.7,0.0,0.0,0.0,0.0,0.0,0.0,22.0,32.0,289.0,2.0,192,170.0,1,0,870,,,170.0,,,328
549,97,TE depth,47,8170,James Mitchell,TE,CAR,26,76,249,Virginia Tech,85,1999-08-11,4,False,Active,,,4,TE4,999,5.0,5.8,1.16,0.0,0.0,0.0,0.0,0.0,0.0,3.0,3.0,28.0,0.0,1.0,0.0,0.0,0.0,0.0,0.0,0.0,0.0,0.0,0.0,0.0,0.0,0.0,100,170.0,1,0,577,,,170.0,,,34
550,71,QB depth,27,4574,Cooper Rush,QB,ATL,32,75,224,Central Michigan,13,1993-11-21,9,False,Active,,,3,QB3,999,4.0,5.72,1.43,303.0,0.0,4.0,4.0,-4.0,0.0,0.0,0.0,0.0,0.0,12.0,114.56,9.55,1844.0,12.0,5.0,26.0,18.0,0.0,0.0,0.0,0.0,0.0,62,170.0,1,0,732,,,170.0,,,188
322,113,WR depth,92,12496,Tai Felton,WR,MIN,23,73,186,Maryland,13,2003-03-15,1,False,Active,,,4,WR4,999,17.0,5.5,0.32,0.0,0.0,0.0,0.0,0.0,0.0,3.0,3.0,25.0,0.0,0.0,0.0,0.0,0.0,0.0,0.0,0.0,0.0,0.0,0.0,0.0,0.0,0.0,194,169.9,1,0,295,,,169.9,,,-250
551,112,RB depth,56,8207,Tyler Goodson,RB,ATL,25,69,197,Iowa,25,2000-11-10,4,False,Active,,,3,RB3,999,11.0,5.2,0.47,0.0,0.0,0.0,9.0,24.0,0.0,2.0,3.0,8.0,0.0,16.0,44.4,2.77,0.0,0.0,0.0,32.0,153.0,1.0,11.0,15.0,61.0,1.0,120,170.0,1,0,479,,,170.0,,,-67
552,198,WR depth,92,5154,Trent Sherfield,WR,BUF,30,73,205,Vanderbilt,81,1996-02-25,8,False,Active,,,7,WR7,9999999,12.0,5.1,0.42,0.0,0.0,0.0,0.0,0.0,0.0,3.0,5.0,21.0,0.0,17.0,22.3,1.31,0.0,0.0,0.0,0.0,0.0,0.0,8.0,9.0,83.0,1.0,195,170.0,1,0,875,,,170.0,,,328
553,98,TE depth,48,8041,Shane Zylstra,TE,BUF,29,76,244,Minnesota State,48,1996-11-16,5,False,Active,,,5,TE5,999,6.0,5.0,0.83,0.0,0.0,0.0,0.0,0.0,0.0,3.0,5.0,20.0,0.0,12.0,3.2,0.27,0.0,0.0,0.0,0.0,0.0,0.0,1.0,1.0,22.0,0.0,101,170.0,1,0,565,,,170.0,,,17
554,113,RB depth,56,7204,Reggie Gilliam,RB,NE,28,73,255,Toledo,44,1997-08-20,6,False,Active,,,6,RB6,9999999,17.0,4.8,0.28,0.0,0.0,0.0,2.0,4.0,0.0,2.0,2.0,24.0,0.0,15.0,0.7,0.05,0.0,0.0,0.0,3.0,7.0,0.0,0.0,0.0,0.0,0.0,121,170.0,1,0,365,,,170.0,,,-184
555,99,TE depth,48,11716,Tip Reiman,TE,ARI,24,77,271,Illinois,87,2001-09-17,2,False,Active,PUP,,5,TE5,9999999,4.0,4.8,1.2,0.0,0.0,0.0,0.0,0.0,0.0,3.0,5.0,18.0,0.0,17.0,9.7,0.57,0.0,0.0,0.0,0.0,0.0,0.0,6.0,7.0,37.0,0.0,102,170.0,1,0,446,,,170.0,,,-104
556,72,QB depth,27,10866,Aidan O'Connell,QB,LV,27,75,206,Purdue,12,1998-09-01,3,False,Active,,,3,QB3,999,1.0,4.78,4.78,102.0,0.0,0.0,1.0,7.0,0.0,0.0,0.0,0.0,0.0,9.0,97.48,10.83,1612.0,8.0,4.0,21.0,30.0,1.0,0.0,0.0,0.0,0.0,63,170.0,1,0,602,,,170.0,,,51
557,199,WR depth,92,11821,Tahj Washington,WR,MIA,25,70,174,USC,84,2001-05-16,2,False,Active,,,9,WR9,999,6.0,4.7,0.78,0.0,0.0,0.0,0.0,0.0,0.0,3.0,5.0,37.0,0.0,0.0,0.0,0.0,0.0,0.0,0.0,0.0,0.0,0.0,0.0,0.0,0.0,0.0,196,170.0,1,0,764,,,170.0,,,212
558,200,WR depth,93,6847,Devin Duvernay,WR,ARI,28,71,202,Texas,81,1997-09-12,6,False,Active,,,6,WR6,999,17.0,4.6,0.27,0.0,0.0,0.0,0.0,0.0,0.0,2.0,5.0,26.0,0.0,13.0,19.2,1.48,0.0,0.0,0.0,4.0,3.0,0.0,11.0,16.0,79.0,0.0,198,170.0,1,0,545,,,170.0,,,-8
559,201,WR depth,92,12634,Jordan Watkins,WR,SF,24,71,196,Ole Miss,17,2002-02-15,1,False,Active,,,8,WR8,999,4.0,4.6,1.15,0.0,0.0,0.0,0.0,0.0,0.0,2.0,3.0,26.0,0.0,0.0,0.0,0.0,0.0,0.0,0.0,0.0,0.0,0.0,0.0,0.0,0.0,0.0,197,170.0,1,0,775,,,170.0,,,221
560,114,RB depth,56,8195,Ronnie Rivers,RB,LAR,27,69,198,Fresno State,20,1999-01-31,4,False,Active,,,4,RB4,9999999,11.0,4.6,0.42,0.0,0.0,0.0,9.0,46.0,0.0,0.0,0.0,0.0,0.0,17.0,18.3,1.08,0.0,0.0,0.0,22.0,99.0,0.0,5.0,6.0,34.0,0.0,122,170.0,1,0,410,,,170.0,,,-145
561,202,WR depth,93,12889,Beaux Collins,WR,FA,23,75,206,Notre Dame,81,2002-12-16,1,False,Active,Questionable,,,,999,9.0,4.5,0.5,0.0,0.0,0.0,0.0,0.0,0.0,2.0,6.0,25.0,0.0,0.0,0.0,0.0,0.0,0.0,0.0,0.0,0.0,0.0,0.0,0.0,0.0,0.0,199,170.0,1,0,786,,,170.0,,,230
562,203,WR depth,93,8250,Tay Martin,WR,DET,28,75,186,Oklahoma State,17,1997-12-14,4,False,Active,,,8,WR8,9999999,3.0,4.3,1.43,0.0,0.0,0.0,0.0,0.0,0.0,2.0,2.0,23.0,0.0,1.0,11.9,11.9,0.0,0.0,0.0,0.0,0.0,0.0,1.0,2.0,49.0,1.0,200,170.0,1,0,589,,,170.0,,,32
563,115,RB depth,56,6820,Clyde Edwards-Helaire,RB,FA,26,67,207,LSU,26,1999-04-11,6,False,Active,,,,,496,2.0,4.2,2.1,0.0,0.0,0.0,7.0,13.0,0.0,2.0,2.0,9.0,0.0,2.0,10.0,5.0,0.0,0.0,0.0,13.0,46.0,0.0,3.0,5.0,24.0,0.0,123,170.0,1,0,501,,,170.0,,,-57
564,204,WR depth,94,11320,Nikko Remigio,WR,KC,26,69,187,Fresno State,81,1999-11-04,3,False,Active,,,6,WR6,9999999,14.0,4.2,0.3,0.0,0.0,0.0,1.0,11.0,0.0,1.0,1.0,21.0,0.0,5.0,6.8,1.36,0.0,0.0,0.0,0.0,0.0,0.0,2.0,6.0,48.0,0.0,201,170.0,1,0,450,,,170.0,,,-109
323,114,WR depth,96,10867,Jake Bobo,WR,SEA,28,76,211,UCLA,19,1998-08-04,3,False,Active,Questionable,,6,WR6,999,11.0,4.0,0.36,0.0,0.0,0.0,0.0,0.0,0.0,2.0,2.0,20.0,0.0,17.0,29.7,1.75,0.0,0.0,0.0,0.0,0.0,0.0,13.0,17.0,107.0,1.0,204,169.9,1,0,282,,,169.9,,,-278
565,205,WR depth,95,8414,Britain Covey,WR,PHI,29,68,173,Utah,18,1997-03-18,4,False,Active,Questionable,,7,WR7,999,6.0,4.0,0.67,0.0,0.0,0.0,0.0,0.0,0.0,2.0,4.0,20.0,0.0,5.0,10.4,2.08,0.0,0.0,0.0,0.0,0.0,0.0,7.0,8.0,34.0,0.0,203,170.0,1,0,731,,,170.0,,,170
566,116,RB depth,57,12897,Nathan Carter,RB,ATL,24,70,202,Michigan State,38,2002-05-22,1,False,Active,,,4,RB4,9999999,7.0,4.0,0.57,0.0,0.0,0.0,9.0,60.0,0.0,0.0,0.0,0.0,0.0,0.0,0.0,0.0,0.0,0.0,0.0,0.0,0.0,0.0,0.0,0.0,0.0,0.0,124,170.0,1,0,419,,,170.0,,,-143
567,117,RB depth,58,8254,Julius Chestnut,RB,TEN,25,71,228,Sacred Heart,36,2000-10-26,4,False,Active,,,6,RB6,999,17.0,4.0,0.24,0.0,0.0,0.0,11.0,40.0,0.0,0.0,2.0,0.0,0.0,17.0,14.3,0.84,0.0,0.0,0.0,22.0,102.0,0.0,2.0,3.0,11.0,0.0,125,170.0,1,0,409,,,170.0,,,-154
568,206,WR depth,94,11056,Jared Wayne,WR,HOU,25,75,210,Pittsburgh,89,2000-10-07,3,False,Active,,,,,999,1.0,4.0,4.0,0.0,0.0,0.0,0.0,0.0,0.0,2.0,2.0,20.0,0.0,3.0,0.0,0.0,0.0,0.0,0.0,0.0,0.0,0.0,0.0,0.0,0.0,0.0,202,170.0,1,0,773,,,170.0,,,209
569,73,QB depth,28,8002,Shane Buechele,QB,BUF,28,72,210,SMU,6,1998-01-08,5,False,Active,,,2,QB2,999,1.0,3.92,3.92,88.0,0.0,0.0,1.0,4.0,0.0,0.0,0.0,0.0,0.0,0.0,0.0,0.0,0.0,0.0,0.0,0.0,0.0,0.0,0.0,0.0,0.0,0.0,64,170.0,1,0,748,,,170.0,,,183
570,100,TE depth,49,8885,Tucker Fisk,TE,FA,27,76,285,Stanford,42,1999-01-19,4,False,Active,,,,,532,10.0,3.9,0.39,0.0,0.0,0.0,0.0,0.0,0.0,2.0,4.0,19.0,0.0,9.0,10.9,1.21,0.0,0.0,0.0,0.0,0.0,0.0,7.0,8.0,39.0,0.0,103,170.0,1,0,709,,,170.0,,,143
571,101,TE depth,50,11942,Colson Yankoff,TE,WAS,26,76,225,UCLA,80,2000-03-01,2,False,Active,,,5,TE5,9999999,14.0,3.8,0.27,0.0,0.0,0.0,0.0,0.0,0.0,2.0,3.0,18.0,0.0,6.0,0.0,0.0,0.0,0.0,0.0,0.0,0.0,0.0,0.0,0.0,0.0,0.0,104,170.0,1,0,482,,,170.0,,,-85
956,214,RB depth,58,11574,Dylan Laube,RB,LV,26,69,204,New Hampshire,23,1999-12-14,2,False,Active,,,5,RB5,9999999,17.0,3.7,0.22,0.0,0.0,0.0,7.0,9.0,0.0,3.0,4.0,18.0,0.0,10.0,-2.0,-0.2,0.0,0.0,0.0,1.0,0.0,0.0,0.0,0.0,0.0,0.0,126,170.1,1,0,971,,,170.1,,,403
572,102,TE depth,50,8799,Zaire Mitchell-Paden,TE,NO,26,77,257,Florida Atlantic,84,1999-08-20,4,False,Active,,,3,TE3,999,8.0,3.7,0.46,0.0,0.0,0.0,0.0,0.0,0.0,2.0,3.0,17.0,0.0,0.0,0.0,0.0,0.0,0.0,0.0,0.0,0.0,0.0,0.0,0.0,0.0,0.0,105,170.0,1,0,663,,,170.0,,,94
573,118,RB depth,58,8129,Dameon Pierce,RB,PHI,26,70,218,Florida,39,2000-02-19,4,False,Active,,,4,RB4,999,5.0,3.6,0.72,0.0,0.0,0.0,14.0,36.0,0.0,0.0,1.0,0.0,0.0,11.0,43.5,3.95,0.0,0.0,0.0,40.0,293.0,2.0,2.0,4.0,2.0,0.0,127,170.0,1,0,468,,,170.0,,,-102
324,115,WR depth,97,10225,Jonathan Mingo,WR,DAL,25,74,225,Ole Miss,81,2001-04-20,3,False,Active,,,6,WR6,999,6.0,3.5,0.58,0.0,0.0,0.0,0.0,0.0,0.0,1.0,5.0,25.0,0.0,17.0,32.2,1.89,0.0,0.0,0.0,2.0,5.0,0.0,17.0,42.0,167.0,0.0,207,169.9,1,0,296,,,169.9,,,-275
574,207,WR depth,96,13120,Jacoby Jones,WR,WAS,25,75,228,UCF,84,2001-07-18,1,False,Active,,,11,WR11,999,1.0,3.5,3.5,0.0,0.0,0.0,0.0,0.0,0.0,1.0,1.0,25.0,0.0,0.0,0.0,0.0,0.0,0.0,0.0,0.0,0.0,0.0,0.0,0.0,0.0,0.0,205,170.0,1,0,794,,,170.0,,,222
575,103,TE depth,50,8249,Lucas Krull,TE,DEN,28,78,260,Pittsburgh,85,1998-07-11,4,False,Active,,,5,TE5,9999999,3.0,3.5,1.17,0.0,0.0,0.0,0.0,0.0,0.0,2.0,4.0,15.0,0.0,13.0,34.2,2.63,0.0,0.0,0.0,0.0,0.0,0.0,19.0,23.0,152.0,0.0,106,170.0,1,0,472,,,170.0,,,-101
325,116,WR depth,96,12935,Jakobie Keeney-James,WR,PIT,25,73,195,UMass,23,2000-09-26,1,False,Active,,,,,999,1.0,3.5,3.5,0.0,0.0,0.0,0.0,0.0,0.0,2.0,2.0,15.0,0.0,0.0,0.0,0.0,0.0,0.0,0.0,0.0,0.0,0.0,0.0,0.0,0.0,0.0,206,169.9,1,0,346,,,169.9,,,-228
576,104,TE depth,52,13121,Ben Yurosek,TE,MIN,24,76,251,Georgia,85,2002-03-17,1,False,Active,,,3,TE3,999,12.0,3.4,0.28,0.0,0.0,0.0,0.0,0.0,0.0,2.0,3.0,14.0,0.0,0.0,0.0,0.0,0.0,0.0,0.0,0.0,0.0,0.0,0.0,0.0,0.0,0.0,108,170.0,1,0,789,,,170.0,,,214
577,105,TE depth,51,8219,Jelani Woods,TE,NYJ,27,79,253,Virginia,86,1998-10-09,4,False,Active,,,4,TE4,999,4.0,3.4,0.85,0.0,0.0,0.0,0.0,0.0,0.0,1.0,3.0,4.0,0.0,0.0,0.0,0.0,0.0,0.0,0.0,0.0,0.0,0.0,0.0,0.0,0.0,0.0,107,170.0,1,0,568,,,170.0,,,-8
578,208,WR depth,99,6386,Alex Bachman,WR,FA,29,72,190,Wake Forest,81,1996-05-29,7,False,Active,,,,,618,12.0,3.2,0.27,0.0,0.0,0.0,0.0,0.0,0.0,2.0,3.0,12.0,0.0,6.0,6.1,1.02,0.0,0.0,0.0,0.0,0.0,0.0,3.0,3.0,31.0,0.0,209,170.0,1,0,867,,,170.0,,,290
582,208,WR bench,98,8223,Velus Jones,WR,SEA,29,72,204,Tennessee,33,1997-05-11,4,False,Active,,,6,WR6,9999999,8.0,3.2,0.4,0.0,0.0,0.0,4.0,32.0,0.0,0.0,0.0,0.0,0.0,3.0,0.9,0.3,0.0,0.0,0.0,3.0,11.0,0.0,1.0,1.0,8.0,0.0,208,,0,,,,,,,,
326,46,TE depth,52,8089,Sal Cannella,TE,FA,29,77,242,Auburn,87,1996-12-02,3,False,Active,,,,,999,2.0,3.1,1.55,0.0,0.0,0.0,0.0,0.0,0.0,2.0,5.0,11.0,0.0,0.0,0.0,0.0,0.0,0.0,0.0,0.0,0.0,0.0,0.0,0.0,0.0,0.0,109,169.9,1,0,305,,,169.9,,,-273
579,106,TE depth,53,12480,Moliki Matavao,TE,NO,23,78,263,UCLA,80,2003-03-17,1,False,Active,,,5,TE5,999,6.0,3.0,0.5,0.0,0.0,0.0,0.0,0.0,0.0,2.0,2.0,10.0,0.0,0.0,0.0,0.0,0.0,0.0,0.0,0.0,0.0,0.0,0.0,0.0,0.0,0.0,110,170.0,1,0,777,,,170.0,,,198
580,74,QB depth,29,10217,Clayton Tune,QB,FA,27,75,220,Houston,6,1999-03-23,3,False,Active,,,,,999,2.0,2.98,1.49,42.0,0.0,1.0,5.0,23.0,0.0,0.0,0.0,0.0,0.0,6.0,-2.08,-0.35,8.0,0.0,0.0,7.0,-4.0,0.0,0.0,0.0,0.0,0.0,65,170.0,1,0,705,,,170.0,,,125
327,39,QB depth,30,2152,Teddy Bridgewater,QB,DET,33,74,217,Louisville,5,1992-11-10,12,False,Active,,,2,QB2,999,4.0,2.88,0.72,62.0,0.0,0.0,3.0,4.0,0.0,0.0,0.0,0.0,0.0,0.0,0.0,0.0,0.0,0.0,0.0,0.0,0.0,0.0,0.0,0.0,0.0,0.0,66,169.9,1,0,294,,,169.9,,,-287
581,209,WR depth,99,7233,Andre Baccellia,WR,FA,29,70,180,Washington,82,1997-01-07,6,False,Active,Questionable,,,,999,5.0,2.8,0.56,0.0,0.0,0.0,0.0,0.0,0.0,2.0,4.0,8.0,0.0,0.0,0.0,0.0,0.0,0.0,0.0,0.0,0.0,0.0,0.0,0.0,0.0,0.0,210,170.0,1,0,900,,,170.0,,,318
582,107,TE depth,53,12062,Cam Grandy,TE,CIN,26,77,253,Illinois State,85,1999-11-19,2,False,Active,,,6,TE6,999,5.0,2.7,0.54,0.0,0.0,0.0,0.0,0.0,0.0,2.0,2.0,7.0,0.0,8.0,7.8,0.97,0.0,0.0,0.0,0.0,0.0,0.0,5.0,5.0,28.0,0.0,111,170.0,1,0,645,,,170.0,,,62
583,108,TE depth,54,5285,Ross Dwelley,TE,FA,30,77,240,San Diego,81,1995-01-26,8,False,Active,,,,,567,11.0,2.7,0.25,0.0,0.0,0.0,0.0,0.0,0.0,2.0,5.0,7.0,0.0,17.0,1.5,0.09,0.0,0.0,0.0,0.0,0.0,0.0,1.0,1.0,5.0,0.0,112,170.0,1,0,921,,,170.0,,,337
584,210,WR depth,99,4274,David Moore,WR,CAR,31,72,220,East Central,83,1995-01-15,9,False,Active,,,7,WR7,9999999,4.0,2.7,0.68,0.0,0.0,0.0,1.0,12.0,0.0,1.0,1.0,5.0,0.0,17.0,85.1,5.01,0.0,0.0,0.0,1.0,0.0,0.0,32.0,57.0,351.0,3.0,211,170.0,1,0,458,,,170.0,,,-127
585,109,TE depth,54,6850,Harrison Bryant,TE,FA,28,77,242,Florida Atlantic,46,1998-04-23,6,False,Active,Questionable,,,,9999999,12.0,2.7,0.23,0.0,0.0,0.0,0.0,0.0,0.0,2.0,6.0,7.0,0.0,13.0,17.6,1.35,0.0,0.0,0.0,0.0,0.0,0.0,9.0,12.0,86.0,0.0,113,170.0,1,0,826,,,170.0,,,240
586,110,TE depth,54,10220,Will Mallory,TE,IND,27,76,239,Miami (FL),86,1999-06-22,3,False,Active,,,2,TE2,9999999,2.0,2.6,1.3,0.0,0.0,0.0,0.0,0.0,0.0,1.0,1.0,16.0,0.0,10.0,6.9,0.69,0.0,0.0,0.0,0.0,0.0,0.0,4.0,8.0,29.0,0.0,114,170.0,1,0,598,,,170.0,,,11
587,211,WR depth,100,11762,Anthony Gould,WR,IND,25,68,174,Oregon State,6,2001-04-06,2,False,Active,,,6,WR6,9999999,11.0,2.6,0.24,0.0,0.0,0.0,0.0,0.0,0.0,2.0,2.0,6.0,0.0,8.0,3.3,0.41,0.0,0.0,0.0,0.0,0.0,0.0,1.0,1.0,23.0,0.0,212,170.0,1,0,531,,,170.0,,,-57
328,40,QB depth,30,11256,Tyson Bagent,QB,CHI,26,75,212,Shepherd (WV),17,2000-06-08,3,False,Active,,,2,QB2,412,3.0,2.58,0.86,47.0,0.0,0.0,2.0,7.0,0.0,0.0,0.0,0.0,0.0,4.0,-0.26,-0.07,11.0,0.0,0.0,6.0,-7.0,0.0,0.0,0.0,0.0,0.0,67,169.9,1,0,286,,,169.9,,,-303
588,212,WR depth,100,8013,Tim Jones,WR,JAX,28,73,200,Southern Miss,13,1998-05-15,5,False,Active,,,6,WR6,9999999,4.0,2.5,0.62,0.0,0.0,0.0,0.0,0.0,0.0,1.0,1.0,15.0,0.0,17.0,7.1,0.42,0.0,0.0,0.0,0.0,0.0,0.0,3.0,5.0,41.0,0.0,213,170.0,1,0,583,,,170.0,,,-7
589,119,RB depth,59,6694,D'Ernest Johnson,RB,FA,29,71,205,South Florida,34,1996-02-27,7,False,Active,,,,,383,8.0,2.5,0.31,0.0,0.0,0.0,14.0,25.0,0.0,0.0,0.0,0.0,0.0,14.0,35.9,2.56,0.0,0.0,0.0,32.0,143.0,0.0,12.0,19.0,96.0,0.0,128,170.0,1,0,892,,,170.0,,,301
590,111,TE depth,55,11201,Blake Whiteheart,TE,CLE,26,76,250,Wake Forest,86,2000-03-22,3,False,Active,,,3,TE3,999,17.0,2.4,0.14,0.0,0.0,0.0,0.0,0.0,0.0,2.0,6.0,4.0,0.0,11.0,17.1,1.55,0.0,0.0,0.0,0.0,0.0,0.0,6.0,9.0,51.0,1.0,115,170.0,1,0,613,,,170.0,,,21
329,117,WR depth,101,12505,Jalen Royals,WR,KC,23,72,195,Utah State,11,2003-02-18,1,False,Active,,,4,WR4,999,7.0,2.4,0.34,0.0,0.0,0.0,0.0,0.0,0.0,2.0,3.0,4.0,0.0,0.0,0.0,0.0,0.0,0.0,0.0,0.0,0.0,0.0,0.0,0.0,0.0,0.0,214,169.9,1,0,332,,,169.9,,,-261
330,41,QB depth,30,9229,Anthony Richardson,QB,IND,24,76,244,Florida,5,2002-05-22,3,False,Active,,,2,QB2,254,2.0,2.16,1.08,9.0,0.0,0.0,4.0,-1.0,0.0,1.0,1.0,9.0,0.0,11.0,175.36,15.94,1814.0,8.0,12.0,86.0,499.0,6.0,1.0,1.0,-1.0,0.0,68,169.9,1,0,307,,,169.9,,,-287
591,112,TE depth,55,4443,Pharaoh Brown,TE,FA,31,77,246,Oregon,49,1994-05-04,9,False,Active,,,,,9999999,7.0,2.1,0.3,0.0,0.0,0.0,0.0,0.0,0.0,2.0,2.0,1.0,0.0,15.0,12.5,0.83,0.0,0.0,0.0,0.0,0.0,0.0,8.0,12.0,65.0,0.0,116,170.0,1,0,967,,,170.0,,,372
592,113,TE depth,56,10227,Payne Durham,TE,TB,26,77,255,Purdue,87,2000-06-15,3,False,Active,,,4,TE4,999,17.0,2.1,0.12,0.0,0.0,0.0,0.0,0.0,0.0,1.0,4.0,11.0,0.0,16.0,34.5,2.16,0.0,0.0,0.0,0.0,0.0,0.0,11.0,14.0,115.0,2.0,117,170.0,1,0,390,,,170.0,,,-206
593,75,QB depth,31,4179,Joshua Dobbs,QB,FA,31,75,220,Tennessee,11,1995-01-26,9,False,Active,,,,,202,4.0,2.1,0.53,65.0,0.0,0.0,10.0,-5.0,0.0,0.0,0.0,0.0,0.0,2.0,32.84,16.42,361.0,2.0,2.0,9.0,24.0,2.0,0.0,0.0,0.0,0.0,69,170.0,1,0,677,,,170.0,,,80
594,120,RB depth,59,4353,Patrick Ricard,RB,NYG,32,75,300,Maine,45,1994-05-27,9,False,Active,,,4,RB4,999,11.0,2.1,0.19,0.0,0.0,0.0,1.0,3.0,0.0,1.0,2.0,8.0,0.0,17.0,17.2,1.01,0.0,0.0,0.0,0.0,0.0,0.0,3.0,5.0,22.0,1.0,130,170.0,1,0,872,,,170.0,,,274
595,121,RB depth,59,6931,DeeJay Dallas,RB,JAX,27,70,225,Miami (FL),20,1998-09-16,6,False,Active,,,6,RB6,999,6.0,2.1,0.35,0.0,0.0,0.0,3.0,21.0,0.0,0.0,1.0,0.0,0.0,17.0,21.0,1.24,0.0,0.0,0.0,9.0,49.0,0.0,3.0,3.0,11.0,1.0,129,170.0,1,0,522,,,170.0,,,-77
596,122,RB depth,59,13047,Jacardia Wright,RB,SEA,25,72,218,Missouri State,31,2000-09-26,1,False,Active,,,5,RB5,999,1.0,2.0,2.0,0.0,0.0,0.0,5.0,20.0,0.0,0.0,0.0,0.0,0.0,0.0,0.0,0.0,0.0,0.0,0.0,0.0,0.0,0.0,0.0,0.0,0.0,0.0,131,170.0,1,0,665,,,170.0,,,65
597,213,WR depth,101,12907,Quentin Skinner,WR,BUF,24,77,195,Kansas,38,2001-12-24,1,False,Active,,,,,999,1.0,2.0,2.0,0.0,0.0,0.0,0.0,0.0,0.0,1.0,1.0,10.0,0.0,0.0,0.0,0.0,0.0,0.0,0.0,0.0,0.0,0.0,0.0,0.0,0.0,0.0,215,170.0,1,0,491,,,170.0,,,-110
598,123,RB depth,60,6202,Jakob Johnson,RB,FA,31,75,255,Tennessee,43,1994-12-15,7,False,Active,,,,,495,7.0,2.0,0.29,0.0,0.0,0.0,0.0,0.0,0.0,0.0,0.0,0.0,0.0,3.0,0.0,0.0,0.0,0.0,0.0,0.0,0.0,0.0,0.0,0.0,0.0,0.0,132,170.0,1,0,894,,,170.0,,,292
599,76,QB depth,31,3357,Brandon Allen,QB,NYG,33,74,219,Arkansas,12,1992-09-05,10,False,Active,,,3,QB3,999,1.0,1.88,1.88,72.0,0.0,1.0,0.0,0.0,0.0,0.0,0.0,0.0,0.0,3.0,8.36,2.79,199.0,1.0,2.0,3.0,4.0,0.0,0.0,0.0,0.0,0.0,70,170.0,1,0,909,,,170.0,,,306
600,214,WR depth,102,11959,Bryce Oliver,WR,TEN,26,73,214,Youngstown State,80,2000-05-19,2,False,Active,,,7,WR7,9999999,3.0,1.8,0.6,0.0,0.0,0.0,0.0,0.0,0.0,1.0,1.0,8.0,0.0,10.0,15.5,1.55,0.0,0.0,0.0,0.0,0.0,0.0,6.0,9.0,95.0,0.0,216,170.0,1,0,639,,,170.0,,,35
601,114,TE depth,56,3048,Chris Manhertz,TE,NYG,34,78,235,Canisius,85,1992-04-10,11,False,Active,,,5,TE5,9999999,17.0,1.7,0.1,0.0,0.0,0.0,0.0,0.0,0.0,1.0,2.0,7.0,0.0,17.0,12.0,0.71,0.0,0.0,0.0,0.0,0.0,0.0,3.0,4.0,30.0,1.0,118,170.0,1,0,873,,,170.0,,,268
331,65,RB depth,60,10235,Roschon Johnson,RB,CHI,25,72,227,Texas,23,2001-01-31,3,False,Active,,,3,RB3,999,7.0,1.7,0.24,0.0,0.0,0.0,2.0,17.0,0.0,0.0,0.0,0.0,0.0,14.0,77.4,5.53,0.0,0.0,0.0,55.0,150.0,6.0,16.0,20.0,104.0,0.0,133,169.9,1,0,340,,,169.9,,,-266
602,215,WR depth,103,10234,Derius Davis,WR,LAC,25,68,165,TCU,12,2000-09-11,3,False,Active,,,6,WR6,999,11.0,1.5,0.14,0.0,0.0,0.0,2.0,5.0,0.0,2.0,3.0,10.0,0.0,15.0,40.1,2.67,0.0,0.0,0.0,12.0,39.0,0.0,13.0,17.0,112.0,2.0,217,170.0,1,0,534,,,170.0,,,-73
603,115,TE depth,56,11595,Jared Wiley,TE,KC,25,78,249,TCU,12,2000-11-02,2,False,Active,,,4,TE4,999,5.0,1.4,0.28,0.0,0.0,0.0,0.0,0.0,0.0,1.0,1.0,4.0,0.0,7.0,1.7,0.24,0.0,0.0,0.0,0.0,0.0,0.0,1.0,1.0,7.0,0.0,119,170.0,1,0,620,,,170.0,,,12
604,77,QB depth,32,7538,Zach Wilson,QB,NO,27,74,214,BYU,4,1999-08-03,5,False,Active,,,3,QB3,999,4.0,1.38,0.34,32.0,0.0,0.0,3.0,1.0,0.0,0.0,0.0,0.0,0.0,0.0,0.0,0.0,0.0,0.0,0.0,0.0,0.0,0.0,0.0,0.0,0.0,0.0,71,170.0,1,0,368,,,170.0,,,-241
605,116,TE depth,56,13210,Drake Dabney,TE,GB,24,77,246,TCU,49,2002-05-14,1,False,Active,,,3,TE3,9999999,2.0,1.3,0.65,0.0,0.0,0.0,0.0,0.0,0.0,1.0,2.0,3.0,0.0,0.0,0.0,0.0,0.0,0.0,0.0,0.0,0.0,0.0,0.0,0.0,0.0,0.0,120,170.0,1,0,492,,,170.0,,,-118
606,216,WR depth,103,8235,Samori Toure,WR,PHI,28,73,196,Nebraska,46,1998-03-24,4,False,Active,,,9,WR9,9999999,1.0,1.3,1.3,0.0,0.0,0.0,0.0,0.0,0.0,1.0,3.0,3.0,0.0,0.0,0.0,0.0,0.0,0.0,0.0,0.0,0.0,0.0,0.0,0.0,0.0,0.0,218,170.0,1,0,745,,,170.0,,,134
607,117,TE depth,57,13122,Carter Runyon,TE,LV,25,76,243,Towson,84,2001-07-23,1,False,Active,,,4,TE4,9999999,13.0,1.3,0.1,0.0,0.0,0.0,0.0,0.0,0.0,1.0,1.0,3.0,0.0,0.0,0.0,0.0,0.0,0.0,0.0,0.0,0.0,0.0,0.0,0.0,0.0,0.0,121,170.0,1,0,788,,,170.0,,,176
608,124,RB depth,60,11237,Jacob Saylors,RB,DET,25,71,195,East Tennessee State,25,2001-03-08,3,False,Active,,,4,RB4,9999999,16.0,1.1,0.07,0.0,0.0,0.0,2.0,11.0,0.0,0.0,0.0,0.0,0.0,0.0,0.0,0.0,0.0,0.0,0.0,0.0,0.0,0.0,0.0,0.0,0.0,0.0,135,170.0,1,0,348,,,170.0,,,-265
332,66,RB depth,60,12787,Josh Williams,RB,TB,25,69,210,LSU,18,2001-06-09,1,False,Active,,,4,RB4,999,3.0,1.1,0.37,0.0,0.0,0.0,4.0,11.0,0.0,0.0,0.0,0.0,0.0,0.0,0.0,0.0,0.0,0.0,0.0,0.0,0.0,0.0,0.0,0.0,0.0,0.0,134,169.9,1,0,306,,,169.9,,,-308
609,118,TE depth,57,4602,Robert Tonyan,TE,PIT,32,77,240,Indiana State,83,1994-04-30,9,False,Active,,,4,TE4,999,17.0,1.1,0.06,0.0,0.0,0.0,0.0,0.0,0.0,1.0,1.0,1.0,0.0,5.0,0.0,0.0,0.0,0.0,0.0,0.0,0.0,0.0,0.0,0.0,0.0,0.0,122,170.0,1,0,874,,,170.0,,,259
957,215,RB depth,60,11651,Isaac Guerendo,RB,SF,26,72,221,Louisville,31,2000-06-28,2,False,Active,PUP,Surgery,5,RB5,999,14.0,1.0,0.07,0.0,0.0,0.0,0.0,0.0,0.0,0.0,0.0,0.0,0.0,16.0,94.2,5.89,0.0,0.0,0.0,84.0,420.0,4.0,15.0,16.0,152.0,0.0,136,170.1,1,0,979,,,170.1,,,363
610,119,TE depth,57,8107,Nikola Kalinic,TE,CHI,29,76,248,York (CAN),86,1997-01-21,4,False,Active,,,4,TE4,999,2.0,1.0,0.5,0.0,0.0,0.0,0.0,0.0,0.0,0.0,0.0,0.0,0.0,2.0,0.0,0.0,0.0,0.0,0.0,0.0,0.0,0.0,0.0,0.0,0.0,0.0,123,170.0,1,0,750,,,170.0,,,133
623,124,TE bench,58,12045,Jack Westover,TE,NE,27,75,252,Washington,37,1999-06-09,2,False,Active,,,5,TE5,999,17.0,1.0,0.06,0.0,0.0,0.0,0.0,0.0,0.0,1.0,2.0,0.0,0.0,3.0,0.0,0.0,0.0,0.0,0.0,0.0,0.0,0.0,0.0,0.0,0.0,0.0,124,,0,,,,,,,,
611,125,RB depth,60,12928,Amar Johnson,RB,LAC,23,70,205,South Dakota State,35,2003-01-31,1,False,Active,,,7,RB7,9999999,2.0,0.8,0.4,0.0,0.0,0.0,2.0,8.0,0.0,0.0,1.0,0.0,0.0,0.0,0.0,0.0,0.0,0.0,0.0,0.0,0.0,0.0,0.0,0.0,0.0,0.0,137,170.0,1,0,793,,,170.0,,,175
612,126,RB depth,61,12516,Kalel Mullings,RB,TEN,23,74,226,Michigan,31,2002-10-04,1,False,Active,,,5,RB5,999,9.0,0.7,0.08,0.0,0.0,0.0,3.0,7.0,0.0,0.0,0.0,0.0,0.0,0.0,0.0,0.0,0.0,0.0,0.0,0.0,0.0,0.0,0.0,0.0,0.0,0.0,138,170.0,1,0,646,,,170.0,,,27
613,78,QB depth,32,6011,Gardner Minshew,QB,ARI,30,73,225,Washington State,15,1996-05-16,7,False,Active,,,3,QB3,999,4.0,0.68,0.17,37.0,0.0,1.0,6.0,2.0,0.0,0.0,0.0,0.0,0.0,10.0,106.32,10.63,2013.0,9.0,10.0,19.0,58.0,0.0,0.0,0.0,0.0,0.0,72,170.0,1,0,399,,,170.0,,,-221
614,127,RB depth,62,11384,Owen Wright,RB,FA,27,69,217,Monmouth,49,1999-02-28,3,False,Active,,,,,999,3.0,0.6,0.2,0.0,0.0,0.0,3.0,6.0,0.0,0.0,0.0,0.0,0.0,0.0,0.0,0.0,0.0,0.0,0.0,0.0,0.0,0.0,0.0,0.0,0.0,0.0,140,170.0,1,0,712,,,170.0,,,91
615,128,RB depth,61,5980,Myles Gaskin,RB,FA,28,70,200,Washington,33,1997-02-15,6,False,Active,,,,,575,1.0,0.6,0.6,0.0,0.0,0.0,3.0,6.0,0.0,0.0,0.0,0.0,0.0,5.0,2.0,0.4,0.0,0.0,0.0,3.0,-1.0,0.0,1.0,1.0,11.0,0.0,139,170.0,1,0,809,,,170.0,,,187
616,217,WR depth,104,12971,Ke'Shawn Williams,WR,CIN,24,69,189,Indiana,12,2001-12-27,1,False,Active,,,8,WR8,999,11.0,0.5,0.05,0.0,0.0,0.0,2.0,10.0,0.0,1.0,1.0,5.0,0.0,0.0,0.0,0.0,0.0,0.0,0.0,0.0,0.0,0.0,0.0,0.0,0.0,0.0,219,170.0,1,0,452,,,170.0,,,-171
617,129,RB depth,62,6659,Craig Reynolds,RB,FA,29,71,216,Kutztown,49,1996-06-15,7,False,Active,Questionable,,,,244,7.0,0.4,0.06,0.0,0.0,0.0,3.0,4.0,0.0,0.0,0.0,0.0,0.0,17.0,20.9,1.23,0.0,0.0,0.0,31.0,139.0,0.0,3.0,5.0,40.0,0.0,141,170.0,1,0,683,,,170.0,,,59
618,120,TE depth,58,7531,Feleipe Franks,TE,CAR,28,78,228,Arkansas,81,1997-12-22,5,False,Active,,,5,TE5,9999999,17.0,0.4,0.02,0.0,0.0,0.0,2.0,4.0,0.0,0.0,0.0,0.0,0.0,16.0,3.2,0.2,0.0,0.0,0.0,0.0,0.0,0.0,1.0,3.0,12.0,0.0,125,170.0,1,0,742,,,170.0,,,117
333,67,RB depth,62,11729,Sione Vaki,RB,DET,25,71,216,Utah,33,2001-07-30,2,False,Active,Questionable,,3,RB3,999,11.0,0.4,0.04,0.0,0.0,0.0,1.0,4.0,0.0,0.0,0.0,0.0,0.0,16.0,9.1,0.57,0.0,0.0,0.0,6.0,14.0,0.0,3.0,3.0,37.0,0.0,142,169.9,1,0,341,,,169.9,,,-285
619,130,RB depth,62,11649,Kendall Milton,RB,CIN,24,73,230,Georgia,36,2002-02-10,2,False,Active,,,5,RB5,999,1.0,0.2,0.2,0.0,0.0,0.0,2.0,2.0,0.0,0.0,0.0,0.0,0.0,2.0,0.0,0.0,0.0,0.0,0.0,0.0,0.0,0.0,0.0,0.0,0.0,0.0,143,170.0,1,0,640,,,170.0,,,13
334,42,QB depth,32,5854,Drew Lock,QB,SEA,29,76,228,Missouri,2,1996-11-10,7,False,Active,,,2,QB2,999,5.0,0.1,0.02,15.0,0.0,0.0,6.0,-5.0,0.0,0.0,0.0,0.0,0.0,8.0,85.14,10.64,1071.0,6.0,5.0,18.0,133.0,2.0,0.0,0.0,0.0,0.0,73,169.9,1,0,297,,,169.9,,,-331
620,218,WR depth,104,10860,Malik Cunningham,WR,DET,27,73,190,Louisville,15,1998-10-06,3,False,Active,,,8,WR8,999,1.0,0.1,0.1,0.0,0.0,0.0,1.0,1.0,0.0,0.0,0.0,0.0,0.0,0.0,0.0,0.0,0.0,0.0,0.0,0.0,0.0,0.0,0.0,0.0,0.0,0.0,220,170.0,1,0,611,,,170.0,,,-18
636,126,TE bench,,6462,Ellis Richardson,TE,FA,26,75,245,Georgia Southern,45,1995-02-12,3,False,Active,,,,,9999999,0.0,0.0,0.0,0.0,0.0,0.0,0.0,0.0,0.0,0.0,0.0,0.0,0.0,0.0,0.0,0.0,0.0,0.0,0.0,0.0,0.0,0.0,0.0,0.0,0.0,0.0,126,,0,,,,,,,,
637,127,TE bench,,7926,Carl Tucker,TE,FA,24,74,250,Alabama,0,1997-02-06,1,False,Active,,,,,426,0.0,0.0,0.0,0.0,0.0,0.0,0.0,0.0,0.0,0.0,0.0,0.0,0.0,0.0,0.0,0.0,0.0,0.0,0.0,0.0,0.0,0.0,0.0,0.0,0.0,0.0,127,,0,,,,,,,,
638,144,RB bench,,1408,Le'Veon Bell,RB,TB,29,73,225,Michigan State,6,1992-02-18,9,False,Active,,,,,235,0.0,0.0,0.0,0.0,0.0,0.0,0.0,0.0,0.0,0.0,0.0,0.0,0.0,0.0,0.0,0.0,0.0,0.0,0.0,0.0,0.0,0.0,0.0,0.0,0.0,0.0,144,,0,,,,,,,,
639,128,TE bench,,8074,Matt Seybert,TE,FA,24,76,252,Michigan State,41,1997-05-02,1,False,Active,,,,,,0.0,0.0,0.0,0.0,0.0,0.0,0.0,0.0,0.0,0.0,0.0,0.0,0.0,0.0,0.0,0.0,0.0,0.0,0.0,0.0,0.0,0.0,0.0,0.0,0.0,0.0,128,,0,,,,,,,,
1013,128,QB depth,,13175,Kinkead Dent,QB,FA,25,76,215,Tennessee-Martin,,2000-07-27,0,True,Inactive,,,,,9999999,0.0,0.0,0.0,0.0,0.0,0.0,0.0,0.0,0.0,0.0,0.0,0.0,0.0,0.0,0.0,0.0,0.0,0.0,0.0,0.0,0.0,0.0,0.0,0.0,0.0,0.0,74,,0,,,,,,,,
641,221,WR bench,,2801,DeAndrew White,WR,FA,30,72,195,Alabama,18,1991-10-16,7,False,Inactive,,,,,9999999,0.0,0.0,0.0,0.0,0.0,0.0,0.0,0.0,0.0,0.0,0.0,0.0,0.0,0.0,0.0,0.0,0.0,0.0,0.0,0.0,0.0,0.0,0.0,0.0,0.0,0.0,221,,0,,,,,,,,
642,145,RB bench,,7918,A.J. Rose,RB,FA,24,73,212,Kentucky,24,1997-10-14,1,False,Active,,,,,311,0.0,0.0,0.0,0.0,0.0,0.0,0.0,0.0,0.0,0.0,0.0,0.0,0.0,0.0,0.0,0.0,0.0,0.0,0.0,0.0,0.0,0.0,0.0,0.0,0.0,0.0,145,,0,,,,,,,,
643,222,WR bench,,5428,Ricky Jeune,WR,FA,28,75,212,Georgia Tech,2,1993-12-03,4,False,Active,,,,,9999999,0.0,0.0,0.0,0.0,0.0,0.0,0.0,0.0,0.0,0.0,0.0,0.0,0.0,0.0,0.0,0.0,0.0,0.0,0.0,0.0,0.0,0.0,0.0,0.0,0.0,0.0,222,,0,,,,,,,,
1014,129,QB depth,,13221,Brett Gabbert,QB,FA,25,72,206,Miami (OH),,2000-08-04,0,True,Active,,,,,999,0.0,0.0,0.0,0.0,0.0,0.0,0.0,0.0,0.0,0.0,0.0,0.0,0.0,0.0,0.0,0.0,0.0,0.0,0.0,0.0,0.0,0.0,0.0,0.0,0.0,0.0,75,,0,,,,,,,,
645,223,WR bench,,11522,Jerome Kapp,WR,FA,24,75,210,Kutztown,31,1999-04-07,1,False,Active,,,,,622,0.0,0.0,0.0,0.0,0.0,0.0,0.0,0.0,0.0,0.0,0.0,0.0,0.0,0.0,0.0,0.0,0.0,0.0,0.0,0.0,0.0,0.0,0.0,0.0,0.0,0.0,223,,0,,,,,,,,
646,129,TE bench,,2474,Nick Boyle,TE,FA,29,76,261,Delaware,86,1993-02-17,8,False,Active,,,,,9999999,0.0,0.0,0.0,0.0,0.0,0.0,0.0,0.0,0.0,0.0,0.0,0.0,0.0,0.0,0.0,0.0,0.0,0.0,0.0,0.0,0.0,0.0,0.0,0.0,0.0,0.0,129,,0,,,,,,,,
621,131,RB depth,,8809,Aaron Shampklin,RB,FA,25,70,195,Harvard,48,1999-10-18,3,False,Active,,,,,672,0.0,0.0,0.0,0.0,0.0,0.0,0.0,0.0,0.0,0.0,0.0,0.0,0.0,3.0,1.7,0.57,0.0,0.0,0.0,6.0,17.0,0.0,0.0,0.0,0.0,0.0,146,170.0,1,0,516,,,170.0,,,-114
648,224,WR bench,,3342,Jakeem Grant,WR,FA,32,67,172,Texas Tech,84,1992-10-30,8,False,Active,,,,,662,0.0,0.0,0.0,0.0,0.0,0.0,0.0,0.0,0.0,0.0,0.0,0.0,0.0,0.0,0.0,0.0,0.0,0.0,0.0,0.0,0.0,0.0,0.0,0.0,0.0,0.0,224,,0,,,,,,,,
649,225,WR bench,,1684,Jaron Brown,WR,FA,32,75,205,Clemson,18,1990-01-08,9,False,Active,,,,,763,0.0,0.0,0.0,0.0,0.0,0.0,0.0,0.0,0.0,0.0,0.0,0.0,0.0,0.0,0.0,0.0,0.0,0.0,0.0,0.0,0.0,0.0,0.0,0.0,0.0,0.0,225,,0,,,,,,,,
622,132,RB depth,,6918,Salvon Ahmed,RB,CHI,27,71,196,Washington,36,1998-12-30,6,False,Active,,,5,RB5,999,0.0,0.0,0.0,0.0,0.0,0.0,0.0,0.0,0.0,0.0,0.0,0.0,0.0,0.0,0.0,0.0,0.0,0.0,0.0,0.0,0.0,0.0,0.0,0.0,0.0,0.0,147,170.0,1,0,736,,,170.0,,,105
651,130,TE bench,,6137,Tommy Sweeney,TE,FA,29,77,255,Boston College,87,1995-07-01,6,False,Active,,,,,9999999,0.0,0.0,0.0,0.0,0.0,0.0,0.0,0.0,0.0,0.0,0.0,0.0,0.0,0.0,0.0,0.0,0.0,0.0,0.0,0.0,0.0,0.0,0.0,0.0,0.0,0.0,130,,0,,,,,,,,
652,131,TE bench,,3561,Bryce Williams,TE,FA,28,78,258,East Carolina,80,1993-02-24,6,False,Active,,,,,9999999,0.0,0.0,0.0,0.0,0.0,0.0,0.0,0.0,0.0,0.0,0.0,0.0,0.0,0.0,0.0,0.0,0.0,0.0,0.0,0.0,0.0,0.0,0.0,0.0,0.0,0.0,131,,0,,,,,,,,
653,226,WR bench,,5038,Michael Gallup,WR,FA,29,73,198,Colorado State,12,1996-03-04,7,False,Active,,,,,425,0.0,0.0,0.0,0.0,0.0,0.0,0.0,0.0,0.0,0.0,0.0,0.0,0.0,0.0,0.0,0.0,0.0,0.0,0.0,0.0,0.0,0.0,0.0,0.0,0.0,0.0,226,,0,,,,,,,,
654,227,WR bench,,2023,De'Anthony Thomas,WR,FA,29,68,176,Oregon,16,1993-01-05,8,False,Inactive,,,,,803,0.0,0.0,0.0,0.0,0.0,0.0,0.0,0.0,0.0,0.0,0.0,0.0,0.0,0.0,0.0,0.0,0.0,0.0,0.0,0.0,0.0,0.0,0.0,0.0,0.0,0.0,227,,0,,,,,,,,
1015,370,WR depth,,13600,Tyren Montgomery,WR,TEN,,71,204,John Carroll,19,,0,True,Active,,,,,9999999,0.0,0.0,0.0,0.0,0.0,0.0,0.0,0.0,0.0,0.0,0.0,0.0,0.0,0.0,0.0,0.0,0.0,0.0,0.0,0.0,0.0,0.0,0.0,0.0,0.0,0.0,228,,0,,,,,,,,
1016,198,TE depth,,8432,Player Invalid,TE,FA,,,,,,,0,True,Inactive,,,,,,0.0,0.0,0.0,0.0,0.0,0.0,0.0,0.0,0.0,0.0,0.0,0.0,0.0,0.0,0.0,0.0,0.0,0.0,0.0,0.0,0.0,0.0,0.0,0.0,0.0,0.0,132,,0,,,,,,,,
623,219,WR depth,,11616,Jacob Cowing,WR,SF,25,69,171,Arizona,6,2001-02-04,2,False,Active,Questionable,,9,WR9,999,0.0,0.0,0.0,0.0,0.0,0.0,0.0,0.0,0.0,0.0,0.0,0.0,0.0,15.0,10.7,0.71,0.0,0.0,0.0,1.0,7.0,0.0,4.0,6.0,80.0,0.0,229,170.0,1,0,451,,,170.0,,,-181
658,230,WR bench,,5965,Miles Boykin,WR,FA,29,75,231,Notre Dame,80,1996-10-12,6,False,Active,,,,,634,0.0,0.0,0.0,0.0,0.0,0.0,0.0,0.0,0.0,0.0,0.0,0.0,0.0,0.0,0.0,0.0,0.0,0.0,0.0,0.0,0.0,0.0,0.0,0.0,0.0,0.0,230,,0,,,,,,,,
659,231,WR bench,,13064,Dorian Singer,WR,FA,23,72,181,Utah,,2002-10-16,1,False,Active,,,,,542,0.0,0.0,0.0,0.0,0.0,0.0,0.0,0.0,0.0,0.0,0.0,0.0,0.0,0.0,0.0,0.0,0.0,0.0,0.0,0.0,0.0,0.0,0.0,0.0,0.0,0.0,231,,0,,,,,,,,
660,133,TE bench,,11155,Christian Sims,TE,FA,22,74,243,Bowling Green,46,2001-02-15,1,False,Active,,,,,449,0.0,0.0,0.0,0.0,0.0,0.0,0.0,0.0,0.0,0.0,0.0,0.0,0.0,0.0,0.0,0.0,0.0,0.0,0.0,0.0,0.0,0.0,0.0,0.0,0.0,0.0,133,,0,,,,,,,,
661,232,WR bench,,4828,Rashard Davis,WR,FA,26,69,180,James Madison,6,1995-09-14,5,False,Active,,,,,9999999,0.0,0.0,0.0,0.0,0.0,0.0,0.0,0.0,0.0,0.0,0.0,0.0,0.0,0.0,0.0,0.0,0.0,0.0,0.0,0.0,0.0,0.0,0.0,0.0,0.0,0.0,232,,0,,,,,,,,
662,233,WR bench,,4396,Drew Morgan,WR,FA,27,72,187,Arkansas,81,1994-12-02,5,False,Active,,,,,9999999,0.0,0.0,0.0,0.0,0.0,0.0,0.0,0.0,0.0,0.0,0.0,0.0,0.0,0.0,0.0,0.0,0.0,0.0,0.0,0.0,0.0,0.0,0.0,0.0,0.0,0.0,233,,0,,,,,,,,
624,220,WR depth,,4038,John Ross,WR,FA,29,71,190,Washington,38,1995-11-27,7,False,Active,,,,,656,0.0,0.0,0.0,0.0,0.0,0.0,0.0,0.0,0.0,0.0,0.0,0.0,0.0,1.0,1.6,1.6,0.0,0.0,0.0,0.0,0.0,0.0,1.0,2.0,6.0,0.0,234,170.0,1,0,721,,,170.0,,,88
664,235,WR bench,,11282,Johnny King,WR,FA,23,77,209,Southeast Missouri State,43,1999-09-29,1,False,Active,,,,,469,0.0,0.0,0.0,0.0,0.0,0.0,0.0,0.0,0.0,0.0,0.0,0.0,0.0,0.0,0.0,0.0,0.0,0.0,0.0,0.0,0.0,0.0,0.0,0.0,0.0,0.0,235,,0,,,,,,,,
665,236,WR bench,,3730,Tevin Jones,WR,FA,29,74,225,Memphis,0,1992-12-26,6,False,Active,,,,,1091,0.0,0.0,0.0,0.0,0.0,0.0,0.0,0.0,0.0,0.0,0.0,0.0,0.0,0.0,0.0,0.0,0.0,0.0,0.0,0.0,0.0,0.0,0.0,0.0,0.0,0.0,236,,0,,,,,,,,
974,225,RB depth,,13302,Adam Randall,RB,BAL,22,75,240,Clemson,23,2004-07-14,0,True,Active,,,3,RB3,999,0.0,0.0,0.0,0.0,0.0,0.0,0.0,0.0,0.0,0.0,0.0,0.0,0.0,0.0,0.0,0.0,0.0,0.0,0.0,0.0,0.0,0.0,0.0,0.0,0.0,0.0,148,170.3,1,0,1003,,,170.3,,,369
667,134,TE bench,,5718,Ryan Yurachek,TE,FA,25,72,239,Marshall,42,1996-08-27,4,False,Active,,,,,9999999,0.0,0.0,0.0,0.0,0.0,0.0,0.0,0.0,0.0,0.0,0.0,0.0,0.0,0.0,0.0,0.0,0.0,0.0,0.0,0.0,0.0,0.0,0.0,0.0,0.0,0.0,134,,0,,,,,,,,
668,237,WR bench,,3916,David Watford,WR,FA,28,74,212,Hampton,14,1993-06-16,6,False,Active,,,,,9999999,0.0,0.0,0.0,0.0,0.0,0.0,0.0,0.0,0.0,0.0,0.0,0.0,0.0,0.0,0.0,0.0,0.0,0.0,0.0,0.0,0.0,0.0,0.0,0.0,0.0,0.0,237,,0,,,,,,,,
669,238,WR bench,,5530,Evan Berry,WR,FA,26,71,205,Tennessee,0,1995-11-04,4,False,Active,,,,,9999999,0.0,0.0,0.0,0.0,0.0,0.0,0.0,0.0,0.0,0.0,0.0,0.0,0.0,0.0,0.0,0.0,0.0,0.0,0.0,0.0,0.0,0.0,0.0,0.0,0.0,0.0,238,,0,,,,,,,,
670,239,WR bench,,11445,Taylor Grimes,WR,FA,23,71,188,Incarnate Word,13,2000-03-26,1,False,Active,,,,,9999999,0.0,0.0,0.0,0.0,0.0,0.0,0.0,0.0,0.0,0.0,0.0,0.0,0.0,0.0,0.0,0.0,0.0,0.0,0.0,0.0,0.0,0.0,0.0,0.0,0.0,0.0,239,,0,,,,,,,,
671,149,RB bench,,5619,Dalyn Dawkins,RB,FA,27,67,185,Colorado State,28,1994-12-12,4,False,Active,,,,,1497,0.0,0.0,0.0,0.0,0.0,0.0,0.0,0.0,0.0,0.0,0.0,0.0,0.0,0.0,0.0,0.0,0.0,0.0,0.0,0.0,0.0,0.0,0.0,0.0,0.0,0.0,149,,0,,,,,,,,
672,150,RB bench,,5122,Boston Scott,RB,FA,29,66,203,Louisiana Tech,33,1995-04-27,6,False,Active,,,,,549,0.0,0.0,0.0,0.0,0.0,0.0,0.0,0.0,0.0,0.0,0.0,0.0,0.0,0.0,0.0,0.0,0.0,0.0,0.0,0.0,0.0,0.0,0.0,0.0,0.0,0.0,150,,0,,,,,,,,
1017,371,WR depth,,5396,Sergio Bailey II,WR,FA,29,"6'0""",190,None,83,1991-09-07,0,True,Inactive,NA,,,,9999999,0.0,0.0,0.0,0.0,0.0,0.0,0.0,0.0,0.0,0.0,0.0,0.0,0.0,0.0,0.0,0.0,0.0,0.0,0.0,0.0,0.0,0.0,0.0,0.0,0.0,0.0,240,,0,,,,,,,,
625,79,QB depth,,13295,Behren Morton,QB,NE,24,74,218,Texas Tech,15,2002-01-17,0,True,Active,,,3,QB3,999,0.0,0.0,0.0,0.0,0.0,0.0,0.0,0.0,0.0,0.0,0.0,0.0,0.0,0.0,0.0,0.0,0.0,0.0,0.0,0.0,0.0,0.0,0.0,0.0,0.0,0.0,76,170.0,1,0,493,,,170.0,,,-142
675,151,RB bench,,2320,Melvin Gordon,RB,FA,30,73,215,Wisconsin,33,1993-04-13,9,False,Active,,,,,401,0.0,0.0,0.0,0.0,0.0,0.0,0.0,0.0,0.0,0.0,0.0,0.0,0.0,0.0,0.0,0.0,0.0,0.0,0.0,0.0,0.0,0.0,0.0,0.0,0.0,0.0,151,,0,,,,,,,,
676,77,QB bench,,1895,AJ McCarron,QB,FA,33,75,220,Alabama,4,1990-09-13,10,False,Active,,,,,311,0.0,0.0,0.0,0.0,0.0,0.0,0.0,0.0,0.0,0.0,0.0,0.0,0.0,0.0,0.0,0.0,0.0,0.0,0.0,0.0,0.0,0.0,0.0,0.0,0.0,0.0,77,,0,,,,,,,,
677,241,WR bench,,11906,Ty James,WR,FA,23,74,200,Mercer,,2001-04-06,1,False,Active,,,,,354,0.0,0.0,0.0,0.0,0.0,0.0,0.0,0.0,0.0,0.0,0.0,0.0,0.0,0.0,0.0,0.0,0.0,0.0,0.0,0.0,0.0,0.0,0.0,0.0,0.0,0.0,241,,0,,,,,,,,
678,152,RB bench,,2496,Malcolm Johnson,RB,FA,29,73,231,Mississippi State,0,1992-08-11,7,False,Active,,,,,9999999,0.0,0.0,0.0,0.0,0.0,0.0,0.0,0.0,0.0,0.0,0.0,0.0,0.0,0.0,0.0,0.0,0.0,0.0,0.0,0.0,0.0,0.0,0.0,0.0,0.0,0.0,152,,0,,,,,,,,
679,153,RB bench,,7258,Luke Sellers,RB,FA,24,73,245,South Dakota State,47,1997-02-05,2,False,Inactive,,,,,9999999,0.0,0.0,0.0,0.0,0.0,0.0,0.0,0.0,0.0,0.0,0.0,0.0,0.0,0.0,0.0,0.0,0.0,0.0,0.0,0.0,0.0,0.0,0.0,0.0,0.0,0.0,153,,0,,,,,,,,
680,154,RB bench,,12028,TaMerik Williams,RB,FA,,72,227,North Dakota State,,,1,False,Active,,,,,9999999,0.0,0.0,0.0,0.0,0.0,0.0,0.0,0.0,0.0,0.0,0.0,0.0,0.0,0.0,0.0,0.0,0.0,0.0,0.0,0.0,0.0,0.0,0.0,0.0,0.0,0.0,154,,0,,,,,,,,
681,155,RB bench,,3488,D.J. Foster,RB,FA,28,72,205,Arizona State,37,1993-11-22,6,False,Inactive,,,,,562,0.0,0.0,0.0,0.0,0.0,0.0,0.0,0.0,0.0,0.0,0.0,0.0,0.0,0.0,0.0,0.0,0.0,0.0,0.0,0.0,0.0,0.0,0.0,0.0,0.0,0.0,155,,0,,,,,,,,
1018,231,RB depth,,4909,Duce Staley,RB,FA,,,,,22,,0,True,Inactive,,,,,9999999,0.0,0.0,0.0,0.0,0.0,0.0,0.0,0.0,0.0,0.0,0.0,0.0,0.0,0.0,0.0,0.0,0.0,0.0,0.0,0.0,0.0,0.0,0.0,0.0,0.0,0.0,156,,0,,,,,,,,
1019,232,RB depth,,13323,Rahsul Faison,RB,FA,,72,218,,,,0,True,Active,,,,,,0.0,0.0,0.0,0.0,0.0,0.0,0.0,0.0,0.0,0.0,0.0,0.0,0.0,0.0,0.0,0.0,0.0,0.0,0.0,0.0,0.0,0.0,0.0,0.0,0.0,0.0,157,,0,,,,,,,,
684,242,WR bench,,12244,DeAngelo Hardy,WR,FA,,73,208,North Central,,,1,False,Active,,,,,9999999,0.0,0.0,0.0,0.0,0.0,0.0,0.0,0.0,0.0,0.0,0.0,0.0,0.0,0.0,0.0,0.0,0.0,0.0,0.0,0.0,0.0,0.0,0.0,0.0,0.0,0.0,242,,0,,,,,,,,
685,158,RB bench,,1387,Rex Burkhead,RB,FA,32,70,215,Nebraska,28,1990-07-02,10,False,Active,,,,,9999999,0.0,0.0,0.0,0.0,0.0,0.0,0.0,0.0,0.0,0.0,0.0,0.0,0.0,0.0,0.0,0.0,0.0,0.0,0.0,0.0,0.0,0.0,0.0,0.0,0.0,0.0,158,,0,,,,,,,,
1020,199,TE depth,,3759,Gabe Hughes,TE,FA,24,"6'4""",241,Florida Tech,89,1993-10-15,0,True,Inactive,,,,,9999999,0.0,0.0,0.0,0.0,0.0,0.0,0.0,0.0,0.0,0.0,0.0,0.0,0.0,0.0,0.0,0.0,0.0,0.0,0.0,0.0,0.0,0.0,0.0,0.0,0.0,0.0,135,,0,,,,,,,,
687,159,RB bench,,5143,Demario Richard,RB,FA,25,70,219,Arizona State,0,1996-12-02,4,False,Active,,,,,997,0.0,0.0,0.0,0.0,0.0,0.0,0.0,0.0,0.0,0.0,0.0,0.0,0.0,0.0,0.0,0.0,0.0,0.0,0.0,0.0,0.0,0.0,0.0,0.0,0.0,0.0,159,,0,,,,,,,,
688,243,WR bench,,8410,Jequez Ezzard,WR,FA,,70,195,Sam Houston State,0,,1,False,Active,,,,,9999999,0.0,0.0,0.0,0.0,0.0,0.0,0.0,0.0,0.0,0.0,0.0,0.0,0.0,0.0,0.0,0.0,0.0,0.0,0.0,0.0,0.0,0.0,0.0,0.0,0.0,0.0,243,,0,,,,,,,,
689,78,QB bench,,5845,Dwayne Haskins,QB,PIT,24,76,230,Ohio State,3,1997-05-03,3,False,Active,,,,,602,0.0,0.0,0.0,0.0,0.0,0.0,0.0,0.0,0.0,0.0,0.0,0.0,0.0,0.0,0.0,0.0,0.0,0.0,0.0,0.0,0.0,0.0,0.0,0.0,0.0,0.0,78,,0,,,,,,,,
690,244,WR bench,,2025,Albert Wilson,WR,FA,30,69,195,Georgia State,12,1992-07-12,9,False,Active,,,,,430,0.0,0.0,0.0,0.0,0.0,0.0,0.0,0.0,0.0,0.0,0.0,0.0,0.0,0.0,0.0,0.0,0.0,0.0,0.0,0.0,0.0,0.0,0.0,0.0,0.0,0.0,244,,0,,,,,,,,
691,43,K bench,,5838,Phillip Andersen,K,FA,30,71,206,No College,0,1991-04-10,3,False,Active,,,,K1,9999999,0.0,0.0,0.0,0.0,0.0,0.0,0.0,0.0,0.0,0.0,0.0,0.0,0.0,0.0,0.0,0.0,0.0,0.0,0.0,0.0,0.0,0.0,0.0,0.0,0.0,0.0,43,,0,,,,,,,,
692,136,TE bench,,12300,Joshua Lingenfelter,TE,FA,,75,250,Army,,,1,False,Active,,,,,9999999,0.0,0.0,0.0,0.0,0.0,0.0,0.0,0.0,0.0,0.0,0.0,0.0,0.0,0.0,0.0,0.0,0.0,0.0,0.0,0.0,0.0,0.0,0.0,0.0,0.0,0.0,136,,0,,,,,,,,
626,121,TE depth,,11304,E.J. Jenkins,TE,PHI,27,78,245,Georgia Tech,84,1998-11-03,3,False,Active,,,7,TE7,999,2.0,0.0,0.0,0.0,0.0,0.0,0.0,0.0,0.0,0.0,0.0,0.0,0.0,8.0,7.7,0.96,0.0,0.0,0.0,0.0,0.0,0.0,1.0,2.0,7.0,1.0,137,170.0,1,0,772,,,170.0,,,136
694,138,TE bench,,5296,Elijah Wellman,TE,FA,27,74,241,West Virginia,0,1994-09-20,4,False,Active,,,,,1466,0.0,0.0,0.0,0.0,0.0,0.0,0.0,0.0,0.0,0.0,0.0,0.0,0.0,0.0,0.0,0.0,0.0,0.0,0.0,0.0,0.0,0.0,0.0,0.0,0.0,0.0,138,,0,,,,,,,,
1021,233,RB depth,,13352,Lincoln Pare,RB,FA,25,68,190,Texas State,36,2001-06-29,0,True,Active,Questionable,,,,999,0.0,0.0,0.0,0.0,0.0,0.0,0.0,0.0,0.0,0.0,0.0,0.0,0.0,0.0,0.0,0.0,0.0,0.0,0.0,0.0,0.0,0.0,0.0,0.0,0.0,0.0,160,,0,,,,,,,,
696,245,WR bench,,12967,Jacolby George,WR,FA,22,71,172,Miami (FL),,2003-01-25,1,False,Active,,,,,623,0.0,0.0,0.0,0.0,0.0,0.0,0.0,0.0,0.0,0.0,0.0,0.0,0.0,0.0,0.0,0.0,0.0,0.0,0.0,0.0,0.0,0.0,0.0,0.0,0.0,0.0,245,,0,,,,,,,,
1022,200,TE depth,,14017,Brett Weaver,TE,FA,,78,230,Grand Valley State,,,0,True,Active,,,,,9999999,0.0,0.0,0.0,0.0,0.0,0.0,0.0,0.0,0.0,0.0,0.0,0.0,0.0,0.0,0.0,0.0,0.0,0.0,0.0,0.0,0.0,0.0,0.0,0.0,0.0,0.0,139,,0,,,,,,,,
698,246,WR bench,,13228,Ife Adeyi,WR,FA,25,70,175,Sam Houston,,2000-12-05,1,False,Active,,,,,676,0.0,0.0,0.0,0.0,0.0,0.0,0.0,0.0,0.0,0.0,0.0,0.0,0.0,0.0,0.0,0.0,0.0,0.0,0.0,0.0,0.0,0.0,0.0,0.0,0.0,0.0,246,,0,,,,,,,,
699,247,WR bench,,6459,Sean Modster,WR,FA,26,71,183,Boise State,14,1995-11-13,3,False,Active,,,,,9999999,0.0,0.0,0.0,0.0,0.0,0.0,0.0,0.0,0.0,0.0,0.0,0.0,0.0,0.0,0.0,0.0,0.0,0.0,0.0,0.0,0.0,0.0,0.0,0.0,0.0,0.0,247,,0,,,,,,,,
700,248,WR bench,,12264,Cole Beck,WR,FA,29,73,195,Virginia Tech,,1995-03-15,1,False,Active,,,,,9999999,0.0,0.0,0.0,0.0,0.0,0.0,0.0,0.0,0.0,0.0,0.0,0.0,0.0,0.0,0.0,0.0,0.0,0.0,0.0,0.0,0.0,0.0,0.0,0.0,0.0,0.0,248,,0,,,,,,,,
701,140,TE bench,,801,Charles Clay,TE,FA,32,75,246,Tulsa,85,1989-02-13,11,False,Active,,,,,625,0.0,0.0,0.0,0.0,0.0,0.0,0.0,0.0,0.0,0.0,0.0,0.0,0.0,0.0,0.0,0.0,0.0,0.0,0.0,0.0,0.0,0.0,0.0,0.0,0.0,0.0,140,,0,,,,,,,,
702,141,TE bench,,6374,Drew Belcher,TE,FA,25,75,250,Maine,82,1996-04-18,3,False,Active,,,,,9999999,0.0,0.0,0.0,0.0,0.0,0.0,0.0,0.0,0.0,0.0,0.0,0.0,0.0,0.0,0.0,0.0,0.0,0.0,0.0,0.0,0.0,0.0,0.0,0.0,0.0,0.0,141,,0,,,,,,,,
703,249,WR bench,,7944,Michael Strachan,WR,FA,28,77,225,Charleston,84,1997-08-13,4,False,Active,,,,,999,0.0,0.0,0.0,0.0,0.0,0.0,0.0,0.0,0.0,0.0,0.0,0.0,0.0,0.0,0.0,0.0,0.0,0.0,0.0,0.0,0.0,0.0,0.0,0.0,0.0,0.0,249,,0,,,,,,,,
627,80,QB depth,,1550,Ryan Griffin,QB,FA,33,76,218,Tulane,4,1989-11-17,10,False,Active,,,,,292,0.0,0.0,0.0,0.0,0.0,0.0,0.0,0.0,0.0,0.0,0.0,0.0,0.0,0.0,0.0,0.0,0.0,0.0,0.0,0.0,0.0,0.0,0.0,0.0,0.0,0.0,79,170.0,1,0,930,,,170.0,,,293
1023,372,WR depth,,13108,Julian Fleming,WR,FA,25,74,208,Penn State,,2000-12-19,0,True,Active,,,,,999,0.0,0.0,0.0,0.0,0.0,0.0,0.0,0.0,0.0,0.0,0.0,0.0,0.0,0.0,0.0,0.0,0.0,0.0,0.0,0.0,0.0,0.0,0.0,0.0,0.0,0.0,250,,0,,,,,,,,
706,161,RB bench,,12121,Deshaun Fenwick,RB,FA,25,73,223,Oregon State,35,1999-12-31,1,False,Active,,,,,523,0.0,0.0,0.0,0.0,0.0,0.0,0.0,0.0,0.0,0.0,0.0,0.0,0.0,0.0,0.0,0.0,0.0,0.0,0.0,0.0,0.0,0.0,0.0,0.0,0.0,0.0,161,,0,,,,,,,,
707,142,TE bench,,3496,Stephen Anderson,TE,FA,31,75,230,California,40,1993-01-30,8,False,Active,,,,,9999999,0.0,0.0,0.0,0.0,0.0,0.0,0.0,0.0,0.0,0.0,0.0,0.0,0.0,0.0,0.0,0.0,0.0,0.0,0.0,0.0,0.0,0.0,0.0,0.0,0.0,0.0,142,,0,,,,,,,,
708,251,WR bench,,4813,Marvin Bracy,WR,FA,28,69,172,Florida State,87,1993-12-15,5,False,Active,,,,,9999999,0.0,0.0,0.0,0.0,0.0,0.0,0.0,0.0,0.0,0.0,0.0,0.0,0.0,0.0,0.0,0.0,0.0,0.0,0.0,0.0,0.0,0.0,0.0,0.0,0.0,0.0,251,,0,,,,,,,,
628,122,TE depth,,1800,Jordan Matthews,TE,FA,32,75,236,Vanderbilt,81,1992-07-16,11,False,Active,,,,,9999999,0.0,0.0,0.0,0.0,0.0,0.0,0.0,0.0,0.0,0.0,0.0,0.0,0.0,4.0,0.0,0.0,0.0,0.0,0.0,0.0,0.0,0.0,0.0,1.0,0.0,0.0,143,170.0,1,0,959,,,170.0,,,321
1024,58,K depth,,6702,Andrew Jacas,K,FA,,,,,0,,0,True,Inactive,,,,K1,9999999,0.0,0.0,0.0,0.0,0.0,0.0,0.0,0.0,0.0,0.0,0.0,0.0,0.0,0.0,0.0,0.0,0.0,0.0,0.0,0.0,0.0,0.0,0.0,0.0,0.0,0.0,44,,0,,,,,,,,
1025,130,QB depth,,3953,Austin Trainor,QB,FA,,"6'2""",212,West Georgia,9,,0,True,Inactive,,,,,9999999,0.0,0.0,0.0,0.0,0.0,0.0,0.0,0.0,0.0,0.0,0.0,0.0,0.0,0.0,0.0,0.0,0.0,0.0,0.0,0.0,0.0,0.0,0.0,0.0,0.0,0.0,80,,0,,,,,,,,
712,162,RB bench,,5100,Jordan Wilkins,RB,FA,29,73,216,Ole Miss,30,1994-07-18,5,False,Active,,,,,9999999,0.0,0.0,0.0,0.0,0.0,0.0,0.0,0.0,0.0,0.0,0.0,0.0,0.0,0.0,0.0,0.0,0.0,0.0,0.0,0.0,0.0,0.0,0.0,0.0,0.0,0.0,162,,0,,,,,,,,
713,144,TE bench,,7938,Hunter Kampmoyer,TE,FA,26,76,243,Oregon,84,1998-02-06,3,False,Active,,,,,668,0.0,0.0,0.0,0.0,0.0,0.0,0.0,0.0,0.0,0.0,0.0,0.0,0.0,0.0,0.0,0.0,0.0,0.0,0.0,0.0,0.0,0.0,0.0,0.0,0.0,0.0,144,,0,,,,,,,,
714,252,WR bench,,12848,Josh Kelly,WR,HOU,25,73,192,Texas Tech,85,2001-07-01,1,False,Active,,,,,999,0.0,0.0,0.0,0.0,0.0,0.0,0.0,0.0,0.0,0.0,0.0,0.0,0.0,0.0,0.0,0.0,0.0,0.0,0.0,0.0,0.0,0.0,0.0,0.0,0.0,0.0,252,,0,,,,,,,,
715,163,RB bench,,3453,Josh Ferguson,RB,FA,28,70,205,Illinois,36,1993-05-23,6,False,Active,,,,,1053,0.0,0.0,0.0,0.0,0.0,0.0,0.0,0.0,0.0,0.0,0.0,0.0,0.0,0.0,0.0,0.0,0.0,0.0,0.0,0.0,0.0,0.0,0.0,0.0,0.0,0.0,163,,0,,,,,,,,
716,164,RB bench,,4385,Kalif Phillips,RB,FA,27,70,221,North Carolina-Charlotte,34,1994-03-22,5,False,Active,,,,,9999999,0.0,0.0,0.0,0.0,0.0,0.0,0.0,0.0,0.0,0.0,0.0,0.0,0.0,0.0,0.0,0.0,0.0,0.0,0.0,0.0,0.0,0.0,0.0,0.0,0.0,0.0,164,,0,,,,,,,,
717,81,QB bench,,7013,Steven Montez,QB,FA,26,77,230,Colorado,12,1997-01-14,3,False,Active,,,,,9999999,0.0,0.0,0.0,0.0,0.0,0.0,0.0,0.0,0.0,0.0,0.0,0.0,0.0,0.0,0.0,0.0,0.0,0.0,0.0,0.0,0.0,0.0,0.0,0.0,0.0,0.0,81,,0,,,,,,,,
718,253,WR bench,,7862,T.J. Vasher,WR,FA,24,77,210,Texas Tech,16,1998-08-29,1,False,Active,,,,,500,0.0,0.0,0.0,0.0,0.0,0.0,0.0,0.0,0.0,0.0,0.0,0.0,0.0,0.0,0.0,0.0,0.0,0.0,0.0,0.0,0.0,0.0,0.0,0.0,0.0,0.0,253,,0,,,,,,,,
1026,234,RB depth,,12459,Player Invalid,RB,FA,,,,,,,0,True,Inactive,,,,,,0.0,0.0,0.0,0.0,0.0,0.0,0.0,0.0,0.0,0.0,0.0,0.0,0.0,0.0,0.0,0.0,0.0,0.0,0.0,0.0,0.0,0.0,0.0,0.0,0.0,0.0,165,,0,,,,,,,,
629,81,QB depth,,10233,Max Duggan,QB,FA,23,73,207,TCU,8,2001-03-12,1,False,Active,,,,,552,0.0,0.0,0.0,0.0,0.0,0.0,0.0,0.0,0.0,0.0,0.0,0.0,0.0,0.0,0.0,0.0,0.0,0.0,0.0,0.0,0.0,0.0,0.0,0.0,0.0,0.0,82,170.0,1,0,426,,,170.0,,,-213
721,166,RB bench,,1517,Theo Riddick,RB,FA,30,69,201,Notre Dame,0,1991-05-04,9,False,Injured Reserve,,,,,456,0.0,0.0,0.0,0.0,0.0,0.0,0.0,0.0,0.0,0.0,0.0,0.0,0.0,0.0,0.0,0.0,0.0,0.0,0.0,0.0,0.0,0.0,0.0,0.0,0.0,0.0,166,,0,,,,,,,,
1027,59,K depth,,5354,Canon Rooker,K,FA,,"5'11""",192,None,15,,0,True,Inactive,,,,K1,9999999,0.0,0.0,0.0,0.0,0.0,0.0,0.0,0.0,0.0,0.0,0.0,0.0,0.0,0.0,0.0,0.0,0.0,0.0,0.0,0.0,0.0,0.0,0.0,0.0,0.0,0.0,45,,0,,,,,,,,
723,145,TE bench,,6279,Brandon Dillon,TE,FA,26,77,250,Marian (IN),46,1997-04-30,4,False,Inactive,,,,,9999999,0.0,0.0,0.0,0.0,0.0,0.0,0.0,0.0,0.0,0.0,0.0,0.0,0.0,0.0,0.0,0.0,0.0,0.0,0.0,0.0,0.0,0.0,0.0,0.0,0.0,0.0,145,,0,,,,,,,,
724,146,TE bench,,6501,C.J. Conrad,TE,FA,25,76,248,Kentucky,43,1996-05-09,3,False,Active,,,,,9999999,0.0,0.0,0.0,0.0,0.0,0.0,0.0,0.0,0.0,0.0,0.0,0.0,0.0,0.0,0.0,0.0,0.0,0.0,0.0,0.0,0.0,0.0,0.0,0.0,0.0,0.0,146,,0,,,,,,,,
725,254,WR bench,,5776,Mark Chapman,WR,FA,,72,180,Central Michigan,85,,4,False,Active,,,,,9999999,0.0,0.0,0.0,0.0,0.0,0.0,0.0,0.0,0.0,0.0,0.0,0.0,0.0,0.0,0.0,0.0,0.0,0.0,0.0,0.0,0.0,0.0,0.0,0.0,0.0,0.0,254,,0,,,,,,,,
726,167,RB bench,,2948,Brandon Cottom,RB,FA,29,76,265,Purdue,42,1992-12-21,7,False,Active,,,,,9999999,0.0,0.0,0.0,0.0,0.0,0.0,0.0,0.0,0.0,0.0,0.0,0.0,0.0,0.0,0.0,0.0,0.0,0.0,0.0,0.0,0.0,0.0,0.0,0.0,0.0,0.0,167,,0,,,,,,,,
727,255,WR bench,,6381,Alexander Hollins,WR,FA,25,73,166,Eastern Illinois,0,1996-11-24,3,False,Active,,,,,9999999,0.0,0.0,0.0,0.0,0.0,0.0,0.0,0.0,0.0,0.0,0.0,0.0,0.0,0.0,0.0,0.0,0.0,0.0,0.0,0.0,0.0,0.0,0.0,0.0,0.0,0.0,255,,0,,,,,,,,
728,147,TE bench,,6016,Dax Raymond,TE,PIT,27,76,245,Utah State,49,1994-11-30,3,False,Active,,,,,1593,0.0,0.0,0.0,0.0,0.0,0.0,0.0,0.0,0.0,0.0,0.0,0.0,0.0,0.0,0.0,0.0,0.0,0.0,0.0,0.0,0.0,0.0,0.0,0.0,0.0,0.0,147,,0,,,,,,,,
729,168,RB bench,,6908,La'Mical Perine,RB,FA,26,71,216,Florida,29,1998-01-30,4,False,Active,,,,,321,0.0,0.0,0.0,0.0,0.0,0.0,0.0,0.0,0.0,0.0,0.0,0.0,0.0,0.0,0.0,0.0,0.0,0.0,0.0,0.0,0.0,0.0,0.0,0.0,0.0,0.0,168,,0,,,,,,,,
730,256,WR bench,,4569,Brian Brown,WR,FA,27,74,205,Richmond,3,1994-10-22,5,False,Active,,,,,9999999,0.0,0.0,0.0,0.0,0.0,0.0,0.0,0.0,0.0,0.0,0.0,0.0,0.0,0.0,0.0,0.0,0.0,0.0,0.0,0.0,0.0,0.0,0.0,0.0,0.0,0.0,256,,0,,,,,,,,
1028,373,WR depth,,3945,Darius White,WR,FA,,"6'3""",205,Missouri,6,,0,True,Inactive,,,,,9999999,0.0,0.0,0.0,0.0,0.0,0.0,0.0,0.0,0.0,0.0,0.0,0.0,0.0,0.0,0.0,0.0,0.0,0.0,0.0,0.0,0.0,0.0,0.0,0.0,0.0,0.0,257,,0,,,,,,,,
732,169,RB bench,,4673,Algernon Brown,RB,FA,30,73,250,Brigham Young,30,1991-11-26,5,False,Active,,,,,9999999,0.0,0.0,0.0,0.0,0.0,0.0,0.0,0.0,0.0,0.0,0.0,0.0,0.0,0.0,0.0,0.0,0.0,0.0,0.0,0.0,0.0,0.0,0.0,0.0,0.0,0.0,169,,0,,,,,,,,
733,258,WR bench,,5007,Keke Coutee,WR,FA,26,71,180,Texas Tech,88,1997-01-14,5,False,Active,,,,,9999999,0.0,0.0,0.0,0.0,0.0,0.0,0.0,0.0,0.0,0.0,0.0,0.0,0.0,0.0,0.0,0.0,0.0,0.0,0.0,0.0,0.0,0.0,0.0,0.0,0.0,0.0,258,,0,,,,,,,,
630,133,RB depth,,8116,Pierre Strong,RB,GB,27,71,207,South Dakota State,22,1998-12-10,4,False,Active,,,4,RB4,999,0.0,0.0,0.0,0.0,0.0,0.0,0.0,0.0,0.0,0.0,0.0,0.0,0.0,14.0,35.2,2.51,0.0,0.0,0.0,26.0,108.0,0.0,14.0,22.0,104.0,0.0,170,170.0,1,0,408,,,170.0,,,-232
735,83,QB bench,,6823,Jacob Eason,QB,FA,26,78,226,Washington,7,1997-11-17,4,False,Active,,,,,603,0.0,0.0,0.0,0.0,0.0,0.0,0.0,0.0,0.0,0.0,0.0,0.0,0.0,0.0,0.0,0.0,0.0,0.0,0.0,0.0,0.0,0.0,0.0,0.0,0.0,0.0,83,,0,,,,,,,,
736,148,TE bench,,3648,Matt Weiser,TE,FA,29,77,255,Buffalo,87,1992-10-07,6,False,Active,,,,,9999999,0.0,0.0,0.0,0.0,0.0,0.0,0.0,0.0,0.0,0.0,0.0,0.0,0.0,0.0,0.0,0.0,0.0,0.0,0.0,0.0,0.0,0.0,0.0,0.0,0.0,0.0,148,,0,,,,,,,,
737,259,WR bench,,7619,Mathew Sexton,WR,FA,26,70,176,Eastern Michigan,87,1997-10-17,3,False,Active,,,,,609,0.0,0.0,0.0,0.0,0.0,0.0,0.0,0.0,0.0,0.0,0.0,0.0,0.0,0.0,0.0,0.0,0.0,0.0,0.0,0.0,0.0,0.0,0.0,0.0,0.0,0.0,259,,0,,,,,,,,
738,84,QB bench,,7555,Jamie Newman,QB,FA,24,76,230,Georgia,10,1997-12-01,1,False,Inactive,,,,,,0.0,0.0,0.0,0.0,0.0,0.0,0.0,0.0,0.0,0.0,0.0,0.0,0.0,0.0,0.0,0.0,0.0,0.0,0.0,0.0,0.0,0.0,0.0,0.0,0.0,0.0,84,,0,,,,,,,,
1029,374,WR depth,,13409,Donaven McCulley,WR,MIA,23,76,203,Michigan,80,2003-01-15,0,True,Active,,,,,9999999,0.0,0.0,0.0,0.0,0.0,0.0,0.0,0.0,0.0,0.0,0.0,0.0,0.0,0.0,0.0,0.0,0.0,0.0,0.0,0.0,0.0,0.0,0.0,0.0,0.0,0.0,260,,0,,,,,,,,
740,261,WR bench,,12399,Caleb Chapman,WR,FA,,77,220,Incarnate Word,,,1,False,Active,,,,,9999999,0.0,0.0,0.0,0.0,0.0,0.0,0.0,0.0,0.0,0.0,0.0,0.0,0.0,0.0,0.0,0.0,0.0,0.0,0.0,0.0,0.0,0.0,0.0,0.0,0.0,0.0,261,,0,,,,,,,,
741,262,WR bench,,8931,Josh Ali,WR,FA,25,72,200,Kentucky,80,1999-03-03,2,False,Active,,,,,522,0.0,0.0,0.0,0.0,0.0,0.0,0.0,0.0,0.0,0.0,0.0,0.0,0.0,0.0,0.0,0.0,0.0,0.0,0.0,0.0,0.0,0.0,0.0,0.0,0.0,0.0,262,,0,,,,,,,,
742,263,WR bench,,8633,Stephon Robinson,WR,FA,,69,181,Kansas State,0,,1,False,Active,,,,,9999999,0.0,0.0,0.0,0.0,0.0,0.0,0.0,0.0,0.0,0.0,0.0,0.0,0.0,0.0,0.0,0.0,0.0,0.0,0.0,0.0,0.0,0.0,0.0,0.0,0.0,0.0,263,,0,,,,,,,,
743,171,RB bench,,788,Dion Lewis,RB,FA,31,68,195,Pittsburgh,0,1990-09-27,11,False,Injured Reserve,,,,,242,0.0,0.0,0.0,0.0,0.0,0.0,0.0,0.0,0.0,0.0,0.0,0.0,0.0,0.0,0.0,0.0,0.0,0.0,0.0,0.0,0.0,0.0,0.0,0.0,0.0,0.0,171,,0,,,,,,,,
631,82,QB depth,,8241,Anthony Brown,QB,FA,26,73,217,Oregon,15,1998-07-27,3,False,Active,,,,,633,0.0,0.0,0.0,0.0,0.0,0.0,0.0,0.0,0.0,0.0,0.0,0.0,0.0,0.0,0.0,0.0,0.0,0.0,0.0,0.0,0.0,0.0,0.0,0.0,0.0,0.0,85,170.0,1,0,701,,,170.0,,,60
745,172,RB bench,,2936,Rasheed Williams,RB,FA,,73,215,Alfred State,0,,11,False,Active,,,,,9999999,0.0,0.0,0.0,0.0,0.0,0.0,0.0,0.0,0.0,0.0,0.0,0.0,0.0,0.0,0.0,0.0,0.0,0.0,0.0,0.0,0.0,0.0,0.0,0.0,0.0,0.0,172,,0,,,,,,,,
746,173,RB bench,,3211,Paul Perkins,RB,FA,27,71,213,UCLA,0,1994-11-16,6,False,Active,,,,,9999999,0.0,0.0,0.0,0.0,0.0,0.0,0.0,0.0,0.0,0.0,0.0,0.0,0.0,0.0,0.0,0.0,0.0,0.0,0.0,0.0,0.0,0.0,0.0,0.0,0.0,0.0,173,,0,,,,,,,,
632,134,RB depth,,7593,Trey Sermon,RB,FA,26,72,215,Ohio State,37,1999-01-30,5,False,Active,,,,,609,4.0,0.0,0.0,0.0,0.0,0.0,0.0,0.0,0.0,0.0,0.0,0.0,0.0,17.0,53.8,3.16,0.0,0.0,0.0,56.0,159.0,2.0,16.0,19.0,99.0,0.0,174,170.0,1,0,898,,,170.0,,,256
748,86,QB bench,,6489,Taryn Christion,QB,FA,,74,225,South Dakota State,5,,3,False,Active,,,,,9999999,0.0,0.0,0.0,0.0,0.0,0.0,0.0,0.0,0.0,0.0,0.0,0.0,0.0,0.0,0.0,0.0,0.0,0.0,0.0,0.0,0.0,0.0,0.0,0.0,0.0,0.0,86,,0,,,,,,,,
749,175,RB bench,,7614,Darius Clark,RB,FA,25,74,210,Newberry,0,1996-07-06,1,False,Active,,,,,,0.0,0.0,0.0,0.0,0.0,0.0,0.0,0.0,0.0,0.0,0.0,0.0,0.0,0.0,0.0,0.0,0.0,0.0,0.0,0.0,0.0,0.0,0.0,0.0,0.0,0.0,175,,0,,,,,,,,
750,264,WR bench,,12832,Blayne Taylor,WR,FA,23,76,212,Abilene Christian,,2002-03-30,1,False,Active,,,,,687,0.0,0.0,0.0,0.0,0.0,0.0,0.0,0.0,0.0,0.0,0.0,0.0,0.0,0.0,0.0,0.0,0.0,0.0,0.0,0.0,0.0,0.0,0.0,0.0,0.0,0.0,264,,0,,,,,,,,
751,265,WR bench,,12809,Mac Dalena,WR,BUF,24,71,180,Fresno State,82,2001-10-04,1,False,Active,,,,,9999999,0.0,0.0,0.0,0.0,0.0,0.0,0.0,0.0,0.0,0.0,0.0,0.0,0.0,0.0,0.0,0.0,0.0,0.0,0.0,0.0,0.0,0.0,0.0,0.0,0.0,0.0,265,,0,,,,,,,,
752,176,RB bench,,6966,Javon Leake,RB,FA,23,72,206,Maryland,40,1998-08-01,2,False,Active,,,,,1782,0.0,0.0,0.0,0.0,0.0,0.0,0.0,0.0,0.0,0.0,0.0,0.0,0.0,0.0,0.0,0.0,0.0,0.0,0.0,0.0,0.0,0.0,0.0,0.0,0.0,0.0,176,,0,,,,,,,,
753,177,RB bench,,4548,Joel Bouagnon,RB,FA,26,74,228,Northern Illinois,34,1995-03-28,5,False,Active,,,,,9999999,0.0,0.0,0.0,0.0,0.0,0.0,0.0,0.0,0.0,0.0,0.0,0.0,0.0,0.0,0.0,0.0,0.0,0.0,0.0,0.0,0.0,0.0,0.0,0.0,0.0,0.0,177,,0,,,,,,,,
754,149,TE bench,,12354,Easton Dean,TE,FA,20,78,265,Iowa State,,2004-12-01,1,False,Active,,,,,9999999,0.0,0.0,0.0,0.0,0.0,0.0,0.0,0.0,0.0,0.0,0.0,0.0,0.0,0.0,0.0,0.0,0.0,0.0,0.0,0.0,0.0,0.0,0.0,0.0,0.0,0.0,149,,0,,,,,,,,
755,266,WR bench,,3021,Devin Gardner,WR,FA,33,76,216,Michigan,15,1991-12-14,10,False,Active,,,,,9999999,0.0,0.0,0.0,0.0,0.0,0.0,0.0,0.0,0.0,0.0,0.0,0.0,0.0,0.0,0.0,0.0,0.0,0.0,0.0,0.0,0.0,0.0,0.0,0.0,0.0,0.0,266,,0,,,,,,,,
1030,235,RB depth,,11572,Player Invalid,RB,FA,,,,,,,0,True,Inactive,,,,,,0.0,0.0,0.0,0.0,0.0,0.0,0.0,0.0,0.0,0.0,0.0,0.0,0.0,0.0,0.0,0.0,0.0,0.0,0.0,0.0,0.0,0.0,0.0,0.0,0.0,0.0,178,,0,,,,,,,,
757,150,TE bench,,4031,Travis Wilson,TE,FA,28,79,258,Utah,87,1993-12-14,5,False,Active,,,,,9999999,0.0,0.0,0.0,0.0,0.0,0.0,0.0,0.0,0.0,0.0,0.0,0.0,0.0,0.0,0.0,0.0,0.0,0.0,0.0,0.0,0.0,0.0,0.0,0.0,0.0,0.0,150,,0,,,,,,,,
1031,375,WR depth,,11611,Player Invalid,WR,FA,,,,,,,0,True,Inactive,,,,,,0.0,0.0,0.0,0.0,0.0,0.0,0.0,0.0,0.0,0.0,0.0,0.0,0.0,0.0,0.0,0.0,0.0,0.0,0.0,0.0,0.0,0.0,0.0,0.0,0.0,0.0,267,,0,,,,,,,,
193,72,WR depth,,13301,Antonio Williams,WR,WAS,22,71,195,Clemson,14,2004-07-14,0,True,Active,,,3,WR3,156,0.0,0.0,0.0,0.0,0.0,0.0,0.0,0.0,0.0,0.0,0.0,0.0,0.0,0.0,0.0,0.0,0.0,0.0,0.0,0.0,0.0,0.0,0.0,0.0,0.0,0.0,268,163.9,2,816,601,,157.4,170.5,,,-42
760,269,WR bench,,7274,Tyler Simmons,WR,FA,24,72,201,Georgia,82,1997-12-30,2,False,Active,,,,,9999999,0.0,0.0,0.0,0.0,0.0,0.0,0.0,0.0,0.0,0.0,0.0,0.0,0.0,0.0,0.0,0.0,0.0,0.0,0.0,0.0,0.0,0.0,0.0,0.0,0.0,0.0,269,,0,,,,,,,,
761,270,WR bench,,5359,Dorren Miller,WR,FA,27,74,195,Carson-Newman,18,1994-08-03,4,False,Active,,,,,9999999,0.0,0.0,0.0,0.0,0.0,0.0,0.0,0.0,0.0,0.0,0.0,0.0,0.0,0.0,0.0,0.0,0.0,0.0,0.0,0.0,0.0,0.0,0.0,0.0,0.0,0.0,270,,0,,,,,,,,
762,46,K bench,,12180,Alex McNulty,K,FA,,73,230,Buffalo,,,1,False,Active,,,,K1,357,0.0,0.0,0.0,0.0,0.0,0.0,0.0,0.0,0.0,0.0,0.0,0.0,0.0,0.0,0.0,0.0,0.0,0.0,0.0,0.0,0.0,0.0,0.0,0.0,0.0,0.0,46,,0,,,,,,,,
763,271,WR bench,,3609,Chris King,WR,FA,31,73,200,Duquesne,0,1993-12-13,9,False,Active,,,,,9999999,0.0,0.0,0.0,0.0,0.0,0.0,0.0,0.0,0.0,0.0,0.0,0.0,0.0,0.0,0.0,0.0,0.0,0.0,0.0,0.0,0.0,0.0,0.0,0.0,0.0,0.0,271,,0,,,,,,,,
633,221,WR depth,,11636,Johnny Wilson,WR,PHI,25,78,228,Florida State,89,2001-04-03,2,False,Active,,,9,WR9,999,0.0,0.0,0.0,0.0,0.0,0.0,0.0,0.0,0.0,0.0,0.0,0.0,0.0,16.0,14.8,0.93,0.0,0.0,0.0,0.0,0.0,0.0,5.0,15.0,38.0,1.0,272,170.0,1,0,631,,,170.0,,,-13
1032,376,WR depth,,5258,Damon Gibson,WR,FA,,"6'4""",236,None,9,,0,True,Inactive,,,,,9999999,0.0,0.0,0.0,0.0,0.0,0.0,0.0,0.0,0.0,0.0,0.0,0.0,0.0,0.0,0.0,0.0,0.0,0.0,0.0,0.0,0.0,0.0,0.0,0.0,0.0,0.0,273,,0,,,,,,,,
766,179,RB bench,,5398,Justin Crawford,RB,FA,26,72,200,West Virginia,0,1995-02-19,4,False,Active,,,,,9999999,0.0,0.0,0.0,0.0,0.0,0.0,0.0,0.0,0.0,0.0,0.0,0.0,0.0,0.0,0.0,0.0,0.0,0.0,0.0,0.0,0.0,0.0,0.0,0.0,0.0,0.0,179,,0,,,,,,,,
634,135,RB depth,,10861,Xazavian Valladay,RB,FA,27,72,198,Arizona State,47,1998-07-03,2,False,Active,,,,,645,0.0,0.0,0.0,0.0,0.0,0.0,0.0,0.0,0.0,0.0,0.0,0.0,0.0,0.0,0.0,0.0,0.0,0.0,0.0,0.0,0.0,0.0,0.0,0.0,0.0,0.0,180,170.0,1,0,860,,,170.0,,,215
768,274,WR bench,,4814,De'Quan Hampton,WR,FA,27,76,225,USC,0,1994-04-18,5,False,Active,,,,,9999999,0.0,0.0,0.0,0.0,0.0,0.0,0.0,0.0,0.0,0.0,0.0,0.0,0.0,0.0,0.0,0.0,0.0,0.0,0.0,0.0,0.0,0.0,0.0,0.0,0.0,0.0,274,,0,,,,,,,,
769,151,TE bench,,7397,Parker Houston,TE,FA,24,75,250,San Diego State,86,1997-12-06,2,False,Active,,,,,9999999,0.0,0.0,0.0,0.0,0.0,0.0,0.0,0.0,0.0,0.0,0.0,0.0,0.0,0.0,0.0,0.0,0.0,0.0,0.0,0.0,0.0,0.0,0.0,0.0,0.0,0.0,151,,0,,,,,,,,
770,181,RB bench,,5052,Ronald Jones,RB,FA,26,71,208,USC,32,1997-08-03,5,False,Active,,,,,620,0.0,0.0,0.0,0.0,0.0,0.0,0.0,0.0,0.0,0.0,0.0,0.0,0.0,0.0,0.0,0.0,0.0,0.0,0.0,0.0,0.0,0.0,0.0,0.0,0.0,0.0,181,,0,,,,,,,,
771,275,WR bench,,4128,Chad Williams,WR,FA,27,73,204,Grambling State,0,1994-10-19,5,False,Active,,,,,1160,0.0,0.0,0.0,0.0,0.0,0.0,0.0,0.0,0.0,0.0,0.0,0.0,0.0,0.0,0.0,0.0,0.0,0.0,0.0,0.0,0.0,0.0,0.0,0.0,0.0,0.0,275,,0,,,,,,,,
772,276,WR bench,,6626,Isaac Zico,WR,FA,25,73,200,Purdue,80,1996-06-18,3,False,Active,,,,,9999999,0.0,0.0,0.0,0.0,0.0,0.0,0.0,0.0,0.0,0.0,0.0,0.0,0.0,0.0,0.0,0.0,0.0,0.0,0.0,0.0,0.0,0.0,0.0,0.0,0.0,0.0,276,,0,,,,,,,,
1033,377,WR depth,,13898,Corey Rucker,WR,LV,24,72,213,Arkansas State,82,2002-06-09,0,True,Inactive,IR,,,,9999999,0.0,0.0,0.0,0.0,0.0,0.0,0.0,0.0,0.0,0.0,0.0,0.0,0.0,0.0,0.0,0.0,0.0,0.0,0.0,0.0,0.0,0.0,0.0,0.0,0.0,0.0,277,,0,,,,,,,,
1034,378,WR depth,,13304,O'Mega Blake,WR,FA,,74,187,,,,0,True,Active,,,,,,0.0,0.0,0.0,0.0,0.0,0.0,0.0,0.0,0.0,0.0,0.0,0.0,0.0,0.0,0.0,0.0,0.0,0.0,0.0,0.0,0.0,0.0,0.0,0.0,0.0,0.0,278,,0,,,,,,,,
775,87,QB bench,,3524,Marquise Williams,QB,FA,32,74,225,North Carolina,0,1992-10-05,9,False,Active,,,,,9999999,0.0,0.0,0.0,0.0,0.0,0.0,0.0,0.0,0.0,0.0,0.0,0.0,0.0,0.0,0.0,0.0,0.0,0.0,0.0,0.0,0.0,0.0,0.0,0.0,0.0,0.0,87,,0,,,,,,,,
776,152,TE bench,,4421,Jacob Hollister,TE,FA,30,76,239,Wyoming,87,1993-11-18,7,False,Active,,,,,303,0.0,0.0,0.0,0.0,0.0,0.0,0.0,0.0,0.0,0.0,0.0,0.0,0.0,0.0,0.0,0.0,0.0,0.0,0.0,0.0,0.0,0.0,0.0,0.0,0.0,0.0,152,,0,,,,,,,,
777,279,WR bench,,12925,Jamaal Pritchett,WR,NYJ,23,68,175,South Alabama,81,2003-06-10,1,False,Active,,,,,999,0.0,0.0,0.0,0.0,0.0,0.0,0.0,0.0,0.0,0.0,0.0,0.0,0.0,0.0,0.0,0.0,0.0,0.0,0.0,0.0,0.0,0.0,0.0,0.0,0.0,0.0,279,,0,,,,,,,,
778,153,TE bench,,6081,Kendall Blanton,TE,FA,27,78,262,Missouri,80,1995-11-10,4,False,Active,,,,,342,0.0,0.0,0.0,0.0,0.0,0.0,0.0,0.0,0.0,0.0,0.0,0.0,0.0,0.0,0.0,0.0,0.0,0.0,0.0,0.0,0.0,0.0,0.0,0.0,0.0,0.0,153,,0,,,,,,,,
779,280,WR bench,,4479,Thomas Sperbeck,WR,FA,27,72,180,Boise State,0,1994-10-21,5,False,Active,,,,,1125,0.0,0.0,0.0,0.0,0.0,0.0,0.0,0.0,0.0,0.0,0.0,0.0,0.0,0.0,0.0,0.0,0.0,0.0,0.0,0.0,0.0,0.0,0.0,0.0,0.0,0.0,280,,0,,,,,,,,
780,88,QB bench,,3318,Kevin Hogan,QB,FA,30,75,218,Stanford,5,1992-10-20,7,False,Active,,,,,259,0.0,0.0,0.0,0.0,0.0,0.0,0.0,0.0,0.0,0.0,0.0,0.0,0.0,0.0,0.0,0.0,0.0,0.0,0.0,0.0,0.0,0.0,0.0,0.0,0.0,0.0,88,,0,,,,,,,,
1035,379,WR depth,,3799,David Glidden,WR,FA,26,"5'8""",185,Oklahoma State,7,1992-07-10,0,True,Inactive,,,,,9999999,0.0,0.0,0.0,0.0,0.0,0.0,0.0,0.0,0.0,0.0,0.0,0.0,0.0,0.0,0.0,0.0,0.0,0.0,0.0,0.0,0.0,0.0,0.0,0.0,0.0,0.0,281,,0,,,,,,,,
782,154,TE bench,,5269,Codey McElroy,TE,FA,29,78,258,Southeastern Oklahoma State,86,1992-12-13,4,False,Active,,,,,9999999,0.0,0.0,0.0,0.0,0.0,0.0,0.0,0.0,0.0,0.0,0.0,0.0,0.0,0.0,0.0,0.0,0.0,0.0,0.0,0.0,0.0,0.0,0.0,0.0,0.0,0.0,154,,0,,,,,,,,
783,155,TE bench,,2553,Rory Anderson,TE,FA,29,76,246,South Carolina,88,1992-10-02,7,False,Active,,,,,9999999,0.0,0.0,0.0,0.0,0.0,0.0,0.0,0.0,0.0,0.0,0.0,0.0,0.0,0.0,0.0,0.0,0.0,0.0,0.0,0.0,0.0,0.0,0.0,0.0,0.0,0.0,155,,0,,,,,,,,
784,282,WR bench,,4585,Anthony Nash,WR,FA,28,77,200,Duke,3,1993-09-20,5,False,Active,,,,,9999999,0.0,0.0,0.0,0.0,0.0,0.0,0.0,0.0,0.0,0.0,0.0,0.0,0.0,0.0,0.0,0.0,0.0,0.0,0.0,0.0,0.0,0.0,0.0,0.0,0.0,0.0,282,,0,,,,,,,,
785,182,RB bench,,11229,Calvin Tyler,RB,FA,24,68,208,Utah State,36,1998-09-23,1,False,Active,,,,,9999999,0.0,0.0,0.0,0.0,0.0,0.0,0.0,0.0,0.0,0.0,0.0,0.0,0.0,0.0,0.0,0.0,0.0,0.0,0.0,0.0,0.0,0.0,0.0,0.0,0.0,0.0,182,,0,,,,,,,,
786,89,QB bench,,89,Chad Henne,QB,FA,37,75,230,Michigan,4,1985-07-02,15,False,Active,,,,,482,0.0,0.0,0.0,0.0,0.0,0.0,0.0,0.0,0.0,0.0,0.0,0.0,0.0,0.0,0.0,0.0,0.0,0.0,0.0,0.0,0.0,0.0,0.0,0.0,0.0,0.0,89,,0,,,,,,,,
1036,236,RB depth,,13906,Jaden Nixon,RB,GB,,70,199,UCF,35,,0,True,Active,,,,,9999999,0.0,0.0,0.0,0.0,0.0,0.0,0.0,0.0,0.0,0.0,0.0,0.0,0.0,0.0,0.0,0.0,0.0,0.0,0.0,0.0,0.0,0.0,0.0,0.0,0.0,0.0,183,,0,,,,,,,,
788,156,TE bench,,2770,Harold Spears,TE,FA,32,76,255,New Hampshire,0,1992-03-09,10,False,Active,,,,,9999999,0.0,0.0,0.0,0.0,0.0,0.0,0.0,0.0,0.0,0.0,0.0,0.0,0.0,0.0,0.0,0.0,0.0,0.0,0.0,0.0,0.0,0.0,0.0,0.0,0.0,0.0,156,,0,,,,,,,,
1037,201,TE depth,,13988,Stone Eby,TE,FA,,77,260,SMU,,,0,True,Active,,,,,9999999,0.0,0.0,0.0,0.0,0.0,0.0,0.0,0.0,0.0,0.0,0.0,0.0,0.0,0.0,0.0,0.0,0.0,0.0,0.0,0.0,0.0,0.0,0.0,0.0,0.0,0.0,157,,0,,,,,,,,
790,90,QB bench,,7159,Reid Sinnett,QB,FA,26,76,225,San Diego,7,1997-02-05,3,False,Active,,,,,9999999,0.0,0.0,0.0,0.0,0.0,0.0,0.0,0.0,0.0,0.0,0.0,0.0,0.0,0.0,0.0,0.0,0.0,0.0,0.0,0.0,0.0,0.0,0.0,0.0,0.0,0.0,90,,0,,,,,,,,
1038,380,WR depth,,7108,Hasise Dubois,WR,FA,,"6'3""",215,Virginia,,,0,True,Inactive,NA,,,,9999999,0.0,0.0,0.0,0.0,0.0,0.0,0.0,0.0,0.0,0.0,0.0,0.0,0.0,0.0,0.0,0.0,0.0,0.0,0.0,0.0,0.0,0.0,0.0,0.0,0.0,0.0,283,,0,,,,,,,,
635,83,QB depth,,9231,Jaren Hall,QB,FA,27,72,207,BYU,15,1998-03-24,2,False,Active,,,,,543,0.0,0.0,0.0,0.0,0.0,0.0,0.0,0.0,0.0,0.0,0.0,0.0,0.0,0.0,0.0,0.0,0.0,0.0,0.0,0.0,0.0,0.0,0.0,0.0,0.0,0.0,91,170.0,1,0,509,,,170.0,,,-137
793,92,QB bench,,7262,Jalen Morton,QB,IND,24,76,226,Prairie View,6,1997-07-06,2,False,Active,,,,,9999999,0.0,0.0,0.0,0.0,0.0,0.0,0.0,0.0,0.0,0.0,0.0,0.0,0.0,0.0,0.0,0.0,0.0,0.0,0.0,0.0,0.0,0.0,0.0,0.0,0.0,0.0,92,,0,,,,,,,,
794,93,QB bench,,8442,Jarrett Guarantano,QB,FA,25,76,220,Washington State,16,1997-11-04,1,False,Active,,,,,9999999,0.0,0.0,0.0,0.0,0.0,0.0,0.0,0.0,0.0,0.0,0.0,0.0,0.0,0.0,0.0,0.0,0.0,0.0,0.0,0.0,0.0,0.0,0.0,0.0,0.0,0.0,93,,0,,,,,,,,
795,184,RB bench,,8194,Jashaun Corbin,RB,FA,25,71,215,Florida State,30,2000-08-20,3,False,Active,,,,,635,0.0,0.0,0.0,0.0,0.0,0.0,0.0,0.0,0.0,0.0,0.0,0.0,0.0,0.0,0.0,0.0,0.0,0.0,0.0,0.0,0.0,0.0,0.0,0.0,0.0,0.0,184,,0,,,,,,,,
796,185,RB bench,,7863,JaQuan Hardy,RB,FA,24,70,225,Tiffin,45,1997-12-31,1,False,Active,,,,,9999999,0.0,0.0,0.0,0.0,0.0,0.0,0.0,0.0,0.0,0.0,0.0,0.0,0.0,0.0,0.0,0.0,0.0,0.0,0.0,0.0,0.0,0.0,0.0,0.0,0.0,0.0,185,,0,,,,,,,,
797,158,TE bench,,5231,Cole Hunt,TE,FA,26,79,255,Texas Christian,81,1995-05-30,4,False,Active,,,,,9999999,0.0,0.0,0.0,0.0,0.0,0.0,0.0,0.0,0.0,0.0,0.0,0.0,0.0,0.0,0.0,0.0,0.0,0.0,0.0,0.0,0.0,0.0,0.0,0.0,0.0,0.0,158,,0,,,,,,,,
798,284,WR bench,,7407,Isaiah Wright,WR,FA,24,74,220,Temple,0,1997-01-13,2,False,Active,,,,,563,0.0,0.0,0.0,0.0,0.0,0.0,0.0,0.0,0.0,0.0,0.0,0.0,0.0,0.0,0.0,0.0,0.0,0.0,0.0,0.0,0.0,0.0,0.0,0.0,0.0,0.0,284,,0,,,,,,,,
799,159,TE bench,,5268,Ben Johnson,TE,FA,27,77,245,Kansas,0,1994-07-28,4,False,Active,,,,,9999999,0.0,0.0,0.0,0.0,0.0,0.0,0.0,0.0,0.0,0.0,0.0,0.0,0.0,0.0,0.0,0.0,0.0,0.0,0.0,0.0,0.0,0.0,0.0,0.0,0.0,0.0,159,,0,,,,,,,,
800,160,TE bench,,6075,Jesper Horsted,TE,FA,27,75,237,Princeton,84,1997-02-27,5,False,Active,,,,,359,0.0,0.0,0.0,0.0,0.0,0.0,0.0,0.0,0.0,0.0,0.0,0.0,0.0,0.0,0.0,0.0,0.0,0.0,0.0,0.0,0.0,0.0,0.0,0.0,0.0,0.0,160,,0,,,,,,,,
1039,60,K depth,,13838,Will Ferrin,K,FA,,75,175,BYU,11,,0,True,Active,,,,K1,9999999,0.0,0.0,0.0,0.0,0.0,0.0,0.0,0.0,0.0,0.0,0.0,0.0,0.0,0.0,0.0,0.0,0.0,0.0,0.0,0.0,0.0,0.0,0.0,0.0,0.0,0.0,47,,0,,,,,,,,
636,49,K depth,,11145,Tanner Brown,K,NO,26,72,177,Oklahoma State,46,1999-12-28,3,False,Active,,,2,K2,999,0.0,0.0,0.0,0.0,0.0,0.0,0.0,0.0,0.0,0.0,0.0,0.0,0.0,0.0,0.0,0.0,0.0,0.0,0.0,0.0,0.0,0.0,0.0,0.0,0.0,0.0,48,170.0,1,0,375,,,170.0,,,-272
803,186,RB bench,,4697,Khalid Abdullah,RB,FA,26,70,220,James Madison,0,1995-05-14,5,False,Active,,,,,9999999,0.0,0.0,0.0,0.0,0.0,0.0,0.0,0.0,0.0,0.0,0.0,0.0,0.0,0.0,0.0,0.0,0.0,0.0,0.0,0.0,0.0,0.0,0.0,0.0,0.0,0.0,186,,0,,,,,,,,
804,285,WR bench,,12831,Tyler Kahmann,WR,FA,25,74,207,Emporia State,,2000-10-15,1,False,Active,,,,,615,0.0,0.0,0.0,0.0,0.0,0.0,0.0,0.0,0.0,0.0,0.0,0.0,0.0,0.0,0.0,0.0,0.0,0.0,0.0,0.0,0.0,0.0,0.0,0.0,0.0,0.0,285,,0,,,,,,,,
805,286,WR bench,,12220,Brevin Easton,WR,FA,24,70,197,Albany,,2001-01-01,1,False,Active,,,,,455,0.0,0.0,0.0,0.0,0.0,0.0,0.0,0.0,0.0,0.0,0.0,0.0,0.0,0.0,0.0,0.0,0.0,0.0,0.0,0.0,0.0,0.0,0.0,0.0,0.0,0.0,286,,0,,,,,,,,
1040,237,RB depth,,13418,Robert Henry,RB,WAS,24,69,196,UTSA,30,2001-12-31,0,True,Active,,,,,999,0.0,0.0,0.0,0.0,0.0,0.0,0.0,0.0,0.0,0.0,0.0,0.0,0.0,0.0,0.0,0.0,0.0,0.0,0.0,0.0,0.0,0.0,0.0,0.0,0.0,0.0,187,,0,,,,,,,,
807,188,RB bench,,5550,John David Moore,RB,FA,26,76,236,Louisiana State,43,1995-05-30,4,False,Active,,,,,9999999,0.0,0.0,0.0,0.0,0.0,0.0,0.0,0.0,0.0,0.0,0.0,0.0,0.0,0.0,0.0,0.0,0.0,0.0,0.0,0.0,0.0,0.0,0.0,0.0,0.0,0.0,188,,0,,,,,,,,
1041,381,WR depth,,11612,Player Invalid,WR,FA,,,,,,,0,True,Inactive,,,,,,0.0,0.0,0.0,0.0,0.0,0.0,0.0,0.0,0.0,0.0,0.0,0.0,0.0,0.0,0.0,0.0,0.0,0.0,0.0,0.0,0.0,0.0,0.0,0.0,0.0,0.0,287,,0,,,,,,,,
809,288,WR bench,,7552,Blake Proehl,WR,FA,24,73,190,East Carolina,13,1999-01-12,2,False,Active,,,,,585,0.0,0.0,0.0,0.0,0.0,0.0,0.0,0.0,0.0,0.0,0.0,0.0,0.0,0.0,0.0,0.0,0.0,0.0,0.0,0.0,0.0,0.0,0.0,0.0,0.0,0.0,288,,0,,,,,,,,
810,161,TE bench,,4733,Alex Gray,TE,FA,30,76,231,No College,89,1991-05-01,5,False,Inactive,,,,,9999999,0.0,0.0,0.0,0.0,0.0,0.0,0.0,0.0,0.0,0.0,0.0,0.0,0.0,0.0,0.0,0.0,0.0,0.0,0.0,0.0,0.0,0.0,0.0,0.0,0.0,0.0,161,,0,,,,,,,,
811,289,WR bench,,3540,Jamaal Jones,WR,FA,28,73,192,Montana,15,1993-01-31,6,False,Active,,,,,9999999,0.0,0.0,0.0,0.0,0.0,0.0,0.0,0.0,0.0,0.0,0.0,0.0,0.0,0.0,0.0,0.0,0.0,0.0,0.0,0.0,0.0,0.0,0.0,0.0,0.0,0.0,289,,0,,,,,,,,
812,49,K bench,,6496,Cole Hedlund,K,FA,26,69,162,North Texas,9,1995-03-15,3,False,Active,,,,K1,9999999,0.0,0.0,0.0,0.0,0.0,0.0,0.0,0.0,0.0,0.0,0.0,0.0,0.0,0.0,0.0,0.0,0.0,0.0,0.0,0.0,0.0,0.0,0.0,0.0,0.0,0.0,49,,0,,,,,,,,
813,290,WR bench,,5024,James Washington,WR,FA,28,73,213,Oklahoma State,83,1996-04-02,6,False,Active,,,,,999,0.0,0.0,0.0,0.0,0.0,0.0,0.0,0.0,0.0,0.0,0.0,0.0,0.0,0.0,0.0,0.0,0.0,0.0,0.0,0.0,0.0,0.0,0.0,0.0,0.0,0.0,290,,0,,,,,,,,
1042,131,QB depth,,13599,Kyron Drones,QB,GB,23,74,226,Virginia Tech,13,2003-07-24,0,True,Active,,,,,9999999,0.0,0.0,0.0,0.0,0.0,0.0,0.0,0.0,0.0,0.0,0.0,0.0,0.0,0.0,0.0,0.0,0.0,0.0,0.0,0.0,0.0,0.0,0.0,0.0,0.0,0.0,94,,0,,,,,,,,
815,291,WR bench,,12413,Hamze El-Zayat,WR,FA,25,68,162,Eastern Michigan,,1999-10-19,1,False,Active,,,,,387,0.0,0.0,0.0,0.0,0.0,0.0,0.0,0.0,0.0,0.0,0.0,0.0,0.0,0.0,0.0,0.0,0.0,0.0,0.0,0.0,0.0,0.0,0.0,0.0,0.0,0.0,291,,0,,,,,,,,
816,162,TE bench,,2304,Jerome Cunningham,TE,FA,30,76,254,Southern Connecticut State,83,1991-05-25,8,False,Active,,,,,9999999,0.0,0.0,0.0,0.0,0.0,0.0,0.0,0.0,0.0,0.0,0.0,0.0,0.0,0.0,0.0,0.0,0.0,0.0,0.0,0.0,0.0,0.0,0.0,0.0,0.0,0.0,162,,0,,,,,,,,
817,292,WR bench,,8070,Travis Toivonen,WR,FA,24,76,212,North Dakota,87,1998-04-22,1,False,Active,,,,,9999999,0.0,0.0,0.0,0.0,0.0,0.0,0.0,0.0,0.0,0.0,0.0,0.0,0.0,0.0,0.0,0.0,0.0,0.0,0.0,0.0,0.0,0.0,0.0,0.0,0.0,0.0,292,,0,,,,,,,,
818,293,WR bench,,6519,Darrius Shepherd,WR,FA,27,71,186,North Dakota State,20,1995-11-01,4,False,Active,,,,,9999999,0.0,0.0,0.0,0.0,0.0,0.0,0.0,0.0,0.0,0.0,0.0,0.0,0.0,0.0,0.0,0.0,0.0,0.0,0.0,0.0,0.0,0.0,0.0,0.0,0.0,0.0,293,,0,,,,,,,,
819,294,WR bench,,11918,Ahmarean Brown,WR,FA,24,68,170,South Carolina,,2000-12-19,1,False,Active,,,,,315,0.0,0.0,0.0,0.0,0.0,0.0,0.0,0.0,0.0,0.0,0.0,0.0,0.0,0.0,0.0,0.0,0.0,0.0,0.0,0.0,0.0,0.0,0.0,0.0,0.0,0.0,294,,0,,,,,,,,
820,163,TE bench,,2565,Jean Sifrin,TE,FA,38,77,245,UMass,0,1987-07-23,1,False,Active,,,,,9999999,0.0,0.0,0.0,0.0,0.0,0.0,0.0,0.0,0.0,0.0,0.0,0.0,0.0,0.0,0.0,0.0,0.0,0.0,0.0,0.0,0.0,0.0,0.0,0.0,0.0,0.0,163,,0,,,,,,,,
821,189,RB bench,,5809,Ja'Quan Gardner,RB,FA,,67,205,Humboldt State,38,,4,False,Active,,,,,9999999,0.0,0.0,0.0,0.0,0.0,0.0,0.0,0.0,0.0,0.0,0.0,0.0,0.0,0.0,0.0,0.0,0.0,0.0,0.0,0.0,0.0,0.0,0.0,0.0,0.0,0.0,189,,0,,,,,,,,
822,95,QB bench,,4026,DeShone Kizer,QB,FA,27,76,233,Notre Dame,0,1995-01-03,5,False,Active,,,,,463,0.0,0.0,0.0,0.0,0.0,0.0,0.0,0.0,0.0,0.0,0.0,0.0,0.0,0.0,0.0,0.0,0.0,0.0,0.0,0.0,0.0,0.0,0.0,0.0,0.0,0.0,95,,0,,,,,,,,
823,96,QB bench,,1169,Robert Griffin,QB,FA,31,74,213,Baylor,3,1990-02-12,10,False,Inactive,,,,,484,0.0,0.0,0.0,0.0,0.0,0.0,0.0,0.0,0.0,0.0,0.0,0.0,0.0,0.0,0.0,0.0,0.0,0.0,0.0,0.0,0.0,0.0,0.0,0.0,0.0,0.0,96,,0,,,,,,,,
637,123,TE depth,,11598,Tanner McLachlan,TE,SF,27,77,244,Arizona,47,1999-03-15,2,False,Inactive,IR,,7,TE7,999,0.0,0.0,0.0,0.0,0.0,0.0,0.0,0.0,0.0,0.0,0.0,0.0,0.0,2.0,0.0,0.0,0.0,0.0,0.0,0.0,0.0,0.0,0.0,0.0,0.0,0.0,164,170.0,1,0,767,,,170.0,,,119
825,97,QB bench,,11995,Zack Annexstad,QB,FA,24,75,220,Illinois State,,2000-04-16,1,False,Active,,,,,615,0.0,0.0,0.0,0.0,0.0,0.0,0.0,0.0,0.0,0.0,0.0,0.0,0.0,0.0,0.0,0.0,0.0,0.0,0.0,0.0,0.0,0.0,0.0,0.0,0.0,0.0,97,,0,,,,,,,,
826,190,RB bench,,11998,Emani Bailey,RB,FA,23,67,202,TCU,39,2001-11-28,1,False,Active,,,,,472,0.0,0.0,0.0,0.0,0.0,0.0,0.0,0.0,0.0,0.0,0.0,0.0,0.0,0.0,0.0,0.0,0.0,0.0,0.0,0.0,0.0,0.0,0.0,0.0,0.0,0.0,190,,0,,,,,,,,
827,295,WR bench,,7534,Seth Williams,WR,FA,25,76,211,Auburn,83,2000-04-10,4,False,Inactive,,,,,402,0.0,0.0,0.0,0.0,0.0,0.0,0.0,0.0,0.0,0.0,0.0,0.0,0.0,0.0,0.0,0.0,0.0,0.0,0.0,0.0,0.0,0.0,0.0,0.0,0.0,0.0,295,,0,,,,,,,,
828,296,WR bench,,2754,Michael Johnson,WR,FA,33,74,210,Delaware,0,1991-09-10,10,False,Active,,,,,9999999,0.0,0.0,0.0,0.0,0.0,0.0,0.0,0.0,0.0,0.0,0.0,0.0,0.0,0.0,0.0,0.0,0.0,0.0,0.0,0.0,0.0,0.0,0.0,0.0,0.0,0.0,296,,0,,,,,,,,
1043,238,RB depth,,3698,Patrick Skov,RB,FA,26,"6'0""",227,Georgia Tech,48,1992-07-21,0,True,Inactive,,,,,9999999,0.0,0.0,0.0,0.0,0.0,0.0,0.0,0.0,0.0,0.0,0.0,0.0,0.0,0.0,0.0,0.0,0.0,0.0,0.0,0.0,0.0,0.0,0.0,0.0,0.0,0.0,191,,0,,,,,,,,
830,165,TE bench,,6388,Romello Brooker,TE,FA,26,77,253,Houston,84,1995-12-11,3,False,Active,,,,,9999999,0.0,0.0,0.0,0.0,0.0,0.0,0.0,0.0,0.0,0.0,0.0,0.0,0.0,0.0,0.0,0.0,0.0,0.0,0.0,0.0,0.0,0.0,0.0,0.0,0.0,0.0,165,,0,,,,,,,,
1044,202,TE depth,,3712,Adam Fuehne,TE,FA,25,"6'7""",254,Southern Illinois,86,1993-03-23,0,True,Inactive,,,6,TE6,9999999,0.0,0.0,0.0,0.0,0.0,0.0,0.0,0.0,0.0,0.0,0.0,0.0,0.0,0.0,0.0,0.0,0.0,0.0,0.0,0.0,0.0,0.0,0.0,0.0,0.0,0.0,166,,0,,,,,,,,
832,297,WR bench,,2684,Corbin Louks,WR,FA,35,72,200,Nevada,6,1989-04-10,10,False,Active,,,,,9999999,0.0,0.0,0.0,0.0,0.0,0.0,0.0,0.0,0.0,0.0,0.0,0.0,0.0,0.0,0.0,0.0,0.0,0.0,0.0,0.0,0.0,0.0,0.0,0.0,0.0,0.0,297,,0,,,,,,,,
335,37,K depth,,1266,Greg Zuerlein,K,FA,37,72,195,Missouri Western,9,1987-12-27,13,False,Active,Questionable,,,K1,471,0.0,0.0,0.0,0.0,0.0,0.0,0.0,0.0,0.0,0.0,0.0,0.0,0.0,8.0,34.0,4.25,0.0,0.0,0.0,0.0,0.0,0.0,0.0,0.0,0.0,0.0,50,169.9,1,0,343,,,169.9,,,-306
834,167,TE bench,,7905,Dylan Soehner,TE,FA,25,78,270,Iowa State,89,1997-11-08,1,False,Active,,,,,470,0.0,0.0,0.0,0.0,0.0,0.0,0.0,0.0,0.0,0.0,0.0,0.0,0.0,0.0,0.0,0.0,0.0,0.0,0.0,0.0,0.0,0.0,0.0,0.0,0.0,0.0,167,,0,,,,,,,,
835,192,RB bench,,12284,Michael Herzog,RB,FA,,68,201,Hillsdale,,,1,False,Active,,,,,9999999,0.0,0.0,0.0,0.0,0.0,0.0,0.0,0.0,0.0,0.0,0.0,0.0,0.0,0.0,0.0,0.0,0.0,0.0,0.0,0.0,0.0,0.0,0.0,0.0,0.0,0.0,192,,0,,,,,,,,
638,222,WR depth,,11311,Jason Brownlee,WR,KC,27,75,202,Southern Miss,89,1999-01-30,3,False,Active,,,7,WR7,9999999,6.0,0.0,0.0,0.0,0.0,0.0,0.0,0.0,0.0,0.0,1.0,0.0,0.0,0.0,0.0,0.0,0.0,0.0,0.0,0.0,0.0,0.0,0.0,0.0,0.0,0.0,298,170.0,1,0,610,,,170.0,,,-40
837,299,WR bench,,4330,JoJo Natson,WR,FA,27,67,153,Akron,0,1994-02-01,5,False,Active,,,,,9999999,0.0,0.0,0.0,0.0,0.0,0.0,0.0,0.0,0.0,0.0,0.0,0.0,0.0,0.0,0.0,0.0,0.0,0.0,0.0,0.0,0.0,0.0,0.0,0.0,0.0,0.0,299,,0,,,,,,,,
838,193,RB bench,,6072,Bruce Anderson,RB,FA,24,71,210,North Dakota State,35,1997-06-20,3,False,Inactive,,,,,9999999,0.0,0.0,0.0,0.0,0.0,0.0,0.0,0.0,0.0,0.0,0.0,0.0,0.0,0.0,0.0,0.0,0.0,0.0,0.0,0.0,0.0,0.0,0.0,0.0,0.0,0.0,193,,0,,,,,,,,
639,223,WR depth,,12532,Ja'Corey Brooks,WR,FA,24,75,195,Louisville,88,2001-10-31,1,False,Active,Questionable,,,,999,1.0,0.0,0.0,0.0,0.0,0.0,0.0,0.0,0.0,0.0,0.0,0.0,0.0,0.0,0.0,0.0,0.0,0.0,0.0,0.0,0.0,0.0,0.0,0.0,0.0,0.0,300,170.0,1,0,433,,,170.0,,,-218
640,50,K depth,,11008,Anders Carlson,K,FA,27,77,220,Auburn,18,1998-06-16,2,False,Active,,,,K1,537,0.0,0.0,0.0,0.0,0.0,0.0,0.0,0.0,0.0,0.0,0.0,0.0,0.0,7.0,58.0,8.29,0.0,0.0,0.0,0.0,0.0,0.0,0.0,0.0,0.0,0.0,51,170.0,1,0,851,,,170.0,,,199
841,301,WR bench,,3278,Pharoh Cooper,WR,FA,28,71,207,South Carolina,0,1995-03-07,7,False,Active,,,,,9999999,0.0,0.0,0.0,0.0,0.0,0.0,0.0,0.0,0.0,0.0,0.0,0.0,0.0,0.0,0.0,0.0,0.0,0.0,0.0,0.0,0.0,0.0,0.0,0.0,0.0,0.0,301,,0,,,,,,,,
842,168,TE bench,,12981,Gee Scott,TE,FA,25,75,238,Ohio State,88,2000-12-28,1,False,Inactive,Questionable,,,,9999999,0.0,0.0,0.0,0.0,0.0,0.0,0.0,0.0,0.0,0.0,0.0,0.0,0.0,0.0,0.0,0.0,0.0,0.0,0.0,0.0,0.0,0.0,0.0,0.0,0.0,0.0,168,,0,,,,,,,,
843,194,RB bench,,2581,Jahwan Edwards,RB,FA,32,70,219,Ball State,0,1992-07-27,10,False,Active,,,,,9999999,0.0,0.0,0.0,0.0,0.0,0.0,0.0,0.0,0.0,0.0,0.0,0.0,0.0,0.0,0.0,0.0,0.0,0.0,0.0,0.0,0.0,0.0,0.0,0.0,0.0,0.0,194,,0,,,,,,,,
844,302,WR bench,,4544,Daikiel Shorts,WR,FA,27,73,202,West Virginia,16,1994-10-06,5,False,Active,,,,,9999999,0.0,0.0,0.0,0.0,0.0,0.0,0.0,0.0,0.0,0.0,0.0,0.0,0.0,0.0,0.0,0.0,0.0,0.0,0.0,0.0,0.0,0.0,0.0,0.0,0.0,0.0,302,,0,,,,,,,,
845,195,RB bench,,6196,Christian Wade,RB,FA,30,69,196,,0,1991-05-15,3,False,Inactive,,,,,282,0.0,0.0,0.0,0.0,0.0,0.0,0.0,0.0,0.0,0.0,0.0,0.0,0.0,0.0,0.0,0.0,0.0,0.0,0.0,0.0,0.0,0.0,0.0,0.0,0.0,0.0,195,,0,,,,,,,,
846,196,RB bench,,7794,Chris Evans,RB,FA,27,71,215,Michigan,25,1997-10-05,4,False,Active,,,,,9999999,0.0,0.0,0.0,0.0,0.0,0.0,0.0,0.0,0.0,0.0,0.0,0.0,0.0,0.0,0.0,0.0,0.0,0.0,0.0,0.0,0.0,0.0,0.0,0.0,0.0,0.0,196,,0,,,,,,,,
336,118,WR depth,,7606,Kadarius Toney,WR,FA,25,72,193,Florida,87,1999-01-27,3,False,Active,,,,,296,0.0,0.0,0.0,0.0,0.0,0.0,0.0,0.0,0.0,0.0,0.0,0.0,0.0,3.0,-2.4,-0.8,0.0,0.0,0.0,2.0,-4.0,0.0,0.0,1.0,0.0,0.0,303,169.9,1,0,344,,,169.9,,,-309
641,224,WR depth,,6927,Quez Watkins,WR,PHI,28,72,193,Southern Miss,86,1998-06-09,6,False,Active,,,6,WR6,9999999,0.0,0.0,0.0,0.0,0.0,0.0,0.0,0.0,0.0,0.0,0.0,0.0,0.0,0.0,0.0,0.0,0.0,0.0,0.0,0.0,0.0,0.0,0.0,0.0,0.0,0.0,304,170.0,1,0,463,,,170.0,,,-191
849,197,RB bench,,3615,Sione Houma,RB,FA,30,72,243,Michigan,0,1994-06-21,9,False,Active,,,,,9999999,0.0,0.0,0.0,0.0,0.0,0.0,0.0,0.0,0.0,0.0,0.0,0.0,0.0,0.0,0.0,0.0,0.0,0.0,0.0,0.0,0.0,0.0,0.0,0.0,0.0,0.0,197,,0,,,,,,,,
850,98,QB bench,,2561,Anthony Boone,QB,FA,34,72,225,Duke,3,1991-10-29,11,False,Active,,,,,9999999,0.0,0.0,0.0,0.0,0.0,0.0,0.0,0.0,0.0,0.0,0.0,0.0,0.0,0.0,0.0,0.0,0.0,0.0,0.0,0.0,0.0,0.0,0.0,0.0,0.0,0.0,98,,0,,,,,,,,
851,305,WR bench,,13246,Jaden Smith,WR,DAL,24,78,210,Nevada,17,2001-12-13,1,False,Active,,,,,9999999,0.0,0.0,0.0,0.0,0.0,0.0,0.0,0.0,0.0,0.0,0.0,0.0,0.0,0.0,0.0,0.0,0.0,0.0,0.0,0.0,0.0,0.0,0.0,0.0,0.0,0.0,305,,0,,,,,,,,
852,306,WR bench,,2929,Adrian Coxson,WR,FA,33,73,215,Stony Brook,0,1991-08-14,10,False,Active,,,,,9999999,0.0,0.0,0.0,0.0,0.0,0.0,0.0,0.0,0.0,0.0,0.0,0.0,0.0,0.0,0.0,0.0,0.0,0.0,0.0,0.0,0.0,0.0,0.0,0.0,0.0,0.0,306,,0,,,,,,,,
853,198,RB bench,,6742,Marquis Young,RB,FA,26,71,210,Massachusetts,40,1995-02-11,3,False,Active,,,,,9999999,0.0,0.0,0.0,0.0,0.0,0.0,0.0,0.0,0.0,0.0,0.0,0.0,0.0,0.0,0.0,0.0,0.0,0.0,0.0,0.0,0.0,0.0,0.0,0.0,0.0,0.0,198,,0,,,,,,,,
854,169,TE bench,,8245,Derrick Deese,TE,FA,24,76,248,San Jose State,86,1998-08-19,2,False,Active,,,,,9999999,0.0,0.0,0.0,0.0,0.0,0.0,0.0,0.0,0.0,0.0,0.0,0.0,0.0,0.0,0.0,0.0,0.0,0.0,0.0,0.0,0.0,0.0,0.0,0.0,0.0,0.0,169,,0,,,,,,,,
855,99,QB bench,,4061,Davis Webb,QB,FA,28,77,225,California,12,1995-01-22,6,False,Active,,,,,9999999,0.0,0.0,0.0,0.0,0.0,0.0,0.0,0.0,0.0,0.0,0.0,0.0,0.0,0.0,0.0,0.0,0.0,0.0,0.0,0.0,0.0,0.0,0.0,0.0,0.0,0.0,99,,0,,,,,,,,
1045,203,TE depth,,13957,Kenny Fletcher,TE,TB,,75,250,Rutgers,81,,0,True,Active,,,,,9999999,0.0,0.0,0.0,0.0,0.0,0.0,0.0,0.0,0.0,0.0,0.0,0.0,0.0,0.0,0.0,0.0,0.0,0.0,0.0,0.0,0.0,0.0,0.0,0.0,0.0,0.0,170,,0,,,,,,,,
642,124,TE depth,,6970,Stephen Sullivan,TE,FA,28,77,245,LSU,85,1996-11-28,5,False,Active,,,,,696,0.0,0.0,0.0,0.0,0.0,0.0,0.0,0.0,0.0,0.0,0.0,0.0,0.0,1.0,0.0,0.0,0.0,0.0,0.0,0.0,0.0,0.0,0.0,1.0,0.0,0.0,171,170.0,1,0,829,,,170.0,,,174
858,199,RB bench,,8092,Corey Taylor,RB,FA,24,70,215,Tulsa,0,1997-07-04,1,False,Active,,,,,,0.0,0.0,0.0,0.0,0.0,0.0,0.0,0.0,0.0,0.0,0.0,0.0,0.0,0.0,0.0,0.0,0.0,0.0,0.0,0.0,0.0,0.0,0.0,0.0,0.0,0.0,199,,0,,,,,,,,
859,200,RB bench,,6259,Darnell Holland,RB,FA,25,70,195,Kennesaw State,0,1996-11-06,3,False,Active,,,,,9999999,0.0,0.0,0.0,0.0,0.0,0.0,0.0,0.0,0.0,0.0,0.0,0.0,0.0,0.0,0.0,0.0,0.0,0.0,0.0,0.0,0.0,0.0,0.0,0.0,0.0,0.0,200,,0,,,,,,,,
860,172,TE bench,,2957,Ernst Brun,TE,FA,34,75,251,Iowa State,0,1990-12-04,10,False,Active,,,,,9999999,0.0,0.0,0.0,0.0,0.0,0.0,0.0,0.0,0.0,0.0,0.0,0.0,0.0,0.0,0.0,0.0,0.0,0.0,0.0,0.0,0.0,0.0,0.0,0.0,0.0,0.0,172,,0,,,,,,,,
643,225,WR depth,,13554,CJ Williams,WR,JAX,22,73,205,Stanford,18,2003-10-23,0,True,Active,,,,,9999999,0.0,0.0,0.0,0.0,0.0,0.0,0.0,0.0,0.0,0.0,0.0,0.0,0.0,0.0,0.0,0.0,0.0,0.0,0.0,0.0,0.0,0.0,0.0,0.0,0.0,0.0,307,170.0,1,0,800,,,170.0,,,144
862,173,TE bench,,12866,Jalin Conyers,TE,FA,24,76,265,Texas Tech,80,2001-07-26,1,False,Active,,,,,999,0.0,0.0,0.0,0.0,0.0,0.0,0.0,0.0,0.0,0.0,0.0,0.0,0.0,0.0,0.0,0.0,0.0,0.0,0.0,0.0,0.0,0.0,0.0,0.0,0.0,0.0,173,,0,,,,,,,,
863,100,QB bench,,6522,T.J. Linta,QB,FA,,76,240,Wagner,0,,3,False,Active,,,,,9999999,0.0,0.0,0.0,0.0,0.0,0.0,0.0,0.0,0.0,0.0,0.0,0.0,0.0,0.0,0.0,0.0,0.0,0.0,0.0,0.0,0.0,0.0,0.0,0.0,0.0,0.0,100,,0,,,,,,,,
864,308,WR bench,,1911,Willie Snead,WR,FA,31,71,195,Ball State,82,1992-10-17,10,False,Inactive,,,,,480,0.0,0.0,0.0,0.0,0.0,0.0,0.0,0.0,0.0,0.0,0.0,0.0,0.0,0.0,0.0,0.0,0.0,0.0,0.0,0.0,0.0,0.0,0.0,0.0,0.0,0.0,308,,0,,,,,,,,
865,201,RB bench,,1034,Brandon Bolden,RB,FA,34,71,220,Ole Miss,34,1990-01-26,12,False,Active,,,,,9999999,0.0,0.0,0.0,0.0,0.0,0.0,0.0,0.0,0.0,0.0,0.0,0.0,0.0,0.0,0.0,0.0,0.0,0.0,0.0,0.0,0.0,0.0,0.0,0.0,0.0,0.0,201,,0,,,,,,,,
866,309,WR bench,,4798,C.J. Germany,WR,FA,,71,180,"Notre Dame College, Ohio",2,,5,False,Active,,,,,9999999,0.0,0.0,0.0,0.0,0.0,0.0,0.0,0.0,0.0,0.0,0.0,0.0,0.0,0.0,0.0,0.0,0.0,0.0,0.0,0.0,0.0,0.0,0.0,0.0,0.0,0.0,309,,0,,,,,,,,
337,119,WR depth,,13270,CJ Daniels,WR,LAR,24,74,202,Miami (FL),6,2002-01-04,0,True,Active,,,6,WR6,999,0.0,0.0,0.0,0.0,0.0,0.0,0.0,0.0,0.0,0.0,0.0,0.0,0.0,0.0,0.0,0.0,0.0,0.0,0.0,0.0,0.0,0.0,0.0,0.0,0.0,0.0,310,169.9,1,0,314,,,169.9,,,-343
1046,382,WR depth,,13805,E.J. Williams,WR,LV,24,75,205,Indiana,88,2001-11-14,0,True,Active,,,,,9999999,0.0,0.0,0.0,0.0,0.0,0.0,0.0,0.0,0.0,0.0,0.0,0.0,0.0,0.0,0.0,0.0,0.0,0.0,0.0,0.0,0.0,0.0,0.0,0.0,0.0,0.0,311,,0,,,,,,,,
869,101,QB bench,,5808,Connor Jessop,QB,FA,,77,220,Shepherd,2,,4,False,Active,,,,,9999999,0.0,0.0,0.0,0.0,0.0,0.0,0.0,0.0,0.0,0.0,0.0,0.0,0.0,0.0,0.0,0.0,0.0,0.0,0.0,0.0,0.0,0.0,0.0,0.0,0.0,0.0,101,,0,,,,,,,,
644,125,TE depth,,7216,Giovanni Ricci,TE,FA,29,75,240,Western Michigan,88,1996-10-16,6,False,Active,,,,,639,3.0,0.0,0.0,0.0,0.0,0.0,0.0,0.0,0.0,0.0,1.0,0.0,0.0,0.0,0.0,0.0,0.0,0.0,0.0,0.0,0.0,0.0,0.0,0.0,0.0,0.0,174,170.0,1,0,695,,,170.0,,,37
871,312,WR bench,,5242,Dontez Byrd,WR,FA,26,71,180,Tennessee Tech,19,1995-08-09,4,False,Active,,,,,9999999,0.0,0.0,0.0,0.0,0.0,0.0,0.0,0.0,0.0,0.0,0.0,0.0,0.0,0.0,0.0,0.0,0.0,0.0,0.0,0.0,0.0,0.0,0.0,0.0,0.0,0.0,312,,0,,,,,,,,
1047,204,TE depth,,3924,Clayton Echard,TE,FA,25,"6'5""",260,Missouri,85,1993-04-29,0,True,Inactive,,,7,TE7,9999999,0.0,0.0,0.0,0.0,0.0,0.0,0.0,0.0,0.0,0.0,0.0,0.0,0.0,0.0,0.0,0.0,0.0,0.0,0.0,0.0,0.0,0.0,0.0,0.0,0.0,0.0,175,,0,,,,,,,,
873,313,WR bench,,5026,Tre'Quan Smith,WR,FA,28,74,210,UCF,10,1996-01-07,6,False,Inactive,,,,,531,0.0,0.0,0.0,0.0,0.0,0.0,0.0,0.0,0.0,0.0,0.0,0.0,0.0,0.0,0.0,0.0,0.0,0.0,0.0,0.0,0.0,0.0,0.0,0.0,0.0,0.0,313,,0,,,,,,,,
874,314,WR bench,,6045,Gary Jennings,WR,FA,26,73,216,West Virginia,86,1997-03-07,4,False,Active,,,,,9999999,0.0,0.0,0.0,0.0,0.0,0.0,0.0,0.0,0.0,0.0,0.0,0.0,0.0,0.0,0.0,0.0,0.0,0.0,0.0,0.0,0.0,0.0,0.0,0.0,0.0,0.0,314,,0,,,,,,,,
875,315,WR bench,,4821,Jamari Staples,WR,FA,27,76,195,Louisville,6,1994-09-10,5,False,Active,,,,,9999999,0.0,0.0,0.0,0.0,0.0,0.0,0.0,0.0,0.0,0.0,0.0,0.0,0.0,0.0,0.0,0.0,0.0,0.0,0.0,0.0,0.0,0.0,0.0,0.0,0.0,0.0,315,,0,,,,,,,,
645,126,TE depth,,13273,Josh Cuevas,TE,BAL,22,75,246,Alabama,85,2003-09-15,0,True,Active,,,4,TE4,999,0.0,0.0,0.0,0.0,0.0,0.0,0.0,0.0,0.0,0.0,0.0,0.0,0.0,0.0,0.0,0.0,0.0,0.0,0.0,0.0,0.0,0.0,0.0,0.0,0.0,0.0,176,170.0,1,0,394,,,170.0,,,-265
1048,383,WR depth,,13608,Jerand Bradley,WR,LAC,23,77,223,Kansas State,36,2002-10-10,0,True,Active,,,,,9999999,0.0,0.0,0.0,0.0,0.0,0.0,0.0,0.0,0.0,0.0,0.0,0.0,0.0,0.0,0.0,0.0,0.0,0.0,0.0,0.0,0.0,0.0,0.0,0.0,0.0,0.0,316,,0,,,,,,,,
646,127,TE depth,,13282,Jack Endries,TE,CIN,22,77,245,Texas,84,2004-03-26,0,True,Active,,,4,TE4,999,0.0,0.0,0.0,0.0,0.0,0.0,0.0,0.0,0.0,0.0,0.0,0.0,0.0,0.0,0.0,0.0,0.0,0.0,0.0,0.0,0.0,0.0,0.0,0.0,0.0,0.0,177,170.0,1,0,802,,,170.0,,,142
879,317,WR bench,,6395,Trinity Benson,WR,FA,26,72,180,East Central,82,1997-01-16,4,False,Active,,,,,9999999,0.0,0.0,0.0,0.0,0.0,0.0,0.0,0.0,0.0,0.0,0.0,0.0,0.0,0.0,0.0,0.0,0.0,0.0,0.0,0.0,0.0,0.0,0.0,0.0,0.0,0.0,317,,0,,,,,,,,
880,202,RB bench,,7852,Tory Carter,RB,FA,23,72,229,LSU,44,1999-03-16,1,False,Active,,,,,9999999,0.0,0.0,0.0,0.0,0.0,0.0,0.0,0.0,0.0,0.0,0.0,0.0,0.0,0.0,0.0,0.0,0.0,0.0,0.0,0.0,0.0,0.0,0.0,0.0,0.0,0.0,202,,0,,,,,,,,
881,318,WR bench,,11478,Gavin Holmes,WR,FA,24,70,200,Baylor,84,1998-09-29,1,False,Active,,,,,284,0.0,0.0,0.0,0.0,0.0,0.0,0.0,0.0,0.0,0.0,0.0,0.0,0.0,0.0,0.0,0.0,0.0,0.0,0.0,0.0,0.0,0.0,0.0,0.0,0.0,0.0,318,,0,,,,,,,,
882,319,WR bench,,8549,Trevon Clark,WR,FA,23,75,193,California,0,1999-09-27,1,False,Active,,,,,9999999,0.0,0.0,0.0,0.0,0.0,0.0,0.0,0.0,0.0,0.0,0.0,0.0,0.0,0.0,0.0,0.0,0.0,0.0,0.0,0.0,0.0,0.0,0.0,0.0,0.0,0.0,319,,0,,,,,,,,
883,320,WR bench,,11266,Thyrick Pitts,WR,FA,25,74,201,Delaware,16,1999-04-08,1,False,Inactive,,,,,323,0.0,0.0,0.0,0.0,0.0,0.0,0.0,0.0,0.0,0.0,0.0,0.0,0.0,0.0,0.0,0.0,0.0,0.0,0.0,0.0,0.0,0.0,0.0,0.0,0.0,0.0,320,,0,,,,,,,,
647,226,WR depth,,6402,Steven Sims,WR,FA,28,70,190,Kansas,80,1997-03-31,7,False,Active,,,,,634,3.0,0.0,0.0,0.0,0.0,0.0,0.0,0.0,0.0,0.0,1.0,0.0,0.0,9.0,-2.0,-0.22,0.0,0.0,0.0,1.0,0.0,0.0,0.0,0.0,0.0,0.0,321,170.0,1,0,891,,,170.0,,,230
885,203,RB bench,,2658,Ryan Mueller,RB,FA,33,74,250,Kansas State,0,1991-04-30,10,False,Active,,,,,9999999,0.0,0.0,0.0,0.0,0.0,0.0,0.0,0.0,0.0,0.0,0.0,0.0,0.0,0.0,0.0,0.0,0.0,0.0,0.0,0.0,0.0,0.0,0.0,0.0,0.0,0.0,203,,0,,,,,,,,
886,52,K bench,,5251,Tyler Davis,K,FA,27,71,180,Penn State,0,1994-09-29,4,False,Active,,,,K1,9999999,0.0,0.0,0.0,0.0,0.0,0.0,0.0,0.0,0.0,0.0,0.0,0.0,0.0,0.0,0.0,0.0,0.0,0.0,0.0,0.0,0.0,0.0,0.0,0.0,0.0,0.0,52,,0,,,,,,,,
648,128,TE depth,,8484,Ko Kieft,TE,TB,28,77,265,Minnesota,41,1998-01-20,4,False,Active,,,5,TE5,999,3.0,0.0,0.0,0.0,0.0,0.0,0.0,0.0,0.0,0.0,0.0,0.0,0.0,17.0,0.0,0.0,0.0,0.0,0.0,0.0,0.0,0.0,0.0,0.0,0.0,0.0,178,170.0,1,0,538,,,170.0,,,-124
888,322,WR bench,,8213,Dai'Jean Dixon,WR,FA,24,76,200,Nicholls State,0,1998-10-16,2,False,Active,,,,,9999999,0.0,0.0,0.0,0.0,0.0,0.0,0.0,0.0,0.0,0.0,0.0,0.0,0.0,0.0,0.0,0.0,0.0,0.0,0.0,0.0,0.0,0.0,0.0,0.0,0.0,0.0,322,,0,,,,,,,,
889,323,WR bench,,11226,Tyjon Lindsey,WR,FA,24,68,171,Oregon State,81,1999-01-07,1,False,Active,,,,,539,0.0,0.0,0.0,0.0,0.0,0.0,0.0,0.0,0.0,0.0,0.0,0.0,0.0,0.0,0.0,0.0,0.0,0.0,0.0,0.0,0.0,0.0,0.0,0.0,0.0,0.0,323,,0,,,,,,,,
890,179,TE bench,,1587,Vance McDonald,TE,FA,31,76,267,Rice,0,1990-06-13,9,False,Injured Reserve,,,,,401,0.0,0.0,0.0,0.0,0.0,0.0,0.0,0.0,0.0,0.0,0.0,0.0,0.0,0.0,0.0,0.0,0.0,0.0,0.0,0.0,0.0,0.0,0.0,0.0,0.0,0.0,179,,0,,,,,,,,
649,136,RB depth,,2471,Michael Burton,RB,CLE,34,72,247,Rutgers,34,1992-02-01,11,False,Active,,,4,RB4,999,0.0,0.0,0.0,0.0,0.0,0.0,0.0,0.0,0.0,0.0,0.0,0.0,0.0,17.0,29.3,1.72,0.0,0.0,0.0,7.0,8.0,1.0,10.0,10.0,65.0,1.0,204,170.0,1,0,728,,,170.0,,,65
892,205,RB bench,,7412,Sandro Platzgummer,RB,FA,25,72,198,,34,1997-03-10,3,False,Active,,,,,529,0.0,0.0,0.0,0.0,0.0,0.0,0.0,0.0,0.0,0.0,0.0,0.0,0.0,0.0,0.0,0.0,0.0,0.0,0.0,0.0,0.0,0.0,0.0,0.0,0.0,0.0,205,,0,,,,,,,,
893,180,TE bench,,7499,Paul Quessenberry,TE,FA,30,74,250,Navy,40,1992-01-08,2,False,Active,,,,,431,0.0,0.0,0.0,0.0,0.0,0.0,0.0,0.0,0.0,0.0,0.0,0.0,0.0,0.0,0.0,0.0,0.0,0.0,0.0,0.0,0.0,0.0,0.0,0.0,0.0,0.0,180,,0,,,,,,,,
650,137,RB depth,,9510,Lew Nichols,RB,PIT,24,70,220,Central Michigan,35,2001-08-16,3,False,Active,,,5,RB5,9999999,1.0,0.0,0.0,0.0,0.0,0.0,0.0,0.0,0.0,0.0,0.0,0.0,0.0,0.0,0.0,0.0,0.0,0.0,0.0,0.0,0.0,0.0,0.0,0.0,0.0,0.0,206,170.0,1,0,595,,,170.0,,,-69
1049,239,RB depth,,6738,Cedric Benson,RB,FA,37,"5'11""",227,Texas,32,1982-12-28,0,True,Inactive,,,,,9999999,0.0,0.0,0.0,0.0,0.0,0.0,0.0,0.0,0.0,0.0,0.0,0.0,0.0,0.0,0.0,0.0,0.0,0.0,0.0,0.0,0.0,0.0,0.0,0.0,0.0,0.0,207,,0,,,,,,,,
1050,240,RB depth,,8425,Player Invalid,RB,FA,,,,,,,0,True,Inactive,,,,,,0.0,0.0,0.0,0.0,0.0,0.0,0.0,0.0,0.0,0.0,0.0,0.0,0.0,0.0,0.0,0.0,0.0,0.0,0.0,0.0,0.0,0.0,0.0,0.0,0.0,0.0,208,,0,,,,,,,,
897,209,RB bench,,4949,Derrius Guice,RB,FA,24,71,225,LSU,0,1997-06-21,4,False,Active,,,,,1286,0.0,0.0,0.0,0.0,0.0,0.0,0.0,0.0,0.0,0.0,0.0,0.0,0.0,0.0,0.0,0.0,0.0,0.0,0.0,0.0,0.0,0.0,0.0,0.0,0.0,0.0,209,,0,,,,,,,,
898,181,TE bench,,8115,Jalen Wydermyer,TE,FA,22,77,265,Texas A&M,49,2000-12-20,1,False,Active,,,,,9999999,0.0,0.0,0.0,0.0,0.0,0.0,0.0,0.0,0.0,0.0,0.0,0.0,0.0,0.0,0.0,0.0,0.0,0.0,0.0,0.0,0.0,0.0,0.0,0.0,0.0,0.0,181,,0,,,,,,,,
899,324,WR bench,,6248,Trevion Thompson,WR,FA,26,74,205,Clemson,87,1995-11-14,3,False,Active,,,,,9999999,0.0,0.0,0.0,0.0,0.0,0.0,0.0,0.0,0.0,0.0,0.0,0.0,0.0,0.0,0.0,0.0,0.0,0.0,0.0,0.0,0.0,0.0,0.0,0.0,0.0,0.0,324,,0,,,,,,,,
900,325,WR bench,,4508,Gabe Marks,WR,FA,27,72,190,Washington State,2,1994-08-06,5,False,Active,,,,,9999999,0.0,0.0,0.0,0.0,0.0,0.0,0.0,0.0,0.0,0.0,0.0,0.0,0.0,0.0,0.0,0.0,0.0,0.0,0.0,0.0,0.0,0.0,0.0,0.0,0.0,0.0,325,,0,,,,,,,,
901,326,WR bench,,12820,Landon Parker,WR,FA,26,74,211,Troy,,1999-09-02,1,False,Active,,,,,664,0.0,0.0,0.0,0.0,0.0,0.0,0.0,0.0,0.0,0.0,0.0,0.0,0.0,0.0,0.0,0.0,0.0,0.0,0.0,0.0,0.0,0.0,0.0,0.0,0.0,0.0,326,,0,,,,,,,,
902,327,WR bench,,11505,David Durden,WR,FA,25,74,200,West Florida,85,1998-12-26,1,False,Active,,,,,668,0.0,0.0,0.0,0.0,0.0,0.0,0.0,0.0,0.0,0.0,0.0,0.0,0.0,0.0,0.0,0.0,0.0,0.0,0.0,0.0,0.0,0.0,0.0,0.0,0.0,0.0,327,,0,,,,,,,,
1051,384,WR depth,,13318,Noah Thomas,WR,CIN,22,77,203,Georgia,17,2004-01-13,0,True,Active,,,6,WR6,999,0.0,0.0,0.0,0.0,0.0,0.0,0.0,0.0,0.0,0.0,0.0,0.0,0.0,0.0,0.0,0.0,0.0,0.0,0.0,0.0,0.0,0.0,0.0,0.0,0.0,0.0,328,,0,,,,,,,,
904,53,K bench,,2911,Justin Manton,K,FA,32,74,201,Louisiana-Monroe,0,1992-06-28,10,False,Active,,,,K1,9999999,0.0,0.0,0.0,0.0,0.0,0.0,0.0,0.0,0.0,0.0,0.0,0.0,0.0,0.0,0.0,0.0,0.0,0.0,0.0,0.0,0.0,0.0,0.0,0.0,0.0,0.0,53,,0,,,,,,,,
905,329,WR bench,,5911,Jalen Hurd,WR,FA,27,77,230,Baylor,13,1996-01-24,4,False,Active,,,,,662,0.0,0.0,0.0,0.0,0.0,0.0,0.0,0.0,0.0,0.0,0.0,0.0,0.0,0.0,0.0,0.0,0.0,0.0,0.0,0.0,0.0,0.0,0.0,0.0,0.0,0.0,329,,0,,,,,,,,
338,120,WR depth,,13380,Brenen Thompson,WR,LAC,23,69,170,Mississippi State,89,2003-07-25,0,True,Active,,,4,WR4,999,0.0,0.0,0.0,0.0,0.0,0.0,0.0,0.0,0.0,0.0,0.0,0.0,0.0,0.0,0.0,0.0,0.0,0.0,0.0,0.0,0.0,0.0,0.0,0.0,0.0,0.0,330,169.9,1,0,278,,,169.9,,,-387
1052,385,WR depth,,13939,Gabriel Benyard,WR,FA,,70,185,Kennesaw State,39,,0,True,Active,,,,,9999999,0.0,0.0,0.0,0.0,0.0,0.0,0.0,0.0,0.0,0.0,0.0,0.0,0.0,0.0,0.0,0.0,0.0,0.0,0.0,0.0,0.0,0.0,0.0,0.0,0.0,0.0,331,,0,,,,,,,,
908,182,TE bench,,2944,Matt LaCosse,TE,NE,29,78,255,Illinois,83,1992-09-21,7,False,Active,,,,,9999999,0.0,0.0,0.0,0.0,0.0,0.0,0.0,0.0,0.0,0.0,0.0,0.0,0.0,0.0,0.0,0.0,0.0,0.0,0.0,0.0,0.0,0.0,0.0,0.0,0.0,0.0,182,,0,,,,,,,,
909,183,TE bench,,3036,Matt Lengel,TE,FA,31,79,266,Eastern Kentucky,47,1990-12-27,7,False,Active,,,,,942,0.0,0.0,0.0,0.0,0.0,0.0,0.0,0.0,0.0,0.0,0.0,0.0,0.0,0.0,0.0,0.0,0.0,0.0,0.0,0.0,0.0,0.0,0.0,0.0,0.0,0.0,183,,0,,,,,,,,
910,102,QB bench,,6343,Manny Wilkins,QB,FA,26,74,193,Arizona State,18,1995-11-05,3,False,Active,,,,,9999999,0.0,0.0,0.0,0.0,0.0,0.0,0.0,0.0,0.0,0.0,0.0,0.0,0.0,0.0,0.0,0.0,0.0,0.0,0.0,0.0,0.0,0.0,0.0,0.0,0.0,0.0,102,,0,,,,,,,,
911,332,WR bench,,5132,Steven Mitchell,WR,FA,27,70,186,Southern California,11,1994-05-02,4,False,Inactive,,,,,488,0.0,0.0,0.0,0.0,0.0,0.0,0.0,0.0,0.0,0.0,0.0,0.0,0.0,0.0,0.0,0.0,0.0,0.0,0.0,0.0,0.0,0.0,0.0,0.0,0.0,0.0,332,,0,,,,,,,,
912,184,TE bench,,6993,Dominick Wood-Anderson,TE,FA,23,76,257,Tennessee,0,1998-02-09,2,False,Active,,,,,9999999,0.0,0.0,0.0,0.0,0.0,0.0,0.0,0.0,0.0,0.0,0.0,0.0,0.0,0.0,0.0,0.0,0.0,0.0,0.0,0.0,0.0,0.0,0.0,0.0,0.0,0.0,184,,0,,,,,,,,
913,103,QB bench,,345,Brian Hoyer,QB,FA,38,74,215,Michigan State,7,1985-10-13,15,False,Active,,,,,9999999,0.0,0.0,0.0,0.0,0.0,0.0,0.0,0.0,0.0,0.0,0.0,0.0,0.0,0.0,0.0,0.0,0.0,0.0,0.0,0.0,0.0,0.0,0.0,0.0,0.0,0.0,103,,0,,,,,,,,
914,104,QB bench,,7008,Brian Lewerke,QB,FA,25,75,216,Michigan State,6,1996-10-24,2,False,Active,,,,,9999999,0.0,0.0,0.0,0.0,0.0,0.0,0.0,0.0,0.0,0.0,0.0,0.0,0.0,0.0,0.0,0.0,0.0,0.0,0.0,0.0,0.0,0.0,0.0,0.0,0.0,0.0,104,,0,,,,,,,,
1053,241,RB depth,,14001,Julius Davis,RB,FA,,70,210,Montana State,,,0,True,Active,,,,,9999999,0.0,0.0,0.0,0.0,0.0,0.0,0.0,0.0,0.0,0.0,0.0,0.0,0.0,0.0,0.0,0.0,0.0,0.0,0.0,0.0,0.0,0.0,0.0,0.0,0.0,0.0,210,,0,,,,,,,,
651,129,TE depth,,13400,Justin Joly,TE,DEN,22,75,241,North Carolina State,80,2004-07-09,0,True,Active,,,6,TE6,999,0.0,0.0,0.0,0.0,0.0,0.0,0.0,0.0,0.0,0.0,0.0,0.0,0.0,0.0,0.0,0.0,0.0,0.0,0.0,0.0,0.0,0.0,0.0,0.0,0.0,0.0,185,170.0,1,0,536,,,170.0,,,-130
917,333,WR bench,,5169,Malik Earl,WR,FA,25,75,217,Missouri State,0,1996-03-08,4,False,Active,,,,,1004,0.0,0.0,0.0,0.0,0.0,0.0,0.0,0.0,0.0,0.0,0.0,0.0,0.0,0.0,0.0,0.0,0.0,0.0,0.0,0.0,0.0,0.0,0.0,0.0,0.0,0.0,333,,0,,,,,,,,
918,105,QB bench,,11931,Austin Reed,QB,FA,25,73,214,Western Kentucky,16,2000-02-22,1,False,Active,,,,,340,0.0,0.0,0.0,0.0,0.0,0.0,0.0,0.0,0.0,0.0,0.0,0.0,0.0,0.0,0.0,0.0,0.0,0.0,0.0,0.0,0.0,0.0,0.0,0.0,0.0,0.0,105,,0,,,,,,,,
652,227,WR depth,,7713,Jaelon Darden,WR,FA,26,68,175,North Texas,1,1999-01-14,4,False,Active,,,,,9999999,0.0,0.0,0.0,0.0,0.0,0.0,0.0,0.0,0.0,0.0,0.0,0.0,0.0,12.0,1.6,0.13,0.0,0.0,0.0,0.0,0.0,0.0,1.0,1.0,6.0,0.0,334,170.0,1,0,837,,,170.0,,,170
920,335,WR bench,,12333,Dakereon Joyner,WR,FA,24,73,229,South Carolina,,2000-05-24,1,False,Active,,,,,9999999,0.0,0.0,0.0,0.0,0.0,0.0,0.0,0.0,0.0,0.0,0.0,0.0,0.0,0.0,0.0,0.0,0.0,0.0,0.0,0.0,0.0,0.0,0.0,0.0,0.0,0.0,335,,0,,,,,,,,
1054,386,WR depth,,4784,Levonte Whitfield,WR,FA,,,182,Florida State,17,,0,True,Inactive,NA,,,,9999999,0.0,0.0,0.0,0.0,0.0,0.0,0.0,0.0,0.0,0.0,0.0,0.0,0.0,0.0,0.0,0.0,0.0,0.0,0.0,0.0,0.0,0.0,0.0,0.0,0.0,0.0,336,,0,,,,,,,,
922,186,TE bench,,5092,Troy Fumagalli,TE,FA,29,78,248,Wisconsin,82,1995-02-17,6,False,Active,,,,,635,0.0,0.0,0.0,0.0,0.0,0.0,0.0,0.0,0.0,0.0,0.0,0.0,0.0,0.0,0.0,0.0,0.0,0.0,0.0,0.0,0.0,0.0,0.0,0.0,0.0,0.0,186,,0,,,,,,,,
923,187,TE bench,,1718,Derek Carrier,TE,FA,31,75,240,Beloit,85,1990-07-25,10,False,Active,,,,,9999999,0.0,0.0,0.0,0.0,0.0,0.0,0.0,0.0,0.0,0.0,0.0,0.0,0.0,0.0,0.0,0.0,0.0,0.0,0.0,0.0,0.0,0.0,0.0,0.0,0.0,0.0,187,,0,,,,,,,,
1055,387,WR depth,,3873,Ben Roberts,WR,FA,26,"6'4""",215,Montana,12,1992-09-07,0,True,Inactive,,,3,WR3,9999999,0.0,0.0,0.0,0.0,0.0,0.0,0.0,0.0,0.0,0.0,0.0,0.0,0.0,0.0,0.0,0.0,0.0,0.0,0.0,0.0,0.0,0.0,0.0,0.0,0.0,0.0,337,,0,,,,,,,,
925,211,RB bench,,6236,Travon McMillian,RB,FA,25,72,210,Colorado,0,1996-02-05,3,False,Active,,,,,9999999,0.0,0.0,0.0,0.0,0.0,0.0,0.0,0.0,0.0,0.0,0.0,0.0,0.0,0.0,0.0,0.0,0.0,0.0,0.0,0.0,0.0,0.0,0.0,0.0,0.0,0.0,211,,0,,,,,,,,
926,188,TE bench,,8905,Travis Koontz,TE,FA,,76,255,Texas Tech,0,,1,False,Active,,,,,656,0.0,0.0,0.0,0.0,0.0,0.0,0.0,0.0,0.0,0.0,0.0,0.0,0.0,0.0,0.0,0.0,0.0,0.0,0.0,0.0,0.0,0.0,0.0,0.0,0.0,0.0,188,,0,,,,,,,,
927,338,WR bench,,12373,Peter LeBlanc,WR,FA,23,74,189,Louisiana,,2001-04-12,1,False,Active,,,,,294,0.0,0.0,0.0,0.0,0.0,0.0,0.0,0.0,0.0,0.0,0.0,0.0,0.0,0.0,0.0,0.0,0.0,0.0,0.0,0.0,0.0,0.0,0.0,0.0,0.0,0.0,338,,0,,,,,,,,
928,339,WR bench,,5290,Deontay Burnett,WR,FA,26,72,185,USC,6,1997-10-04,6,False,Active,,,,,684,0.0,0.0,0.0,0.0,0.0,0.0,0.0,0.0,0.0,0.0,0.0,0.0,0.0,0.0,0.0,0.0,0.0,0.0,0.0,0.0,0.0,0.0,0.0,0.0,0.0,0.0,339,,0,,,,,,,,
929,189,TE bench,,2463,Jesse James,TE,FA,29,79,261,Penn State,88,1994-06-04,8,False,Active,,,,,9999999,0.0,0.0,0.0,0.0,0.0,0.0,0.0,0.0,0.0,0.0,0.0,0.0,0.0,0.0,0.0,0.0,0.0,0.0,0.0,0.0,0.0,0.0,0.0,0.0,0.0,0.0,189,,0,,,,,,,,
1056,388,WR depth,,4723,Justin Thomas,WR,FA,34,68,180,Utah,0,1991-09-15,0,True,Active,,,,,9999999,0.0,0.0,0.0,0.0,0.0,0.0,0.0,0.0,0.0,0.0,0.0,0.0,0.0,0.0,0.0,0.0,0.0,0.0,0.0,0.0,0.0,0.0,0.0,0.0,0.0,0.0,340,,0,,,,,,,,
339,47,TE depth,,13421,Eli Raridon,TE,NE,22,78,245,Notre Dame,82,2004-02-12,0,True,Active,,,2,TE2,999,0.0,0.0,0.0,0.0,0.0,0.0,0.0,0.0,0.0,0.0,0.0,0.0,0.0,0.0,0.0,0.0,0.0,0.0,0.0,0.0,0.0,0.0,0.0,0.0,0.0,0.0,190,169.9,1,0,263,,,169.9,,,-405
932,191,TE bench,,12250,Riley Sharp,TE,FA,27,77,246,Oregon State,,1997-11-07,1,False,Active,,,,,438,0.0,0.0,0.0,0.0,0.0,0.0,0.0,0.0,0.0,0.0,0.0,0.0,0.0,0.0,0.0,0.0,0.0,0.0,0.0,0.0,0.0,0.0,0.0,0.0,0.0,0.0,191,,0,,,,,,,,
933,54,K bench,,4555,Andy Phillips,K,FA,32,70,210,Utah,17,1989-05-18,5,False,Active,,,,K1,709,0.0,0.0,0.0,0.0,0.0,0.0,0.0,0.0,0.0,0.0,0.0,0.0,0.0,0.0,0.0,0.0,0.0,0.0,0.0,0.0,0.0,0.0,0.0,0.0,0.0,0.0,54,,0,,,,,,,,
934,341,WR bench,,3568,Marken Michel,WR,FA,29,71,191,UMass,19,1993-07-06,7,False,Active,,,,,9999999,0.0,0.0,0.0,0.0,0.0,0.0,0.0,0.0,0.0,0.0,0.0,0.0,0.0,0.0,0.0,0.0,0.0,0.0,0.0,0.0,0.0,0.0,0.0,0.0,0.0,0.0,341,,0,,,,,,,,
935,192,TE bench,,5322,James Looney,TE,FA,26,75,287,California,49,1995-05-15,4,False,Active,,,,,1393,0.0,0.0,0.0,0.0,0.0,0.0,0.0,0.0,0.0,0.0,0.0,0.0,0.0,0.0,0.0,0.0,0.0,0.0,0.0,0.0,0.0,0.0,0.0,0.0,0.0,0.0,192,,0,,,,,,,,
936,193,TE bench,,8878,Jared Scott,TE,FA,23,78,240,Idaho State,0,1999-05-10,2,False,Active,,,,,9999999,0.0,0.0,0.0,0.0,0.0,0.0,0.0,0.0,0.0,0.0,0.0,0.0,0.0,0.0,0.0,0.0,0.0,0.0,0.0,0.0,0.0,0.0,0.0,0.0,0.0,0.0,193,,0,,,,,,,,
937,342,WR bench,,4214,Shelton Gibson,WR,FA,27,71,191,West Virginia,84,1994-03-20,5,False,Active,,,,,1200,0.0,0.0,0.0,0.0,0.0,0.0,0.0,0.0,0.0,0.0,0.0,0.0,0.0,0.0,0.0,0.0,0.0,0.0,0.0,0.0,0.0,0.0,0.0,0.0,0.0,0.0,342,,0,,,,,,,,
938,212,RB bench,,2391,David Johnson,RB,FA,31,73,224,Northern Iowa,28,1991-12-16,8,False,Active,,,,,9999999,0.0,0.0,0.0,0.0,0.0,0.0,0.0,0.0,0.0,0.0,0.0,0.0,0.0,0.0,0.0,0.0,0.0,0.0,0.0,0.0,0.0,0.0,0.0,0.0,0.0,0.0,212,,0,,,,,,,,
653,138,RB depth,,7064,Darrynton Evans,RB,FA,27,70,203,Appalachian State,21,1998-07-09,5,False,Inactive,,,,,467,0.0,0.0,0.0,0.0,0.0,0.0,0.0,0.0,0.0,0.0,0.0,0.0,0.0,5.0,0.3,0.06,0.0,0.0,0.0,3.0,3.0,0.0,0.0,0.0,0.0,0.0,213,170.0,1,0,685,,,170.0,,,16
1057,242,RB depth,,14044,Miles Davis,RB,CAR,26,71,215,Utah State,37,1999-10-01,0,True,Active,,,,,9999999,0.0,0.0,0.0,0.0,0.0,0.0,0.0,0.0,0.0,0.0,0.0,0.0,0.0,0.0,0.0,0.0,0.0,0.0,0.0,0.0,0.0,0.0,0.0,0.0,0.0,0.0,214,,0,,,,,,,,
941,215,RB bench,,7088,Xavier Jones,RB,FA,24,71,208,Southern Methodist,0,1997-08-24,2,False,Active,,,,,492,0.0,0.0,0.0,0.0,0.0,0.0,0.0,0.0,0.0,0.0,0.0,0.0,0.0,0.0,0.0,0.0,0.0,0.0,0.0,0.0,0.0,0.0,0.0,0.0,0.0,0.0,215,,0,,,,,,,,
942,343,WR bench,,3920,Harvey Binford,WR,FA,30,72,182,"Lindenwood, Ill.",2,1991-01-20,6,False,Inactive,,,,,9999999,0.0,0.0,0.0,0.0,0.0,0.0,0.0,0.0,0.0,0.0,0.0,0.0,0.0,0.0,0.0,0.0,0.0,0.0,0.0,0.0,0.0,0.0,0.0,0.0,0.0,0.0,343,,0,,,,,,,,
943,216,RB bench,,11947,Austin Jones,RB,FA,23,70,200,USC,,2001-02-07,1,False,Active,,,,,999,0.0,0.0,0.0,0.0,0.0,0.0,0.0,0.0,0.0,0.0,0.0,0.0,0.0,0.0,0.0,0.0,0.0,0.0,0.0,0.0,0.0,0.0,0.0,0.0,0.0,0.0,216,,0,,,,,,,,
944,344,WR bench,,4710,Gio Pascascio,WR,FA,27,75,190,Louisville,12,1994-11-10,5,False,Active,,,,,9999999,0.0,0.0,0.0,0.0,0.0,0.0,0.0,0.0,0.0,0.0,0.0,0.0,0.0,0.0,0.0,0.0,0.0,0.0,0.0,0.0,0.0,0.0,0.0,0.0,0.0,0.0,344,,0,,,,,,,,
945,217,RB bench,,3664,J.D. McKissic,RB,FA,29,70,195,Arkansas State,23,1993-08-15,7,False,Inactive,,,,,234,0.0,0.0,0.0,0.0,0.0,0.0,0.0,0.0,0.0,0.0,0.0,0.0,0.0,0.0,0.0,0.0,0.0,0.0,0.0,0.0,0.0,0.0,0.0,0.0,0.0,0.0,217,,0,,,,,,,,
946,55,K bench,,6193,Cole Murphy,K,FA,,75,215,Syracuse,0,,3,False,Active,,,,K1,9999999,0.0,0.0,0.0,0.0,0.0,0.0,0.0,0.0,0.0,0.0,0.0,0.0,0.0,0.0,0.0,0.0,0.0,0.0,0.0,0.0,0.0,0.0,0.0,0.0,0.0,0.0,55,,0,,,,,,,,
947,56,K bench,,7933,Alex Kessman,K,CAR,24,75,190,Pittsburgh,19,1998-01-02,1,False,Active,,,,K1,277,0.0,0.0,0.0,0.0,0.0,0.0,0.0,0.0,0.0,0.0,0.0,0.0,0.0,0.0,0.0,0.0,0.0,0.0,0.0,0.0,0.0,0.0,0.0,0.0,0.0,0.0,56,,0,,,,,,,,
948,106,QB bench,,4127,C.J. Beathard,QB,FA,32,74,215,Iowa,17,1993-11-16,9,False,Active,,,,,547,0.0,0.0,0.0,0.0,0.0,0.0,0.0,0.0,0.0,0.0,0.0,0.0,0.0,0.0,0.0,0.0,0.0,0.0,0.0,0.0,0.0,0.0,0.0,0.0,0.0,0.0,106,,0,,,,,,,,
1058,205,TE depth,,13431,Miles Kitselman,TE,DET,23,77,251,Tennessee,84,2002-09-25,0,True,Inactive,IR,,,,9999999,0.0,0.0,0.0,0.0,0.0,0.0,0.0,0.0,0.0,0.0,0.0,0.0,0.0,0.0,0.0,0.0,0.0,0.0,0.0,0.0,0.0,0.0,0.0,0.0,0.0,0.0,194,,0,,,,,,,,
1059,132,QB depth,,13310,Miller Moss,QB,CHI,24,73,211,Louisville,16,2002-03-19,0,True,Active,,,,,999,0.0,0.0,0.0,0.0,0.0,0.0,0.0,0.0,0.0,0.0,0.0,0.0,0.0,0.0,0.0,0.0,0.0,0.0,0.0,0.0,0.0,0.0,0.0,0.0,0.0,0.0,107,,0,,,,,,,,
1060,389,WR depth,,12913,J.J. Jones,WR,FA,,75,210,North Carolina,,,0,True,Active,,,,,999,0.0,0.0,0.0,0.0,0.0,0.0,0.0,0.0,0.0,0.0,0.0,0.0,0.0,0.0,0.0,0.0,0.0,0.0,0.0,0.0,0.0,0.0,0.0,0.0,0.0,0.0,345,,0,,,,,,,,
952,195,TE bench,,5957,Isaac Nauta,TE,GB,24,75,246,Georgia,82,1997-05-21,3,False,Inactive,,,,,571,0.0,0.0,0.0,0.0,0.0,0.0,0.0,0.0,0.0,0.0,0.0,0.0,0.0,0.0,0.0,0.0,0.0,0.0,0.0,0.0,0.0,0.0,0.0,0.0,0.0,0.0,195,,0,,,,,,,,
953,346,WR bench,,7601,Rondale Moore,WR,FA,25,67,181,Purdue,4,2000-06-09,5,False,Active,,,,,999,0.0,0.0,0.0,0.0,0.0,0.0,0.0,0.0,0.0,0.0,0.0,0.0,0.0,0.0,0.0,0.0,0.0,0.0,0.0,0.0,0.0,0.0,0.0,0.0,0.0,0.0,346,,0,,,,,,,,
1061,390,WR depth,,13290,Jalen Moss,WR,FA,,73,185,,,,0,True,Active,,,,,,0.0,0.0,0.0,0.0,0.0,0.0,0.0,0.0,0.0,0.0,0.0,0.0,0.0,0.0,0.0,0.0,0.0,0.0,0.0,0.0,0.0,0.0,0.0,0.0,0.0,0.0,347,,0,,,,,,,,
955,196,TE bench,,367,Jared Cook,TE,FA,35,77,246,South Carolina,87,1987-04-07,13,False,Active,,,,,296,0.0,0.0,0.0,0.0,0.0,0.0,0.0,0.0,0.0,0.0,0.0,0.0,0.0,0.0,0.0,0.0,0.0,0.0,0.0,0.0,0.0,0.0,0.0,0.0,0.0,0.0,196,,0,,,,,,,,
956,218,RB bench,,13154,Marcus Major,RB,FA,25,72,213,Minnesota,,2000-11-14,1,False,Active,,,,,999,0.0,0.0,0.0,0.0,0.0,0.0,0.0,0.0,0.0,0.0,0.0,0.0,0.0,0.0,0.0,0.0,0.0,0.0,0.0,0.0,0.0,0.0,0.0,0.0,0.0,0.0,218,,0,,,,,,,,
957,219,RB bench,,4630,I'Tavius Mathers,RB,FA,28,71,197,Middle Tennessee,43,1993-11-19,5,False,Active,,,,,9999999,0.0,0.0,0.0,0.0,0.0,0.0,0.0,0.0,0.0,0.0,0.0,0.0,0.0,0.0,0.0,0.0,0.0,0.0,0.0,0.0,0.0,0.0,0.0,0.0,0.0,0.0,219,,0,,,,,,,,
958,197,TE bench,,5196,Ethan Wolf,TE,FA,26,78,252,Tennessee,86,1995-11-07,4,False,Active,,,,,9999999,0.0,0.0,0.0,0.0,0.0,0.0,0.0,0.0,0.0,0.0,0.0,0.0,0.0,0.0,0.0,0.0,0.0,0.0,0.0,0.0,0.0,0.0,0.0,0.0,0.0,0.0,197,,0,,,,,,,,
958,350,WR depth,,13268,Elijah Sarratt,WR,BAL,23,74,215,Indiana,13,2003-05-28,0,True,Active,,,4,WR4,201,0.0,0.0,0.0,0.0,0.0,0.0,0.0,0.0,0.0,0.0,0.0,0.0,0.0,0.0,0.0,0.0,0.0,0.0,0.0,0.0,0.0,0.0,0.0,0.0,0.0,0.0,348,170.1,1,0,982,,,170.1,,,312
960,220,RB bench,,5170,Phillip Lindsay,RB,FA,28,68,190,Colorado,30,1994-07-24,4,False,Active,,,,,615,0.0,0.0,0.0,0.0,0.0,0.0,0.0,0.0,0.0,0.0,0.0,0.0,0.0,0.0,0.0,0.0,0.0,0.0,0.0,0.0,0.0,0.0,0.0,0.0,0.0,0.0,220,,0,,,,,,,,
961,198,TE bench,,6146,Kaden Smith,TE,FA,26,77,249,Stanford,45,1997-04-24,4,False,Inactive,,,,,288,0.0,0.0,0.0,0.0,0.0,0.0,0.0,0.0,0.0,0.0,0.0,0.0,0.0,0.0,0.0,0.0,0.0,0.0,0.0,0.0,0.0,0.0,0.0,0.0,0.0,0.0,198,,0,,,,,,,,
962,199,TE bench,,7162,Ryan Becker,TE,FA,24,77,248,SMU,80,1997-12-23,2,False,Active,,,,,495,0.0,0.0,0.0,0.0,0.0,0.0,0.0,0.0,0.0,0.0,0.0,0.0,0.0,0.0,0.0,0.0,0.0,0.0,0.0,0.0,0.0,0.0,0.0,0.0,0.0,0.0,199,,0,,,,,,,,
963,349,WR bench,,6358,Kahlil Lewis,WR,FA,24,72,195,Cincinnati,0,1997-08-31,3,False,Active,,,,,9999999,0.0,0.0,0.0,0.0,0.0,0.0,0.0,0.0,0.0,0.0,0.0,0.0,0.0,0.0,0.0,0.0,0.0,0.0,0.0,0.0,0.0,0.0,0.0,0.0,0.0,0.0,349,,0,,,,,,,,
964,221,RB bench,,3531,Marshaun Coprich,RB,FA,30,69,205,Illinois State,0,1994-08-10,9,False,Active,,,,,9999999,0.0,0.0,0.0,0.0,0.0,0.0,0.0,0.0,0.0,0.0,0.0,0.0,0.0,0.0,0.0,0.0,0.0,0.0,0.0,0.0,0.0,0.0,0.0,0.0,0.0,0.0,221,,0,,,,,,,,
965,350,WR bench,,12276,RJ Mobley,WR,FA,,75,210,Winston-Salem State,,,1,False,Active,,,,,9999999,0.0,0.0,0.0,0.0,0.0,0.0,0.0,0.0,0.0,0.0,0.0,0.0,0.0,0.0,0.0,0.0,0.0,0.0,0.0,0.0,0.0,0.0,0.0,0.0,0.0,0.0,350,,0,,,,,,,,
966,222,RB bench,,5004,Ito Smith,RB,DAL,26,69,195,Southern Miss,43,1995-09-11,4,False,Active,,,,,9999999,0.0,0.0,0.0,0.0,0.0,0.0,0.0,0.0,0.0,0.0,0.0,0.0,0.0,0.0,0.0,0.0,0.0,0.0,0.0,0.0,0.0,0.0,0.0,0.0,0.0,0.0,222,,0,,,,,,,,
967,223,RB bench,,4923,Rushel Shell,RB,FA,28,70,225,West Virginia,0,1993-09-07,5,False,Active,,,,,9999999,0.0,0.0,0.0,0.0,0.0,0.0,0.0,0.0,0.0,0.0,0.0,0.0,0.0,0.0,0.0,0.0,0.0,0.0,0.0,0.0,0.0,0.0,0.0,0.0,0.0,0.0,223,,0,,,,,,,,
968,224,RB bench,,12356,Jabari Small,RB,DET,25,71,208,Tennessee,26,2001-01-31,2,False,Active,,,4,RB4,999,0.0,0.0,0.0,0.0,0.0,0.0,0.0,0.0,0.0,0.0,0.0,0.0,0.0,0.0,0.0,0.0,0.0,0.0,0.0,0.0,0.0,0.0,0.0,0.0,0.0,0.0,224,,0,,,,,,,,
1062,391,WR depth,,13826,Caullin Lacy,WR,NYJ,24,69,183,Louisville,35,2001-12-22,0,True,Active,,,,,9999999,0.0,0.0,0.0,0.0,0.0,0.0,0.0,0.0,0.0,0.0,0.0,0.0,0.0,0.0,0.0,0.0,0.0,0.0,0.0,0.0,0.0,0.0,0.0,0.0,0.0,0.0,351,,0,,,,,,,,
970,108,QB bench,,2450,Brett Hundley,QB,FA,29,75,229,UCLA,5,1993-06-15,8,False,Active,,,,,254,0.0,0.0,0.0,0.0,0.0,0.0,0.0,0.0,0.0,0.0,0.0,0.0,0.0,0.0,0.0,0.0,0.0,0.0,0.0,0.0,0.0,0.0,0.0,0.0,0.0,0.0,108,,0,,,,,,,,
971,225,RB bench,,4797,Josh Rounds,RB,FA,28,72,205,Tulane,37,1993-10-11,5,False,Active,,,,,9999999,0.0,0.0,0.0,0.0,0.0,0.0,0.0,0.0,0.0,0.0,0.0,0.0,0.0,0.0,0.0,0.0,0.0,0.0,0.0,0.0,0.0,0.0,0.0,0.0,0.0,0.0,225,,0,,,,,,,,
1063,392,WR depth,,13905,Omari Evans,WR,KC,22,72,195,Washington,7,2003-12-31,0,True,Active,,,,,9999999,0.0,0.0,0.0,0.0,0.0,0.0,0.0,0.0,0.0,0.0,0.0,0.0,0.0,0.0,0.0,0.0,0.0,0.0,0.0,0.0,0.0,0.0,0.0,0.0,0.0,0.0,352,,0,,,,,,,,
973,57,K bench,,7515,Sergio Castillo,K,FA,31,71,195,West Texas A&amp;M,6,1990-11-01,8,False,Active,,,,K1,,0.0,0.0,0.0,0.0,0.0,0.0,0.0,0.0,0.0,0.0,0.0,0.0,0.0,0.0,0.0,0.0,0.0,0.0,0.0,0.0,0.0,0.0,0.0,0.0,0.0,0.0,57,,0,,,,,,,,
1064,243,RB depth,,13284,Dylan Devezin,RB,FA,,74,216,,,,0,True,Active,,,,,,0.0,0.0,0.0,0.0,0.0,0.0,0.0,0.0,0.0,0.0,0.0,0.0,0.0,0.0,0.0,0.0,0.0,0.0,0.0,0.0,0.0,0.0,0.0,0.0,0.0,0.0,226,,0,,,,,,,,
975,58,K bench,,7105,Ramiz Ahmed,K,FA,29,72,193,Nevada,3,1995-07-27,4,False,Active,,,,K1,552,0.0,0.0,0.0,0.0,0.0,0.0,0.0,0.0,0.0,0.0,0.0,0.0,0.0,0.0,0.0,0.0,0.0,0.0,0.0,0.0,0.0,0.0,0.0,0.0,0.0,0.0,58,,0,,,,,,,,
1065,244,RB depth,,7097,Tra Barnett,RB,FA,23,"5'10""",200,Georgia State,,1997-09-14,0,True,Inactive,NA,,,,9999999,0.0,0.0,0.0,0.0,0.0,0.0,0.0,0.0,0.0,0.0,0.0,0.0,0.0,0.0,0.0,0.0,0.0,0.0,0.0,0.0,0.0,0.0,0.0,0.0,0.0,0.0,227,,0,,,,,,,,
654,139,RB depth,,7561,Elijah Mitchell,RB,PHI,28,70,200,Louisiana,38,1998-05-02,5,False,Active,,,3,RB3,999,1.0,0.0,0.0,0.0,0.0,0.0,0.0,0.0,0.0,0.0,1.0,0.0,0.0,0.0,0.0,0.0,0.0,0.0,0.0,0.0,0.0,0.0,0.0,0.0,0.0,0.0,228,170.0,1,0,560,,,170.0,,,-111
978,109,QB bench,,7376,Case Cookus,QB,FA,27,76,205,Northern Arizona,14,1995-10-06,3,False,Active,,,,,9999999,0.0,0.0,0.0,0.0,0.0,0.0,0.0,0.0,0.0,0.0,0.0,0.0,0.0,0.0,0.0,0.0,0.0,0.0,0.0,0.0,0.0,0.0,0.0,0.0,0.0,0.0,109,,0,,,,,,,,
979,353,WR bench,,5129,Adonis Jennings,WR,FA,26,75,205,Temple,13,1995-12-31,4,False,Active,,,,,9999999,0.0,0.0,0.0,0.0,0.0,0.0,0.0,0.0,0.0,0.0,0.0,0.0,0.0,0.0,0.0,0.0,0.0,0.0,0.0,0.0,0.0,0.0,0.0,0.0,0.0,0.0,353,,0,,,,,,,,
980,354,WR bench,,5828,Diontae Spencer,WR,FA,31,68,170,McNeese State,14,1992-03-19,9,False,Inactive,,,,,384,0.0,0.0,0.0,0.0,0.0,0.0,0.0,0.0,0.0,0.0,0.0,0.0,0.0,0.0,0.0,0.0,0.0,0.0,0.0,0.0,0.0,0.0,0.0,0.0,0.0,0.0,354,,0,,,,,,,,
981,229,RB bench,,3209,Devontae Booker,RB,FA,29,71,219,Utah,28,1992-05-27,6,False,Active,,,,,408,0.0,0.0,0.0,0.0,0.0,0.0,0.0,0.0,0.0,0.0,0.0,0.0,0.0,0.0,0.0,0.0,0.0,0.0,0.0,0.0,0.0,0.0,0.0,0.0,0.0,0.0,229,,0,,,,,,,,
1066,393,WR depth,,13440,Damien Alford,WR,FA,25,78,224,Utah,85,2001-04-06,0,True,Active,Questionable,,,,9999999,0.0,0.0,0.0,0.0,0.0,0.0,0.0,0.0,0.0,0.0,0.0,0.0,0.0,0.0,0.0,0.0,0.0,0.0,0.0,0.0,0.0,0.0,0.0,0.0,0.0,0.0,355,,0,,,,,,,,
983,356,WR bench,,8409,Tyler Snead,WR,FA,22,67,174,East Carolina,0,2000-02-01,1,False,Active,,,,,9999999,0.0,0.0,0.0,0.0,0.0,0.0,0.0,0.0,0.0,0.0,0.0,0.0,0.0,0.0,0.0,0.0,0.0,0.0,0.0,0.0,0.0,0.0,0.0,0.0,0.0,0.0,356,,0,,,,,,,,
984,110,QB bench,,12898,Seth Henigan,QB,FA,23,75,215,Memphis,4,2003-03-10,1,False,Active,,,,,999,0.0,0.0,0.0,0.0,0.0,0.0,0.0,0.0,0.0,0.0,0.0,0.0,0.0,0.0,0.0,0.0,0.0,0.0,0.0,0.0,0.0,0.0,0.0,0.0,0.0,0.0,110,,0,,,,,,,,
655,51,K depth,,1348,Dustin Hopkins,K,FA,34,74,210,Florida State,7,1990-10-01,12,False,Active,,,,K1,482,0.0,0.0,0.0,0.0,0.0,0.0,0.0,0.0,0.0,0.0,0.0,0.0,0.0,16.0,72.0,4.5,0.0,0.0,0.0,0.0,0.0,0.0,0.0,0.0,0.0,0.0,59,170.0,1,0,500,,,170.0,,,-172
1067,206,TE depth,,456,Deon Butler,TE,FA,31,"6'3""",239,Penn State,3,1986-01-04,0,True,Inactive,,,,,9999999,0.0,0.0,0.0,0.0,0.0,0.0,0.0,0.0,0.0,0.0,0.0,0.0,0.0,0.0,0.0,0.0,0.0,0.0,0.0,0.0,0.0,0.0,0.0,0.0,0.0,0.0,200,,0,,,,,,,,
987,357,WR bench,,12950,Robert Lewis,WR,FA,23,70,188,Auburn,,2002-01-17,1,False,Active,,,,,649,0.0,0.0,0.0,0.0,0.0,0.0,0.0,0.0,0.0,0.0,0.0,0.0,0.0,0.0,0.0,0.0,0.0,0.0,0.0,0.0,0.0,0.0,0.0,0.0,0.0,0.0,357,,0,,,,,,,,
988,358,WR bench,,7458,Isaiah Zuber,WR,FA,26,72,190,Mississippi State,19,1997-04-15,3,False,Inactive,,,,,9999999,0.0,0.0,0.0,0.0,0.0,0.0,0.0,0.0,0.0,0.0,0.0,0.0,0.0,0.0,0.0,0.0,0.0,0.0,0.0,0.0,0.0,0.0,0.0,0.0,0.0,0.0,358,,0,,,,,,,,
340,68,RB depth,,13347,Demond Claiborne,RB,MIN,22,70,188,Wake Forest,21,2003-10-09,0,True,Active,,,3,RB3,176,0.0,0.0,0.0,0.0,0.0,0.0,0.0,0.0,0.0,0.0,0.0,0.0,0.0,0.0,0.0,0.0,0.0,0.0,0.0,0.0,0.0,0.0,0.0,0.0,0.0,0.0,230,169.9,2,752,626,,169.4,170.3,,,-47
1068,207,TE depth,,11591,Player Invalid,TE,FA,,,,,,,0,True,Inactive,,,,,,0.0,0.0,0.0,0.0,0.0,0.0,0.0,0.0,0.0,0.0,0.0,0.0,0.0,0.0,0.0,0.0,0.0,0.0,0.0,0.0,0.0,0.0,0.0,0.0,0.0,0.0,201,,0,,,,,,,,
656,228,WR depth,,12475,Ricky White,WR,SEA,24,73,181,UNLV,86,2002-02-06,1,False,Active,,,7,WR7,999,2.0,0.0,0.0,0.0,0.0,0.0,0.0,0.0,0.0,0.0,0.0,0.0,0.0,0.0,0.0,0.0,0.0,0.0,0.0,0.0,0.0,0.0,0.0,0.0,0.0,0.0,359,170.0,1,0,488,,,170.0,,,-186
992,231,RB bench,,11060,Robert Burns,RB,FA,26,71,222,UConn,39,1998-09-25,2,False,Active,,,,,9999999,0.0,0.0,0.0,0.0,0.0,0.0,0.0,0.0,0.0,0.0,0.0,0.0,0.0,0.0,0.0,0.0,0.0,0.0,0.0,0.0,0.0,0.0,0.0,0.0,0.0,0.0,231,,0,,,,,,,,
657,130,TE depth,,7427,Tyler Mabry,TE,FA,28,75,247,Maryland,43,1996-11-21,5,False,Inactive,Questionable,,,,378,0.0,0.0,0.0,0.0,0.0,0.0,0.0,0.0,0.0,0.0,0.0,0.0,0.0,2.0,0.0,0.0,0.0,0.0,0.0,0.0,0.0,0.0,0.0,0.0,0.0,0.0,202,170.0,1,0,841,,,170.0,,,166
994,203,TE bench,,515,Rob Gronkowski,TE,FA,32,78,265,Arizona,87,1989-05-14,12,False,Active,,,,,118,0.0,0.0,0.0,0.0,0.0,0.0,0.0,0.0,0.0,0.0,0.0,0.0,0.0,0.0,0.0,0.0,0.0,0.0,0.0,0.0,0.0,0.0,0.0,0.0,0.0,0.0,203,,0,,,,,,,,
1069,208,TE depth,,13331,Dae'Quan Wright,TE,PHI,22,76,246,Ole Miss,45,2003-09-21,0,True,Active,,,,,999,0.0,0.0,0.0,0.0,0.0,0.0,0.0,0.0,0.0,0.0,0.0,0.0,0.0,0.0,0.0,0.0,0.0,0.0,0.0,0.0,0.0,0.0,0.0,0.0,0.0,0.0,204,,0,,,,,,,,
996,360,WR bench,,5941,Felton Davis,WR,FA,24,75,211,Michigan State,80,1997-02-25,3,False,Active,,,,,9999999,0.0,0.0,0.0,0.0,0.0,0.0,0.0,0.0,0.0,0.0,0.0,0.0,0.0,0.0,0.0,0.0,0.0,0.0,0.0,0.0,0.0,0.0,0.0,0.0,0.0,0.0,360,,0,,,,,,,,
997,232,RB bench,,6068,Devine Ozigbo,RB,FA,27,72,225,Nebraska,33,1996-10-02,4,False,Active,,,,,9999999,0.0,0.0,0.0,0.0,0.0,0.0,0.0,0.0,0.0,0.0,0.0,0.0,0.0,0.0,0.0,0.0,0.0,0.0,0.0,0.0,0.0,0.0,0.0,0.0,0.0,0.0,232,,0,,,,,,,,
998,111,QB bench,,12965,Ethan Garbers,QB,FA,23,74,207,UCLA,,2002-07-28,1,False,Active,,,,,9999999,0.0,0.0,0.0,0.0,0.0,0.0,0.0,0.0,0.0,0.0,0.0,0.0,0.0,0.0,0.0,0.0,0.0,0.0,0.0,0.0,0.0,0.0,0.0,0.0,0.0,0.0,111,,0,,,,,,,,
999,205,TE bench,,5733,Clayton Wilson,TE,FA,27,76,240,Northwest Missouri State,86,1994-08-01,4,False,Active,,,,,9999999,0.0,0.0,0.0,0.0,0.0,0.0,0.0,0.0,0.0,0.0,0.0,0.0,0.0,0.0,0.0,0.0,0.0,0.0,0.0,0.0,0.0,0.0,0.0,0.0,0.0,0.0,205,,0,,,,,,,,
1070,133,QB depth,,7102,Mason Fine,QB,FA,23,"5'11""",190,North Texas,,1997-04-19,0,True,Inactive,NA,,,,9999999,0.0,0.0,0.0,0.0,0.0,0.0,0.0,0.0,0.0,0.0,0.0,0.0,0.0,0.0,0.0,0.0,0.0,0.0,0.0,0.0,0.0,0.0,0.0,0.0,0.0,0.0,112,,0,,,,,,,,
1071,134,QB depth,,8430,Player Invalid,QB,FA,,,,,,,0,True,Inactive,,,,,,0.0,0.0,0.0,0.0,0.0,0.0,0.0,0.0,0.0,0.0,0.0,0.0,0.0,0.0,0.0,0.0,0.0,0.0,0.0,0.0,0.0,0.0,0.0,0.0,0.0,0.0,113,,0,,,,,,,,
1002,206,TE bench,,6018,Zach Gentry,TE,FA,27,80,265,Michigan,88,1996-09-10,5,False,Active,,,,,486,0.0,0.0,0.0,0.0,0.0,0.0,0.0,0.0,0.0,0.0,0.0,0.0,0.0,0.0,0.0,0.0,0.0,0.0,0.0,0.0,0.0,0.0,0.0,0.0,0.0,0.0,206,,0,,,,,,,,
1003,361,WR bench,,4289,Ishmael Zamora,WR,FA,26,76,226,Baylor,8,1995-11-26,5,False,Active,,,,,9999999,0.0,0.0,0.0,0.0,0.0,0.0,0.0,0.0,0.0,0.0,0.0,0.0,0.0,0.0,0.0,0.0,0.0,0.0,0.0,0.0,0.0,0.0,0.0,0.0,0.0,0.0,361,,0,,,,,,,,
1004,207,TE bench,,6586,Moral Stephens,TE,FA,,76,247,Florida,88,,3,False,Active,,,,,9999999,0.0,0.0,0.0,0.0,0.0,0.0,0.0,0.0,0.0,0.0,0.0,0.0,0.0,0.0,0.0,0.0,0.0,0.0,0.0,0.0,0.0,0.0,0.0,0.0,0.0,0.0,207,,0,,,,,,,,
1005,233,RB bench,,5569,Johnny Stanton,RB,FA,27,74,240,UNLV,40,1994-09-07,4,False,Active,,,,,625,0.0,0.0,0.0,0.0,0.0,0.0,0.0,0.0,0.0,0.0,0.0,0.0,0.0,0.0,0.0,0.0,0.0,0.0,0.0,0.0,0.0,0.0,0.0,0.0,0.0,0.0,233,,0,,,,,,,,
1006,234,RB bench,,5138,Martez Carter,RB,FA,28,69,205,Grambling,22,1993-03-08,4,False,Active,,,,,9999999,0.0,0.0,0.0,0.0,0.0,0.0,0.0,0.0,0.0,0.0,0.0,0.0,0.0,0.0,0.0,0.0,0.0,0.0,0.0,0.0,0.0,0.0,0.0,0.0,0.0,0.0,234,,0,,,,,,,,
1072,394,WR depth,,14049,Brandon Hayes,WR,PHI,,74,205,,47,,0,True,Active,,,,,9999999,0.0,0.0,0.0,0.0,0.0,0.0,0.0,0.0,0.0,0.0,0.0,0.0,0.0,0.0,0.0,0.0,0.0,0.0,0.0,0.0,0.0,0.0,0.0,0.0,0.0,0.0,362,,0,,,,,,,,
1008,235,RB bench,,13080,Deion Hankins,RB,FA,25,71,226,Texas State,36,2000-09-13,1,False,Active,,,,,9999999,0.0,0.0,0.0,0.0,0.0,0.0,0.0,0.0,0.0,0.0,0.0,0.0,0.0,0.0,0.0,0.0,0.0,0.0,0.0,0.0,0.0,0.0,0.0,0.0,0.0,0.0,235,,0,,,,,,,,
1009,363,WR bench,,1149,Alshon Jeffery,WR,FA,31,75,218,South Carolina,17,1990-02-14,10,False,Active,,,,,161,0.0,0.0,0.0,0.0,0.0,0.0,0.0,0.0,0.0,0.0,0.0,0.0,0.0,0.0,0.0,0.0,0.0,0.0,0.0,0.0,0.0,0.0,0.0,0.0,0.0,0.0,363,,0,,,,,,,,
1010,364,WR bench,,6663,Micah Wright,WR,FA,,72,195,Maine,0,,3,False,Active,,,,,9999999,0.0,0.0,0.0,0.0,0.0,0.0,0.0,0.0,0.0,0.0,0.0,0.0,0.0,0.0,0.0,0.0,0.0,0.0,0.0,0.0,0.0,0.0,0.0,0.0,0.0,0.0,364,,0,,,,,,,,
658,84,QB depth,,7583,Sam Ehlinger,QB,DEN,27,73,222,Texas,4,1998-09-30,5,False,Active,,,3,QB3,999,0.0,0.0,0.0,0.0,0.0,0.0,0.0,0.0,0.0,0.0,0.0,0.0,0.0,0.0,0.0,0.0,0.0,0.0,0.0,0.0,0.0,0.0,0.0,0.0,0.0,0.0,114,170.0,1,0,563,,,170.0,,,-113
1073,395,WR depth,,11622,Player Invalid,WR,FA,,,,,,,0,True,Inactive,,,,,,0.0,0.0,0.0,0.0,0.0,0.0,0.0,0.0,0.0,0.0,0.0,0.0,0.0,0.0,0.0,0.0,0.0,0.0,0.0,0.0,0.0,0.0,0.0,0.0,0.0,0.0,365,,0,,,,,,,,
1013,236,RB bench,,6637,Nico Evans,RB,FA,25,69,211,Wyoming,0,1996-05-31,3,False,Active,,,,,9999999,0.0,0.0,0.0,0.0,0.0,0.0,0.0,0.0,0.0,0.0,0.0,0.0,0.0,0.0,0.0,0.0,0.0,0.0,0.0,0.0,0.0,0.0,0.0,0.0,0.0,0.0,236,,0,,,,,,,,
1014,115,QB bench,,2903,Shane Carden,QB,FA,33,74,221,East Carolina,0,1991-11-06,10,False,Active,,,,,9999999,0.0,0.0,0.0,0.0,0.0,0.0,0.0,0.0,0.0,0.0,0.0,0.0,0.0,0.0,0.0,0.0,0.0,0.0,0.0,0.0,0.0,0.0,0.0,0.0,0.0,0.0,115,,0,,,,,,,,
1015,116,QB bench,,7156,J'Mar Smith,QB,FA,25,73,218,Louisiana Tech,0,1996-09-24,2,False,Active,,,,,9999999,0.0,0.0,0.0,0.0,0.0,0.0,0.0,0.0,0.0,0.0,0.0,0.0,0.0,0.0,0.0,0.0,0.0,0.0,0.0,0.0,0.0,0.0,0.0,0.0,0.0,0.0,116,,0,,,,,,,,
659,140,RB depth,,5284,Jeff Wilson,RB,FA,30,72,205,North Texas,34,1995-11-16,8,False,Active,,,,,623,3.0,0.0,0.0,0.0,0.0,0.0,0.0,0.0,0.0,0.0,0.0,0.0,0.0,9.0,10.6,1.18,0.0,0.0,0.0,16.0,57.0,0.0,3.0,3.0,19.0,0.0,237,170.0,1,0,932,,,170.0,,,255
1017,208,TE bench,,13129,Jermaine Terry,TE,FA,,76,245,Oregon State,,,1,False,Active,,,,,452,0.0,0.0,0.0,0.0,0.0,0.0,0.0,0.0,0.0,0.0,0.0,0.0,0.0,0.0,0.0,0.0,0.0,0.0,0.0,0.0,0.0,0.0,0.0,0.0,0.0,0.0,208,,0,,,,,,,,
1074,245,RB depth,,13438,DeaMonte Trayanum,RB,NYJ,24,70,224,Toledo,40,2002-01-02,0,True,Active,,,6,RB6,9999999,0.0,0.0,0.0,0.0,0.0,0.0,0.0,0.0,0.0,0.0,0.0,0.0,0.0,0.0,0.0,0.0,0.0,0.0,0.0,0.0,0.0,0.0,0.0,0.0,0.0,0.0,238,,0,,,,,,,,
1019,366,WR bench,,4445,Keon Hatcher,WR,FA,27,73,215,Arkansas,14,1994-09-11,5,False,Active,,,,,9999999,0.0,0.0,0.0,0.0,0.0,0.0,0.0,0.0,0.0,0.0,0.0,0.0,0.0,0.0,0.0,0.0,0.0,0.0,0.0,0.0,0.0,0.0,0.0,0.0,0.0,0.0,366,,0,,,,,,,,
1020,367,WR bench,,6380,Davion Davis,WR,FA,27,71,195,Sam Houston,84,1996-10-23,5,False,Active,,,,,999,0.0,0.0,0.0,0.0,0.0,0.0,0.0,0.0,0.0,0.0,0.0,0.0,0.0,0.0,0.0,0.0,0.0,0.0,0.0,0.0,0.0,0.0,0.0,0.0,0.0,0.0,367,,0,,,,,,,,
1021,368,WR bench,,3762,Brandon Shippen,WR,FA,27,71,191,Temple,12,1994-05-17,6,False,Active,,,,,9999999,0.0,0.0,0.0,0.0,0.0,0.0,0.0,0.0,0.0,0.0,0.0,0.0,0.0,0.0,0.0,0.0,0.0,0.0,0.0,0.0,0.0,0.0,0.0,0.0,0.0,0.0,368,,0,,,,,,,,
1022,209,TE bench,,4744,Barrett Burns,TE,BAL,23,"6'4""",250,Appalachian State,0,1994-03-16,1,False,Active,,,,,9999999,0.0,0.0,0.0,0.0,0.0,0.0,0.0,0.0,0.0,0.0,0.0,0.0,0.0,0.0,0.0,0.0,0.0,0.0,0.0,0.0,0.0,0.0,0.0,0.0,0.0,0.0,209,,0,,,,,,,,
1023,369,WR bench,,5289,Cameron Batson,WR,FA,27,68,175,Texas Tech,16,1995-12-20,4,False,Active,,,,,9999999,0.0,0.0,0.0,0.0,0.0,0.0,0.0,0.0,0.0,0.0,0.0,0.0,0.0,0.0,0.0,0.0,0.0,0.0,0.0,0.0,0.0,0.0,0.0,0.0,0.0,0.0,369,,0,,,,,,,,
1075,209,TE depth,,11602,Player Invalid,TE,FA,,,,,,,0,True,Inactive,,,,,,0.0,0.0,0.0,0.0,0.0,0.0,0.0,0.0,0.0,0.0,0.0,0.0,0.0,0.0,0.0,0.0,0.0,0.0,0.0,0.0,0.0,0.0,0.0,0.0,0.0,0.0,210,,0,,,,,,,,
1025,370,WR bench,,6019,Johnnie Dixon,WR,FA,27,71,198,Ohio State,0,1994-09-16,3,False,Active,,,,,9999999,0.0,0.0,0.0,0.0,0.0,0.0,0.0,0.0,0.0,0.0,0.0,0.0,0.0,0.0,0.0,0.0,0.0,0.0,0.0,0.0,0.0,0.0,0.0,0.0,0.0,0.0,370,,0,,,,,,,,
1026,371,WR bench,,2583,Tyrell Williams,WR,FA,29,76,210,Western Oregon,0,1992-02-12,7,False,Active,,,,,198,0.0,0.0,0.0,0.0,0.0,0.0,0.0,0.0,0.0,0.0,0.0,0.0,0.0,0.0,0.0,0.0,0.0,0.0,0.0,0.0,0.0,0.0,0.0,0.0,0.0,0.0,371,,0,,,,,,,,
1027,211,TE bench,,8575,Erik Krommenhoek,TE,FA,,77,245,USC,0,,1,False,Active,,,,,9999999,0.0,0.0,0.0,0.0,0.0,0.0,0.0,0.0,0.0,0.0,0.0,0.0,0.0,0.0,0.0,0.0,0.0,0.0,0.0,0.0,0.0,0.0,0.0,0.0,0.0,0.0,211,,0,,,,,,,,
1028,372,WR bench,,12810,Elijhah Badger,WR,FA,24,73,192,Florida,,2001-08-15,1,False,Active,,,,,658,0.0,0.0,0.0,0.0,0.0,0.0,0.0,0.0,0.0,0.0,0.0,0.0,0.0,0.0,0.0,0.0,0.0,0.0,0.0,0.0,0.0,0.0,0.0,0.0,0.0,0.0,372,,0,,,,,,,,
1029,373,WR bench,,1071,Mohamed Sanu,WR,FA,33,74,210,Rutgers,16,1989-08-22,10,False,Active,,,,,578,0.0,0.0,0.0,0.0,0.0,0.0,0.0,0.0,0.0,0.0,0.0,0.0,0.0,0.0,0.0,0.0,0.0,0.0,0.0,0.0,0.0,0.0,0.0,0.0,0.0,0.0,373,,0,,,,,,,,
1030,212,TE bench,,12435,Geor'Quarius Spivey,TE,FA,25,77,245,Mississippi State,45,1999-10-06,1,False,Active,,,,,408,0.0,0.0,0.0,0.0,0.0,0.0,0.0,0.0,0.0,0.0,0.0,0.0,0.0,0.0,0.0,0.0,0.0,0.0,0.0,0.0,0.0,0.0,0.0,0.0,0.0,0.0,212,,0,,,,,,,,
1076,396,WR depth,,13916,Xavier Loyd,WR,KC,23,74,196,Missouri,17,2003-03-11,0,True,Active,,,,,9999999,0.0,0.0,0.0,0.0,0.0,0.0,0.0,0.0,0.0,0.0,0.0,0.0,0.0,0.0,0.0,0.0,0.0,0.0,0.0,0.0,0.0,0.0,0.0,0.0,0.0,0.0,374,,0,,,,,,,,
1032,375,WR bench,,4200,DeAngelo Yancey,WR,FA,27,73,220,Purdue,18,1994-11-18,5,False,Active,,,,,9999999,0.0,0.0,0.0,0.0,0.0,0.0,0.0,0.0,0.0,0.0,0.0,0.0,0.0,0.0,0.0,0.0,0.0,0.0,0.0,0.0,0.0,0.0,0.0,0.0,0.0,0.0,375,,0,,,,,,,,
660,229,WR depth,,3225,Tyler Boyd,WR,FA,30,74,203,Pittsburgh,83,1994-11-15,9,False,Active,,,,,243,0.0,0.0,0.0,0.0,0.0,0.0,0.0,0.0,0.0,0.0,0.0,0.0,0.0,16.0,78.3,4.89,0.0,0.0,0.0,1.0,3.0,0.0,39.0,57.0,390.0,0.0,376,170.0,1,0,942,,,170.0,,,264
1077,397,WR depth,,3922,Montario Hunter,WR,FA,26,"5'11""",192,Elizabeth City State,83,1991-11-23,0,True,Inactive,,,,,9999999,0.0,0.0,0.0,0.0,0.0,0.0,0.0,0.0,0.0,0.0,0.0,0.0,0.0,0.0,0.0,0.0,0.0,0.0,0.0,0.0,0.0,0.0,0.0,0.0,0.0,0.0,377,,0,,,,,,,,
1035,213,TE bench,,12549,Jordan Petaia,TE,FA,25,75,227,,,2000-03-14,1,False,Active,,,,,339,0.0,0.0,0.0,0.0,0.0,0.0,0.0,0.0,0.0,0.0,0.0,0.0,0.0,0.0,0.0,0.0,0.0,0.0,0.0,0.0,0.0,0.0,0.0,0.0,0.0,0.0,213,,0,,,,,,,,
1036,214,TE bench,,6260,Jake Powell,TE,FA,25,78,230,"Monmouth, N.J.",48,1996-01-16,3,False,Active,,,,,9999999,0.0,0.0,0.0,0.0,0.0,0.0,0.0,0.0,0.0,0.0,0.0,0.0,0.0,0.0,0.0,0.0,0.0,0.0,0.0,0.0,0.0,0.0,0.0,0.0,0.0,0.0,214,,0,,,,,,,,
1078,398,WR depth,,13973,Keelan Marion,WR,ATL,26,72,195,Miami (FL),85,2000-06-22,0,True,Active,,,,,9999999,0.0,0.0,0.0,0.0,0.0,0.0,0.0,0.0,0.0,0.0,0.0,0.0,0.0,0.0,0.0,0.0,0.0,0.0,0.0,0.0,0.0,0.0,0.0,0.0,0.0,0.0,378,,0,,,,,,,,
1079,135,QB depth,,13592,Chandler Morris,QB,FA,25,72,192,Virginia,,2000-12-26,0,True,Active,,,,,9999999,0.0,0.0,0.0,0.0,0.0,0.0,0.0,0.0,0.0,0.0,0.0,0.0,0.0,0.0,0.0,0.0,0.0,0.0,0.0,0.0,0.0,0.0,0.0,0.0,0.0,0.0,117,,0,,,,,,,,
1039,379,WR bench,,7874,Jeremiah Haydel,WR,FA,22,72,170,Texas State,0,1999-03-25,1,False,Active,,,,,,0.0,0.0,0.0,0.0,0.0,0.0,0.0,0.0,0.0,0.0,0.0,0.0,0.0,0.0,0.0,0.0,0.0,0.0,0.0,0.0,0.0,0.0,0.0,0.0,0.0,0.0,379,,0,,,,,,,,
1040,118,QB bench,,2119,James Franklin,QB,FA,34,74,230,Missouri,0,1991-07-23,12,False,Active,,,,,9999999,0.0,0.0,0.0,0.0,0.0,0.0,0.0,0.0,0.0,0.0,0.0,0.0,0.0,0.0,0.0,0.0,0.0,0.0,0.0,0.0,0.0,0.0,0.0,0.0,0.0,0.0,118,,0,,,,,,,,
1041,380,WR bench,,11191,Justin Marshall,WR,FA,24,74,227,Buffalo,18,1999-07-23,1,False,Active,,,,,9999999,0.0,0.0,0.0,0.0,0.0,0.0,0.0,0.0,0.0,0.0,0.0,0.0,0.0,0.0,0.0,0.0,0.0,0.0,0.0,0.0,0.0,0.0,0.0,0.0,0.0,0.0,380,,0,,,,,,,,
1042,239,RB bench,,7093,Adrian Killins,RB,DEN,24,68,164,UCF,17,1998-01-02,2,False,Inactive,,,,,9999999,0.0,0.0,0.0,0.0,0.0,0.0,0.0,0.0,0.0,0.0,0.0,0.0,0.0,0.0,0.0,0.0,0.0,0.0,0.0,0.0,0.0,0.0,0.0,0.0,0.0,0.0,239,,0,,,,,,,,
1043,381,WR bench,,12360,Latreal Jones,WR,FA,26,73,195,Southern Miss,,1999-01-13,1,False,Active,,,,,9999999,0.0,0.0,0.0,0.0,0.0,0.0,0.0,0.0,0.0,0.0,0.0,0.0,0.0,0.0,0.0,0.0,0.0,0.0,0.0,0.0,0.0,0.0,0.0,0.0,0.0,0.0,381,,0,,,,,,,,
1044,119,QB bench,,24,Matt Ryan,QB,FA,37,76,220,Boston College,2,1985-05-17,15,False,Active,,,,,328,0.0,0.0,0.0,0.0,0.0,0.0,0.0,0.0,0.0,0.0,0.0,0.0,0.0,0.0,0.0,0.0,0.0,0.0,0.0,0.0,0.0,0.0,0.0,0.0,0.0,0.0,119,,0,,,,,,,,
1045,240,RB bench,,2257,Carlos Hyde,RB,FA,31,72,229,Ohio State,24,1990-09-20,8,False,Active,,,,,462,0.0,0.0,0.0,0.0,0.0,0.0,0.0,0.0,0.0,0.0,0.0,0.0,0.0,0.0,0.0,0.0,0.0,0.0,0.0,0.0,0.0,0.0,0.0,0.0,0.0,0.0,240,,0,,,,,,,,
1046,382,WR bench,,8236,Jerreth Sterns,WR,FA,23,69,195,Western Kentucky,9,1999-07-01,1,False,Active,,,,,440,0.0,0.0,0.0,0.0,0.0,0.0,0.0,0.0,0.0,0.0,0.0,0.0,0.0,0.0,0.0,0.0,0.0,0.0,0.0,0.0,0.0,0.0,0.0,0.0,0.0,0.0,382,,0,,,,,,,,
661,230,WR depth,,11099,Kearis Jackson,WR,FA,25,71,196,Georgia,5,1999-12-09,2,False,Active,,,,,9999999,0.0,0.0,0.0,0.0,0.0,0.0,0.0,0.0,0.0,0.0,0.0,0.0,0.0,0.0,0.0,0.0,0.0,0.0,0.0,0.0,0.0,0.0,0.0,0.0,0.0,0.0,383,170.0,1,0,859,,,170.0,,,180
1048,120,QB bench,,5263,Chase Litton,QB,FA,26,77,230,Marshall,14,1995-10-05,4,False,Active,,,,,9999999,0.0,0.0,0.0,0.0,0.0,0.0,0.0,0.0,0.0,0.0,0.0,0.0,0.0,0.0,0.0,0.0,0.0,0.0,0.0,0.0,0.0,0.0,0.0,0.0,0.0,0.0,120,,0,,,,,,,,
662,131,TE depth,,9483,Zack Kuntz,TE,FA,27,80,251,Old Dominion,36,1999-06-06,3,False,Active,,,,,9999999,0.0,0.0,0.0,0.0,0.0,0.0,0.0,0.0,0.0,0.0,0.0,0.0,0.0,1.0,0.0,0.0,0.0,0.0,0.0,0.0,0.0,0.0,0.0,0.0,0.0,0.0,215,170.0,1,0,508,,,170.0,,,-172
1080,210,TE depth,,13342,John Michael Gyllenborg,TE,KC,23,77,251,Wyoming,84,2002-08-07,0,True,Inactive,IR,,3,TE3,999,0.0,0.0,0.0,0.0,0.0,0.0,0.0,0.0,0.0,0.0,0.0,0.0,0.0,0.0,0.0,0.0,0.0,0.0,0.0,0.0,0.0,0.0,0.0,0.0,0.0,0.0,216,,0,,,,,,,,
1051,384,WR bench,,5283,Ka'Raun White,WR,FA,28,73,199,West Virginia,13,1993-07-04,4,False,Active,,,,,9999999,0.0,0.0,0.0,0.0,0.0,0.0,0.0,0.0,0.0,0.0,0.0,0.0,0.0,0.0,0.0,0.0,0.0,0.0,0.0,0.0,0.0,0.0,0.0,0.0,0.0,0.0,384,,0,,,,,,,,
1052,385,WR bench,,7956,Cade Johnson,WR,FA,26,70,184,South Dakota State,88,1998-04-10,3,False,Active,,,,,562,0.0,0.0,0.0,0.0,0.0,0.0,0.0,0.0,0.0,0.0,0.0,0.0,0.0,0.0,0.0,0.0,0.0,0.0,0.0,0.0,0.0,0.0,0.0,0.0,0.0,0.0,385,,0,,,,,,,,
1081,399,WR depth,,13136,Redd Douglas,WR,FA,,71,200,Findlay,,,0,True,Active,,,,,9999999,0.0,0.0,0.0,0.0,0.0,0.0,0.0,0.0,0.0,0.0,0.0,0.0,0.0,0.0,0.0,0.0,0.0,0.0,0.0,0.0,0.0,0.0,0.0,0.0,0.0,0.0,386,,0,,,,,,,,
341,48,TE depth,,11592,Erick All,TE,CIN,25,77,255,Iowa,83,2000-09-13,2,False,Active,,,2,TE2,999,0.0,0.0,0.0,0.0,0.0,0.0,0.0,0.0,0.0,0.0,0.0,0.0,0.0,9.0,35.8,3.98,0.0,0.0,0.0,0.0,0.0,0.0,20.0,22.0,158.0,0.0,217,169.9,1,0,327,,,169.9,,,-354
1055,218,TE bench,,11224,Griffin Hebert,TE,FA,25,73,239,Louisiana Tech,46,1999-04-02,1,False,Active,,,,,494,0.0,0.0,0.0,0.0,0.0,0.0,0.0,0.0,0.0,0.0,0.0,0.0,0.0,0.0,0.0,0.0,0.0,0.0,0.0,0.0,0.0,0.0,0.0,0.0,0.0,0.0,218,,0,,,,,,,,
1082,400,WR depth,,13604,Sincere Brown,WR,LAC,,77,190,Colorado,38,,0,True,Active,,,,,9999999,0.0,0.0,0.0,0.0,0.0,0.0,0.0,0.0,0.0,0.0,0.0,0.0,0.0,0.0,0.0,0.0,0.0,0.0,0.0,0.0,0.0,0.0,0.0,0.0,0.0,0.0,387,,0,,,,,,,,
1057,388,WR bench,,12018,Sam Pinckney,WR,FA,25,76,220,Coastal Carolina,,1999-10-25,1,False,Active,,,,,335,0.0,0.0,0.0,0.0,0.0,0.0,0.0,0.0,0.0,0.0,0.0,0.0,0.0,0.0,0.0,0.0,0.0,0.0,0.0,0.0,0.0,0.0,0.0,0.0,0.0,0.0,388,,0,,,,,,,,
1058,389,WR bench,,11520,Lucky Jackson,WR,DET,29,73,185,Western Kentucky,11,1997-07-17,3,False,Active,,,6,WR6,999,0.0,0.0,0.0,0.0,0.0,0.0,0.0,0.0,0.0,0.0,0.0,0.0,0.0,0.0,0.0,0.0,0.0,0.0,0.0,0.0,0.0,0.0,0.0,0.0,0.0,0.0,389,,0,,,,,,,,
1059,390,WR bench,,2940,Des Lawrence,WR,FA,27,73,185,North Carolina,46,1994-11-30,5,False,Active,,,,,9999999,0.0,0.0,0.0,0.0,0.0,0.0,0.0,0.0,0.0,0.0,0.0,0.0,0.0,0.0,0.0,0.0,0.0,0.0,0.0,0.0,0.0,0.0,0.0,0.0,0.0,0.0,390,,0,,,,,,,,
261,29,K depth,,13833,Dominic Zvada,K,NYG,22,75,187,Michigan,34,2003-10-25,0,True,Active,,,2,K2,330,0.0,0.0,0.0,0.0,0.0,0.0,0.0,0.0,0.0,0.0,0.0,0.0,0.0,0.0,0.0,0.0,0.0,0.0,0.0,0.0,0.0,0.0,0.0,0.0,0.0,0.0,60,169.8,1,0,239,,,169.8,,,-443
1061,241,RB bench,,5663,Shane Wimann,RB,FA,27,76,250,Northern Illinois,0,1994-09-09,4,False,Inactive,,,,,9999999,0.0,0.0,0.0,0.0,0.0,0.0,0.0,0.0,0.0,0.0,0.0,0.0,0.0,0.0,0.0,0.0,0.0,0.0,0.0,0.0,0.0,0.0,0.0,0.0,0.0,0.0,241,,0,,,,,,,,
1083,211,TE depth,,14047,Heinrich Haarberg,TE,FA,23,76,237,Nebraska,40,2003-03-15,0,True,Active,,,,,9999999,0.0,0.0,0.0,0.0,0.0,0.0,0.0,0.0,0.0,0.0,0.0,0.0,0.0,0.0,0.0,0.0,0.0,0.0,0.0,0.0,0.0,0.0,0.0,0.0,0.0,0.0,219,,0,,,,,,,,
1063,121,QB bench,,6205,Brandon Silvers,QB,FA,27,75,219,Troy,0,1994-05-09,3,False,Active,,,,,9999999,0.0,0.0,0.0,0.0,0.0,0.0,0.0,0.0,0.0,0.0,0.0,0.0,0.0,0.0,0.0,0.0,0.0,0.0,0.0,0.0,0.0,0.0,0.0,0.0,0.0,0.0,121,,0,,,,,,,,
663,85,QB depth,,9998,Hendon Hooker,QB,TEN,28,75,220,Tennessee,16,1998-01-13,3,False,Active,,,4,QB4,999,0.0,0.0,0.0,0.0,0.0,0.0,0.0,0.0,0.0,0.0,0.0,0.0,0.0,3.0,2.68,0.89,62.0,0.0,0.0,5.0,2.0,0.0,0.0,0.0,0.0,0.0,122,170.0,1,0,369,,,170.0,,,-314
1065,391,WR bench,,5244,Devin Gray,WR,FA,27,72,192,Cincinnati,80,1995-06-15,4,False,Active,,,,,9999999,0.0,0.0,0.0,0.0,0.0,0.0,0.0,0.0,0.0,0.0,0.0,0.0,0.0,0.0,0.0,0.0,0.0,0.0,0.0,0.0,0.0,0.0,0.0,0.0,0.0,0.0,391,,0,,,,,,,,
664,132,TE depth,,11606,Dallin Holker,TE,FA,25,75,241,Colorado State,85,2000-04-07,1,False,Active,,,,,534,0.0,0.0,0.0,0.0,0.0,0.0,0.0,0.0,0.0,0.0,0.0,0.0,0.0,12.0,5.1,0.42,0.0,0.0,0.0,0.0,0.0,0.0,3.0,4.0,21.0,0.0,220,170.0,1,0,513,,,170.0,,,-171
1067,392,WR bench,,5137,Richie James,WR,FA,28,69,185,Middle Tennessee,17,1995-09-05,6,False,Active,,,,,461,0.0,0.0,0.0,0.0,0.0,0.0,0.0,0.0,0.0,0.0,0.0,0.0,0.0,0.0,0.0,0.0,0.0,0.0,0.0,0.0,0.0,0.0,0.0,0.0,0.0,0.0,392,,0,,,,,,,,
1068,123,QB bench,,7243,Kevin Davidson,QB,FA,24,76,225,Princeton,9,1997-08-01,2,False,Inactive,,,,,9999999,0.0,0.0,0.0,0.0,0.0,0.0,0.0,0.0,0.0,0.0,0.0,0.0,0.0,0.0,0.0,0.0,0.0,0.0,0.0,0.0,0.0,0.0,0.0,0.0,0.0,0.0,123,,0,,,,,,,,
1069,124,QB bench,,8553,Tre Ford,QB,FA,24,73,192,Waterloo (CAN),0,1998-03-30,1,False,Active,,,,,9999999,0.0,0.0,0.0,0.0,0.0,0.0,0.0,0.0,0.0,0.0,0.0,0.0,0.0,0.0,0.0,0.0,0.0,0.0,0.0,0.0,0.0,0.0,0.0,0.0,0.0,0.0,124,,0,,,,,,,,
1070,125,QB bench,,12270,Andrew Peasley,QB,FA,25,74,218,Wyoming,,2000-01-06,1,False,Active,,,,,678,0.0,0.0,0.0,0.0,0.0,0.0,0.0,0.0,0.0,0.0,0.0,0.0,0.0,0.0,0.0,0.0,0.0,0.0,0.0,0.0,0.0,0.0,0.0,0.0,0.0,0.0,125,,0,,,,,,,,
1071,393,WR bench,,12753,Jamoi Mayes,WR,FA,23,70,206,Cincinnati,,2002-08-23,1,False,Active,,,,,682,0.0,0.0,0.0,0.0,0.0,0.0,0.0,0.0,0.0,0.0,0.0,0.0,0.0,0.0,0.0,0.0,0.0,0.0,0.0,0.0,0.0,0.0,0.0,0.0,0.0,0.0,393,,0,,,,,,,,
1072,221,TE bench,,6375,Jerome Washington,TE,FA,27,76,256,Rutgers,0,1994-07-05,3,False,Active,,,,,9999999,0.0,0.0,0.0,0.0,0.0,0.0,0.0,0.0,0.0,0.0,0.0,0.0,0.0,0.0,0.0,0.0,0.0,0.0,0.0,0.0,0.0,0.0,0.0,0.0,0.0,0.0,221,,0,,,,,,,,
665,231,WR depth,,5013,Anthony Miller,WR,FA,30,71,195,Memphis,6,1994-10-09,7,False,Active,,,,,407,0.0,0.0,0.0,0.0,0.0,0.0,0.0,0.0,0.0,0.0,0.0,0.0,0.0,2.0,2.6,1.3,0.0,0.0,0.0,0.0,0.0,0.0,1.0,1.0,16.0,0.0,394,170.0,1,0,901,,,170.0,,,216
1074,395,WR bench,,6017,DaMarkus Lodge,WR,FA,24,74,202,Mississippi,0,1997-05-12,3,False,Active,,,,,9999999,0.0,0.0,0.0,0.0,0.0,0.0,0.0,0.0,0.0,0.0,0.0,0.0,0.0,0.0,0.0,0.0,0.0,0.0,0.0,0.0,0.0,0.0,0.0,0.0,0.0,0.0,395,,0,,,,,,,,
1075,222,TE bench,,4874,Chris Bazile,TE,FA,30,76,250,Grambling,81,1991-10-25,4,False,Active,,,,,9999999,0.0,0.0,0.0,0.0,0.0,0.0,0.0,0.0,0.0,0.0,0.0,0.0,0.0,0.0,0.0,0.0,0.0,0.0,0.0,0.0,0.0,0.0,0.0,0.0,0.0,0.0,222,,0,,,,,,,,
1076,242,RB bench,,7858,Brenden Knox,RB,FA,23,71,220,Marshall,34,1998-10-10,1,False,Active,,,,,9999999,0.0,0.0,0.0,0.0,0.0,0.0,0.0,0.0,0.0,0.0,0.0,0.0,0.0,0.0,0.0,0.0,0.0,0.0,0.0,0.0,0.0,0.0,0.0,0.0,0.0,0.0,242,,0,,,,,,,,
1077,223,TE bench,,2146,Richard Rodgers,TE,FA,31,76,257,California,82,1992-01-22,9,False,Inactive,,,,,9999999,0.0,0.0,0.0,0.0,0.0,0.0,0.0,0.0,0.0,0.0,0.0,0.0,0.0,0.0,0.0,0.0,0.0,0.0,0.0,0.0,0.0,0.0,0.0,0.0,0.0,0.0,223,,0,,,,,,,,
1084,212,TE depth,,13516,Max Bredeson,TE,MIN,23,74,252,Michigan,45,2002-10-04,0,True,Active,,,4,TE4,9999999,0.0,0.0,0.0,0.0,0.0,0.0,0.0,0.0,0.0,0.0,0.0,0.0,0.0,0.0,0.0,0.0,0.0,0.0,0.0,0.0,0.0,0.0,0.0,0.0,0.0,0.0,224,,0,,,,,,,,
666,86,QB depth,,11561,Michael Pratt,QB,FA,23,74,217,Tulane,11,2001-09-30,1,False,Active,,,,,344,0.0,0.0,0.0,0.0,0.0,0.0,0.0,0.0,0.0,0.0,0.0,0.0,0.0,0.0,0.0,0.0,0.0,0.0,0.0,0.0,0.0,0.0,0.0,0.0,0.0,0.0,126,170.0,1,0,378,,,170.0,,,-308
667,232,WR depth,,7812,Simi Fehoko,WR,ARI,28,76,225,Stanford,80,1997-11-05,5,False,Active,,,6,WR6,9999999,8.0,0.0,0.0,0.0,0.0,0.0,0.0,0.0,0.0,0.0,0.0,0.0,0.0,8.0,16.6,2.08,0.0,0.0,0.0,0.0,0.0,0.0,6.0,16.0,106.0,0.0,396,170.0,1,0,466,,,170.0,,,-221
668,233,WR depth,,12908,Chandler Brayboy,WR,JAX,24,73,199,Elon,15,2001-08-20,1,False,Active,,,3,WR3,9999999,0.0,0.0,0.0,0.0,0.0,0.0,0.0,0.0,0.0,0.0,0.0,0.0,0.0,0.0,0.0,0.0,0.0,0.0,0.0,0.0,0.0,0.0,0.0,0.0,0.0,0.0,397,170.0,1,0,784,,,170.0,,,96
1082,243,RB bench,,2114,Senorise Perry,RB,FA,30,72,210,Louisville,20,1991-09-19,8,False,Inactive,,,,,535,0.0,0.0,0.0,0.0,0.0,0.0,0.0,0.0,0.0,0.0,0.0,0.0,0.0,0.0,0.0,0.0,0.0,0.0,0.0,0.0,0.0,0.0,0.0,0.0,0.0,0.0,243,,0,,,,,,,,
1083,225,TE bench,,5217,Jason Reese,TE,FA,26,77,250,Missouri,48,1995-09-09,4,False,Active,,,,,9999999,0.0,0.0,0.0,0.0,0.0,0.0,0.0,0.0,0.0,0.0,0.0,0.0,0.0,0.0,0.0,0.0,0.0,0.0,0.0,0.0,0.0,0.0,0.0,0.0,0.0,0.0,225,,0,,,,,,,,
1084,61,K bench,,12403,Valentino Ambrosio,K,FA,24,69,175,Tulane,,2000-05-13,1,False,Active,,,,K1,9999999,0.0,0.0,0.0,0.0,0.0,0.0,0.0,0.0,0.0,0.0,0.0,0.0,0.0,0.0,0.0,0.0,0.0,0.0,0.0,0.0,0.0,0.0,0.0,0.0,0.0,0.0,61,,0,,,,,,,,
669,234,WR depth,,7066,K.J. Osborn,WR,TEN,29,71,203,Miami (FL),85,1997-06-10,6,False,Active,,,8,WR8,9999999,0.0,0.0,0.0,0.0,0.0,0.0,0.0,0.0,0.0,0.0,0.0,0.0,0.0,8.0,18.7,2.34,0.0,0.0,0.0,0.0,0.0,0.0,7.0,18.0,57.0,1.0,398,170.0,1,0,557,,,170.0,,,-132
1085,136,QB depth,,13332,Player Invalid,QB,FA,,,,,,,0,True,Inactive,,,,,,0.0,0.0,0.0,0.0,0.0,0.0,0.0,0.0,0.0,0.0,0.0,0.0,0.0,0.0,0.0,0.0,0.0,0.0,0.0,0.0,0.0,0.0,0.0,0.0,0.0,0.0,127,,0,,,,,,,,
1087,128,QB bench,,1979,Blake Bortles,QB,NO,29,77,236,UCF,6,1992-04-28,8,False,Active,,,,,9999999,0.0,0.0,0.0,0.0,0.0,0.0,0.0,0.0,0.0,0.0,0.0,0.0,0.0,0.0,0.0,0.0,0.0,0.0,0.0,0.0,0.0,0.0,0.0,0.0,0.0,0.0,128,,0,,,,,,,,
1088,399,WR bench,,8008,Josh Imatorbhebhe,WR,FA,23,74,220,Illinois,0,1998-04-12,1,False,Active,,,,,277,0.0,0.0,0.0,0.0,0.0,0.0,0.0,0.0,0.0,0.0,0.0,0.0,0.0,0.0,0.0,0.0,0.0,0.0,0.0,0.0,0.0,0.0,0.0,0.0,0.0,0.0,399,,0,,,,,,,,
670,235,WR depth,,8475,Montrell Washington,WR,HOU,27,70,170,Samford,80,1999-03-14,4,False,Active,,,8,WR8,999,0.0,0.0,0.0,0.0,0.0,0.0,0.0,0.0,0.0,0.0,0.0,0.0,0.0,1.0,0.0,0.0,0.0,0.0,0.0,0.0,0.0,0.0,0.0,0.0,0.0,0.0,400,170.0,1,0,848,,,170.0,,,158
1090,226,TE bench,,6762,Darion Clark,TE,FA,27,79,235,Grand Canyon,44,1994-04-09,2,False,Inactive,,,,,9999999,0.0,0.0,0.0,0.0,0.0,0.0,0.0,0.0,0.0,0.0,0.0,0.0,0.0,0.0,0.0,0.0,0.0,0.0,0.0,0.0,0.0,0.0,0.0,0.0,0.0,0.0,226,,0,,,,,,,,
1086,246,RB depth,,8113,Player Invalid,RB,FA,,,,,,,0,True,Inactive,,,,,,0.0,0.0,0.0,0.0,0.0,0.0,0.0,0.0,0.0,0.0,0.0,0.0,0.0,0.0,0.0,0.0,0.0,0.0,0.0,0.0,0.0,0.0,0.0,0.0,0.0,0.0,244,,0,,,,,,,,
671,87,QB depth,,2711,Taylor Heinicke,QB,FA,32,73,210,Old Dominion,4,1993-03-15,10,False,Active,,,,,413,0.0,0.0,0.0,0.0,0.0,0.0,0.0,0.0,0.0,0.0,0.0,0.0,0.0,4.0,3.12,0.78,28.0,0.0,0.0,2.0,20.0,0.0,0.0,0.0,0.0,0.0,129,170.0,1,0,923,,,170.0,,,232
672,236,WR depth,,6857,Collin Johnson,WR,FA,27,77,220,Texas,17,1997-09-23,5,False,Active,,,,,665,0.0,0.0,0.0,0.0,0.0,0.0,0.0,0.0,0.0,0.0,0.0,0.0,0.0,9.0,1.6,0.18,0.0,0.0,0.0,0.0,0.0,0.0,1.0,2.0,6.0,0.0,401,170.0,1,0,827,,,170.0,,,135
673,88,QB depth,,13557,Athan Kaliakmanis,QB,WAS,22,74,216,Rutgers,16,2003-08-20,0,True,Active,,,4,QB4,9999999,0.0,0.0,0.0,0.0,0.0,0.0,0.0,0.0,0.0,0.0,0.0,0.0,0.0,0.0,0.0,0.0,0.0,0.0,0.0,0.0,0.0,0.0,0.0,0.0,0.0,0.0,130,170.0,1,0,495,,,170.0,,,-198
1087,213,TE depth,,13846,Jack Velling,TE,ATL,,77,245,Michigan State,84,,0,True,Active,,,,,9999999,0.0,0.0,0.0,0.0,0.0,0.0,0.0,0.0,0.0,0.0,0.0,0.0,0.0,0.0,0.0,0.0,0.0,0.0,0.0,0.0,0.0,0.0,0.0,0.0,0.0,0.0,227,,0,,,,,,,,
1096,228,TE bench,,8182,Chase Allen,TE,FA,26,78,251,Iowa State,87,1997-07-09,1,False,Active,,,,,9999999,0.0,0.0,0.0,0.0,0.0,0.0,0.0,0.0,0.0,0.0,0.0,0.0,0.0,0.0,0.0,0.0,0.0,0.0,0.0,0.0,0.0,0.0,0.0,0.0,0.0,0.0,228,,0,,,,,,,,
1097,245,RB bench,,4157,Tarik Cohen,RB,FA,29,66,181,North Carolina A&T,31,1995-07-26,7,False,Active,,,,,464,0.0,0.0,0.0,0.0,0.0,0.0,0.0,0.0,0.0,0.0,0.0,0.0,0.0,0.0,0.0,0.0,0.0,0.0,0.0,0.0,0.0,0.0,0.0,0.0,0.0,0.0,245,,0,,,,,,,,
1098,402,WR bench,,2003,Bennie Fowler,WR,FA,30,73,212,Michigan State,4,1991-06-10,8,False,Active,,,,,297,0.0,0.0,0.0,0.0,0.0,0.0,0.0,0.0,0.0,0.0,0.0,0.0,0.0,0.0,0.0,0.0,0.0,0.0,0.0,0.0,0.0,0.0,0.0,0.0,0.0,0.0,402,,0,,,,,,,,
1099,131,QB bench,,12285,Cade Peterson,QB,FA,,76,223,Grand Valley State,,,1,False,Active,,,,,9999999,0.0,0.0,0.0,0.0,0.0,0.0,0.0,0.0,0.0,0.0,0.0,0.0,0.0,0.0,0.0,0.0,0.0,0.0,0.0,0.0,0.0,0.0,0.0,0.0,0.0,0.0,131,,0,,,,,,,,
1100,403,WR bench,,7533,Anthony Schwartz,WR,FA,24,72,195,Auburn,84,2000-09-05,4,False,Active,,,,,486,0.0,0.0,0.0,0.0,0.0,0.0,0.0,0.0,0.0,0.0,0.0,0.0,0.0,0.0,0.0,0.0,0.0,0.0,0.0,0.0,0.0,0.0,0.0,0.0,0.0,0.0,403,,0,,,,,,,,
1101,229,TE bench,,7460,Jake Burt,TE,FA,25,75,260,Boston College,0,1996-08-25,2,False,Active,,,,,9999999,0.0,0.0,0.0,0.0,0.0,0.0,0.0,0.0,0.0,0.0,0.0,0.0,0.0,0.0,0.0,0.0,0.0,0.0,0.0,0.0,0.0,0.0,0.0,0.0,0.0,0.0,229,,0,,,,,,,,
1102,132,QB bench,,4528,Trevor Knight,QB,FA,28,73,215,Texas A&M,1,1993-10-03,5,False,Active,,,,,9999999,0.0,0.0,0.0,0.0,0.0,0.0,0.0,0.0,0.0,0.0,0.0,0.0,0.0,0.0,0.0,0.0,0.0,0.0,0.0,0.0,0.0,0.0,0.0,0.0,0.0,0.0,132,,0,,,,,,,,
1103,133,QB bench,,12063,Rocky Lombardi,QB,FA,26,76,225,Northern Illinois,,1998-07-30,1,False,Active,,,,,504,0.0,0.0,0.0,0.0,0.0,0.0,0.0,0.0,0.0,0.0,0.0,0.0,0.0,0.0,0.0,0.0,0.0,0.0,0.0,0.0,0.0,0.0,0.0,0.0,0.0,0.0,133,,0,,,,,,,,
1104,230,TE bench,,13249,Thomas Gordon,TE,DET,25,76,250,Northwestern,82,2000-09-05,1,False,Active,,,,,999,0.0,0.0,0.0,0.0,0.0,0.0,0.0,0.0,0.0,0.0,0.0,0.0,0.0,0.0,0.0,0.0,0.0,0.0,0.0,0.0,0.0,0.0,0.0,0.0,0.0,0.0,230,,0,,,,,,,,
1105,246,RB bench,,13128,Rushawn Baker,RB,FA,22,71,218,Elon,,2003-04-17,1,False,Active,,,,,669,0.0,0.0,0.0,0.0,0.0,0.0,0.0,0.0,0.0,0.0,0.0,0.0,0.0,0.0,0.0,0.0,0.0,0.0,0.0,0.0,0.0,0.0,0.0,0.0,0.0,0.0,246,,0,,,,,,,,
1106,247,RB bench,,9507,Titus Swen,RB,FA,,70,204,Wyoming,42,,1,False,Active,,,,,232,0.0,0.0,0.0,0.0,0.0,0.0,0.0,0.0,0.0,0.0,0.0,0.0,0.0,0.0,0.0,0.0,0.0,0.0,0.0,0.0,0.0,0.0,0.0,0.0,0.0,0.0,247,,0,,,,,,,,
1107,404,WR bench,,1939,Derel Walker,WR,FA,30,74,185,Texas A&M,87,1991-06-29,8,False,Active,,,,,9999999,0.0,0.0,0.0,0.0,0.0,0.0,0.0,0.0,0.0,0.0,0.0,0.0,0.0,0.0,0.0,0.0,0.0,0.0,0.0,0.0,0.0,0.0,0.0,0.0,0.0,0.0,404,,0,,,,,,,,
1108,248,RB bench,,12434,Kairee Robinson,RB,FA,,67,195,San Jose State,,,1,False,Active,,,,,484,0.0,0.0,0.0,0.0,0.0,0.0,0.0,0.0,0.0,0.0,0.0,0.0,0.0,0.0,0.0,0.0,0.0,0.0,0.0,0.0,0.0,0.0,0.0,0.0,0.0,0.0,248,,0,,,,,,,,
1109,405,WR bench,,2713,Josh Harper,WR,FA,33,73,185,Fresno State,0,1991-12-01,10,False,Active,,,,,9999999,0.0,0.0,0.0,0.0,0.0,0.0,0.0,0.0,0.0,0.0,0.0,0.0,0.0,0.0,0.0,0.0,0.0,0.0,0.0,0.0,0.0,0.0,0.0,0.0,0.0,0.0,405,,0,,,,,,,,
1110,406,WR bench,,6342,Stephen Louis,WR,FA,26,74,215,North Carolina State,12,1995-09-07,3,False,Active,,,,,9999999,0.0,0.0,0.0,0.0,0.0,0.0,0.0,0.0,0.0,0.0,0.0,0.0,0.0,0.0,0.0,0.0,0.0,0.0,0.0,0.0,0.0,0.0,0.0,0.0,0.0,0.0,406,,0,,,,,,,,
1088,401,WR depth,,12468,Player Invalid,WR,FA,,,,,,,0,True,Inactive,,,,,,0.0,0.0,0.0,0.0,0.0,0.0,0.0,0.0,0.0,0.0,0.0,0.0,0.0,0.0,0.0,0.0,0.0,0.0,0.0,0.0,0.0,0.0,0.0,0.0,0.0,0.0,407,,0,,,,,,,,
1112,408,WR bench,,8108,DeVonte Dedmon,WR,FA,26,70,203,William & Mary,83,1995-11-23,1,False,Active,,,,,9999999,0.0,0.0,0.0,0.0,0.0,0.0,0.0,0.0,0.0,0.0,0.0,0.0,0.0,0.0,0.0,0.0,0.0,0.0,0.0,0.0,0.0,0.0,0.0,0.0,0.0,0.0,408,,0,,,,,,,,
1113,249,RB bench,,2767,Jawon Chisholm,RB,FA,33,73,206,Akron,0,1991-09-19,10,False,Active,,,,,9999999,0.0,0.0,0.0,0.0,0.0,0.0,0.0,0.0,0.0,0.0,0.0,0.0,0.0,0.0,0.0,0.0,0.0,0.0,0.0,0.0,0.0,0.0,0.0,0.0,0.0,0.0,249,,0,,,,,,,,
1089,214,TE depth,,5834,Sean Ryan,TE,FA,40,"6'5""",260,Boston College,89,1980-03-27,0,True,Inactive,,,,,9999999,0.0,0.0,0.0,0.0,0.0,0.0,0.0,0.0,0.0,0.0,0.0,0.0,0.0,0.0,0.0,0.0,0.0,0.0,0.0,0.0,0.0,0.0,0.0,0.0,0.0,0.0,231,,0,,,,,,,,
1115,134,QB bench,,12197,John Paddock,QB,FA,24,72,190,Illinois,,2000-03-27,1,False,Active,,,,,549,0.0,0.0,0.0,0.0,0.0,0.0,0.0,0.0,0.0,0.0,0.0,0.0,0.0,0.0,0.0,0.0,0.0,0.0,0.0,0.0,0.0,0.0,0.0,0.0,0.0,0.0,134,,0,,,,,,,,
1116,250,RB bench,,1305,Patrick DiMarco,RB,FA,32,73,234,South Carolina,0,1989-04-30,11,False,Injured Reserve,,,,,702,0.0,0.0,0.0,0.0,0.0,0.0,0.0,0.0,0.0,0.0,0.0,0.0,0.0,0.0,0.0,0.0,0.0,0.0,0.0,0.0,0.0,0.0,0.0,0.0,0.0,0.0,250,,0,,,,,,,,
1117,409,WR bench,,8251,Calvin Jackson,WR,FA,25,70,194,Washington State,9,1997-05-07,1,False,Active,,,,,9999999,0.0,0.0,0.0,0.0,0.0,0.0,0.0,0.0,0.0,0.0,0.0,0.0,0.0,0.0,0.0,0.0,0.0,0.0,0.0,0.0,0.0,0.0,0.0,0.0,0.0,0.0,409,,0,,,,,,,,
1118,135,QB bench,,2620,Jake Heaps,QB,FA,30,73,208,Miami,5,1991-06-19,7,False,Active,,,,,9999999,0.0,0.0,0.0,0.0,0.0,0.0,0.0,0.0,0.0,0.0,0.0,0.0,0.0,0.0,0.0,0.0,0.0,0.0,0.0,0.0,0.0,0.0,0.0,0.0,0.0,0.0,135,,0,,,,,,,,
1119,232,TE bench,,11225,Noah Gindorff,TE,FA,24,78,268,North Dakota State,81,1999-02-12,1,False,Active,,,,,267,0.0,0.0,0.0,0.0,0.0,0.0,0.0,0.0,0.0,0.0,0.0,0.0,0.0,0.0,0.0,0.0,0.0,0.0,0.0,0.0,0.0,0.0,0.0,0.0,0.0,0.0,232,,0,,,,,,,,
1120,410,WR bench,,4491,Marcus Kemp,WR,FA,28,76,210,Hawai'i,19,1995-08-14,6,False,Active,,,,,321,0.0,0.0,0.0,0.0,0.0,0.0,0.0,0.0,0.0,0.0,0.0,0.0,0.0,0.0,0.0,0.0,0.0,0.0,0.0,0.0,0.0,0.0,0.0,0.0,0.0,0.0,410,,0,,,,,,,,
1121,251,RB bench,,5136,Josh Adams,RB,FA,25,74,225,Notre Dame,31,1996-10-29,4,False,Active,,,,,9999999,0.0,0.0,0.0,0.0,0.0,0.0,0.0,0.0,0.0,0.0,0.0,0.0,0.0,0.0,0.0,0.0,0.0,0.0,0.0,0.0,0.0,0.0,0.0,0.0,0.0,0.0,251,,0,,,,,,,,
1122,411,WR bench,,3500,Devon Cajuste,WR,FA,28,76,227,Stanford,83,1993-01-31,6,False,Active,,,,,9999999,0.0,0.0,0.0,0.0,0.0,0.0,0.0,0.0,0.0,0.0,0.0,0.0,0.0,0.0,0.0,0.0,0.0,0.0,0.0,0.0,0.0,0.0,0.0,0.0,0.0,0.0,411,,0,,,,,,,,
1123,233,TE bench,,6737,Micky Crum,TE,FA,26,76,258,Louisville,46,1995-10-13,3,False,Active,,,,,9999999,0.0,0.0,0.0,0.0,0.0,0.0,0.0,0.0,0.0,0.0,0.0,0.0,0.0,0.0,0.0,0.0,0.0,0.0,0.0,0.0,0.0,0.0,0.0,0.0,0.0,0.0,233,,0,,,,,,,,
1124,412,WR bench,,11232,Isaiah Winstead,WR,FA,25,76,213,East Carolina,31,1999-08-09,1,False,Active,,,,,396,0.0,0.0,0.0,0.0,0.0,0.0,0.0,0.0,0.0,0.0,0.0,0.0,0.0,0.0,0.0,0.0,0.0,0.0,0.0,0.0,0.0,0.0,0.0,0.0,0.0,0.0,412,,0,,,,,,,,
1090,402,WR depth,,13975,Le'Meke Brockington,WR,ATL,24,72,195,Minnesota,88,2002-01-15,0,True,Active,,,,,9999999,0.0,0.0,0.0,0.0,0.0,0.0,0.0,0.0,0.0,0.0,0.0,0.0,0.0,0.0,0.0,0.0,0.0,0.0,0.0,0.0,0.0,0.0,0.0,0.0,0.0,0.0,413,,0,,,,,,,,
1126,136,QB bench,,12239,Peewee Jarrett,QB,FA,,74,221,West Florida,,,1,False,Active,,,,,9999999,0.0,0.0,0.0,0.0,0.0,0.0,0.0,0.0,0.0,0.0,0.0,0.0,0.0,0.0,0.0,0.0,0.0,0.0,0.0,0.0,0.0,0.0,0.0,0.0,0.0,0.0,136,,0,,,,,,,,
1127,414,WR bench,,4785,Kermit Whitfield,WR,FA,28,68,184,Florida State,17,1993-10-08,5,False,Active,,,,,9999999,0.0,0.0,0.0,0.0,0.0,0.0,0.0,0.0,0.0,0.0,0.0,0.0,0.0,0.0,0.0,0.0,0.0,0.0,0.0,0.0,0.0,0.0,0.0,0.0,0.0,0.0,414,,0,,,,,,,,
674,237,WR depth,,11046,Colton Dowell,WR,SF,27,75,212,Tennessee-Martin,84,1999-04-19,3,False,Active,,,,,999,0.0,0.0,0.0,0.0,0.0,0.0,0.0,0.0,0.0,0.0,0.0,0.0,0.0,0.0,0.0,0.0,0.0,0.0,0.0,0.0,0.0,0.0,0.0,0.0,0.0,0.0,415,170.0,1,0,608,,,170.0,,,-86
1091,247,RB depth,,3871,Sam Bergen,RB,FA,26,"6'0""",236,Rutgers,40,1992-03-06,0,True,Inactive,,,,,9999999,0.0,0.0,0.0,0.0,0.0,0.0,0.0,0.0,0.0,0.0,0.0,0.0,0.0,0.0,0.0,0.0,0.0,0.0,0.0,0.0,0.0,0.0,0.0,0.0,0.0,0.0,252,,0,,,,,,,,
1130,416,WR bench,,6288,Marcus Green,WR,FA,25,68,191,Louisiana-Monroe,89,1996-08-13,3,False,Active,,,,,1680,0.0,0.0,0.0,0.0,0.0,0.0,0.0,0.0,0.0,0.0,0.0,0.0,0.0,0.0,0.0,0.0,0.0,0.0,0.0,0.0,0.0,0.0,0.0,0.0,0.0,0.0,416,,0,,,,,,,,
1131,417,WR bench,,6320,Jonathan Duhart,WR,FA,25,75,215,Old Dominion,0,1996-06-26,3,False,Active,,,,,9999999,0.0,0.0,0.0,0.0,0.0,0.0,0.0,0.0,0.0,0.0,0.0,0.0,0.0,0.0,0.0,0.0,0.0,0.0,0.0,0.0,0.0,0.0,0.0,0.0,0.0,0.0,417,,0,,,,,,,,
1132,253,RB bench,,7048,Benny LeMay,RB,CLE,24,68,220,Charlotte,16,1997-10-18,2,False,Active,,,,,9999999,0.0,0.0,0.0,0.0,0.0,0.0,0.0,0.0,0.0,0.0,0.0,0.0,0.0,0.0,0.0,0.0,0.0,0.0,0.0,0.0,0.0,0.0,0.0,0.0,0.0,0.0,253,,0,,,,,,,,
1133,137,QB bench,,1049,Ryan Tannehill,QB,FA,35,76,217,Texas A&M,17,1988-07-27,12,False,Active,,,,,322,0.0,0.0,0.0,0.0,0.0,0.0,0.0,0.0,0.0,0.0,0.0,0.0,0.0,0.0,0.0,0.0,0.0,0.0,0.0,0.0,0.0,0.0,0.0,0.0,0.0,0.0,137,,0,,,,,,,,
1134,418,WR bench,,6686,Joe Horn,WR,FA,27,70,174,Missouri Western,87,1994-09-16,3,False,Active,,,,,9999999,0.0,0.0,0.0,0.0,0.0,0.0,0.0,0.0,0.0,0.0,0.0,0.0,0.0,0.0,0.0,0.0,0.0,0.0,0.0,0.0,0.0,0.0,0.0,0.0,0.0,0.0,418,,0,,,,,,,,
1135,254,RB bench,,12350,Anthony Grant,RB,FA,25,71,205,Nebraska,,1999-02-27,1,False,Active,,,,,9999999,0.0,0.0,0.0,0.0,0.0,0.0,0.0,0.0,0.0,0.0,0.0,0.0,0.0,0.0,0.0,0.0,0.0,0.0,0.0,0.0,0.0,0.0,0.0,0.0,0.0,0.0,254,,0,,,,,,,,
1136,419,WR bench,,5703,Deontez Alexander,WR,FA,26,75,180,Franklin,82,1996-07-25,4,False,Active,,,,,9999999,0.0,0.0,0.0,0.0,0.0,0.0,0.0,0.0,0.0,0.0,0.0,0.0,0.0,0.0,0.0,0.0,0.0,0.0,0.0,0.0,0.0,0.0,0.0,0.0,0.0,0.0,419,,0,,,,,,,,
1092,403,WR depth,,12976,DeMeer Blankumsee,WR,FA,,70,192,Memphis,,,0,True,Active,,,,,9999999,0.0,0.0,0.0,0.0,0.0,0.0,0.0,0.0,0.0,0.0,0.0,0.0,0.0,0.0,0.0,0.0,0.0,0.0,0.0,0.0,0.0,0.0,0.0,0.0,0.0,0.0,420,,0,,,,,,,,
1138,234,TE bench,,3239,Bronson Kaufusi,TE,GB,30,78,270,BYU,45,1991-07-06,6,False,Active,,,,,405,0.0,0.0,0.0,0.0,0.0,0.0,0.0,0.0,0.0,0.0,0.0,0.0,0.0,0.0,0.0,0.0,0.0,0.0,0.0,0.0,0.0,0.0,0.0,0.0,0.0,0.0,234,,0,,,,,,,,
1139,421,WR bench,,12311,Daniel George,WR,FA,,74,210,Akron,,,1,False,Active,,,,,9999999,0.0,0.0,0.0,0.0,0.0,0.0,0.0,0.0,0.0,0.0,0.0,0.0,0.0,0.0,0.0,0.0,0.0,0.0,0.0,0.0,0.0,0.0,0.0,0.0,0.0,0.0,421,,0,,,,,,,,
1140,422,WR bench,,5155,Corey Willis,WR,FA,26,70,172,Central Michigan,83,1995-05-02,4,False,Active,,,,,9999999,0.0,0.0,0.0,0.0,0.0,0.0,0.0,0.0,0.0,0.0,0.0,0.0,0.0,0.0,0.0,0.0,0.0,0.0,0.0,0.0,0.0,0.0,0.0,0.0,0.0,0.0,422,,0,,,,,,,,
1141,235,TE bench,,4184,Bucky Hodges,TE,FA,26,78,245,Virginia Tech,0,1995-08-08,5,False,Active,,,,,9999999,0.0,0.0,0.0,0.0,0.0,0.0,0.0,0.0,0.0,0.0,0.0,0.0,0.0,0.0,0.0,0.0,0.0,0.0,0.0,0.0,0.0,0.0,0.0,0.0,0.0,0.0,235,,0,,,,,,,,
1142,423,WR bench,,8770,Malik Williams,WR,FA,24,70,185,Appalachian State,0,1999-01-14,1,False,Active,,,,,9999999,0.0,0.0,0.0,0.0,0.0,0.0,0.0,0.0,0.0,0.0,0.0,0.0,0.0,0.0,0.0,0.0,0.0,0.0,0.0,0.0,0.0,0.0,0.0,0.0,0.0,0.0,423,,0,,,,,,,,
1143,236,TE bench,,11280,Brady Russell,TE,SEA,27,75,250,Colorado,38,1998-08-31,3,False,Active,,,7,TE7,9999999,17.0,0.0,0.0,0.0,0.0,0.0,0.0,0.0,0.0,0.0,1.0,0.0,0.0,11.0,0.0,0.0,0.0,0.0,0.0,0.0,0.0,0.0,0.0,0.0,0.0,0.0,236,,0,,,,,,,,
1144,62,K bench,,13237,Mark McNamee,K,FA,26,76,208,,,1999-11-10,1,False,Active,,,,K1,679,0.0,0.0,0.0,0.0,0.0,0.0,0.0,0.0,0.0,0.0,0.0,0.0,0.0,0.0,0.0,0.0,0.0,0.0,0.0,0.0,0.0,0.0,0.0,0.0,0.0,0.0,62,,0,,,,,,,,
1145,237,TE bench,,5878,N'Keal Harry,TE,FA,26,75,228,Arizona State,84,1997-12-17,5,False,Active,,,,,665,0.0,0.0,0.0,0.0,0.0,0.0,0.0,0.0,0.0,0.0,0.0,0.0,0.0,0.0,0.0,0.0,0.0,0.0,0.0,0.0,0.0,0.0,0.0,0.0,0.0,0.0,237,,0,,,,,,,,
1093,137,QB depth,,8257,Player Invalid,QB,FA,,,,,,,0,True,Inactive,,,,,,0.0,0.0,0.0,0.0,0.0,0.0,0.0,0.0,0.0,0.0,0.0,0.0,0.0,0.0,0.0,0.0,0.0,0.0,0.0,0.0,0.0,0.0,0.0,0.0,0.0,0.0,138,,0,,,,,,,,
1147,255,RB bench,,3816,Brandon Brown-Dukes,RB,FA,29,68,200,Mercyhurst,38,1992-04-29,6,False,Active,,,,,9999999,0.0,0.0,0.0,0.0,0.0,0.0,0.0,0.0,0.0,0.0,0.0,0.0,0.0,0.0,0.0,0.0,0.0,0.0,0.0,0.0,0.0,0.0,0.0,0.0,0.0,0.0,255,,0,,,,,,,,
675,238,WR depth,,13173,Jimmy Holiday,WR,KC,24,73,211,Louisiana Tech,82,2001-12-16,1,False,Active,,,,,9999999,1.0,0.0,0.0,0.0,0.0,0.0,0.0,0.0,0.0,0.0,0.0,0.0,0.0,0.0,0.0,0.0,0.0,0.0,0.0,0.0,0.0,0.0,0.0,0.0,0.0,0.0,424,170.0,1,0,796,,,170.0,,,101
1149,139,QB bench,,7143,Ben DiNucci,QB,FA,29,74,215,James Madison,16,1996-11-24,6,False,Active,,,,,675,0.0,0.0,0.0,0.0,0.0,0.0,0.0,0.0,0.0,0.0,0.0,0.0,0.0,0.0,0.0,0.0,0.0,0.0,0.0,0.0,0.0,0.0,0.0,0.0,0.0,0.0,139,,0,,,,,,,,
1094,404,WR depth,,13749,Kole Wilson,WR,CLE,22,67,177,Baylor,87,2003-12-16,0,True,Active,,,,,9999999,0.0,0.0,0.0,0.0,0.0,0.0,0.0,0.0,0.0,0.0,0.0,0.0,0.0,0.0,0.0,0.0,0.0,0.0,0.0,0.0,0.0,0.0,0.0,0.0,0.0,0.0,425,,0,,,,,,,,
676,89,QB depth,,8938,Nathan Rourke,QB,FA,26,73,210,Ohio,16,1998-05-24,1,False,Active,,,,,324,0.0,0.0,0.0,0.0,0.0,0.0,0.0,0.0,0.0,0.0,0.0,0.0,0.0,0.0,0.0,0.0,0.0,0.0,0.0,0.0,0.0,0.0,0.0,0.0,0.0,0.0,140,170.0,1,0,428,,,170.0,,,-268
1152,256,RB bench,,7609,Demetric Felton,RB,FA,27,69,190,UCLA,25,1998-07-16,4,False,Active,,,,,659,0.0,0.0,0.0,0.0,0.0,0.0,0.0,0.0,0.0,0.0,0.0,0.0,0.0,0.0,0.0,0.0,0.0,0.0,0.0,0.0,0.0,0.0,0.0,0.0,0.0,0.0,256,,0,,,,,,,,
1153,257,RB bench,,2315,Todd Gurley,RB,FA,27,73,224,Georgia,21,1994-08-03,7,False,Active,,,,,27,0.0,0.0,0.0,0.0,0.0,0.0,0.0,0.0,0.0,0.0,0.0,0.0,0.0,0.0,0.0,0.0,0.0,0.0,0.0,0.0,0.0,0.0,0.0,0.0,0.0,0.0,257,,0,,,,,,,,
1154,426,WR bench,,4551,Tanner Gentry,WR,FA,28,74,209,Wyoming,87,1994-12-18,6,False,Active,,,,,9999999,0.0,0.0,0.0,0.0,0.0,0.0,0.0,0.0,0.0,0.0,0.0,0.0,0.0,0.0,0.0,0.0,0.0,0.0,0.0,0.0,0.0,0.0,0.0,0.0,0.0,0.0,426,,0,,,,,,,,
677,239,WR depth,,6171,Cody Thompson,WR,FA,29,74,205,Toledo,83,1996-01-11,6,False,Active,,,,,700,0.0,0.0,0.0,0.0,0.0,0.0,0.0,0.0,0.0,0.0,0.0,0.0,0.0,1.0,0.0,0.0,0.0,0.0,0.0,0.0,0.0,0.0,0.0,0.0,0.0,0.0,427,170.0,1,0,899,,,170.0,,,202
1156,428,WR bench,,11344,Keytaon Thompson,WR,FA,24,77,218,Virginia,43,1998-10-23,1,False,Active,,,,,9999999,0.0,0.0,0.0,0.0,0.0,0.0,0.0,0.0,0.0,0.0,0.0,0.0,0.0,0.0,0.0,0.0,0.0,0.0,0.0,0.0,0.0,0.0,0.0,0.0,0.0,0.0,428,,0,,,,,,,,
1157,258,RB bench,,956,Mark Ingram,RB,FA,33,69,215,Alabama,22,1989-12-21,12,False,Inactive,,,,,231,0.0,0.0,0.0,0.0,0.0,0.0,0.0,0.0,0.0,0.0,0.0,0.0,0.0,0.0,0.0,0.0,0.0,0.0,0.0,0.0,0.0,0.0,0.0,0.0,0.0,0.0,258,,0,,,,,,,,
1158,238,TE bench,,3514,Jake McGee,TE,FA,30,77,250,Florida,80,1991-09-19,6,False,Active,,,,,9999999,0.0,0.0,0.0,0.0,0.0,0.0,0.0,0.0,0.0,0.0,0.0,0.0,0.0,0.0,0.0,0.0,0.0,0.0,0.0,0.0,0.0,0.0,0.0,0.0,0.0,0.0,238,,0,,,,,,,,
1095,405,WR depth,,3911,Rashaun Simonise,WR,FA,23,"6'5""",200,"Calgary, Canada",13,1995-05-31,0,True,Inactive,,,4,WR4,9999999,0.0,0.0,0.0,0.0,0.0,0.0,0.0,0.0,0.0,0.0,0.0,0.0,0.0,0.0,0.0,0.0,0.0,0.0,0.0,0.0,0.0,0.0,0.0,0.0,0.0,0.0,429,,0,,,,,,,,
1160,259,RB bench,,8174,Kevin Harris,RB,FA,24,70,225,South Carolina,34,2000-11-17,3,False,Active,,,,,999,0.0,0.0,0.0,0.0,0.0,0.0,0.0,0.0,0.0,0.0,0.0,0.0,0.0,0.0,0.0,0.0,0.0,0.0,0.0,0.0,0.0,0.0,0.0,0.0,0.0,0.0,259,,0,,,,,,,,
1161,260,RB bench,,5462,Christopher Ezeala,RB,FA,26,71,248,No College,45,1995-09-19,6,False,Active,,,,,9999999,0.0,0.0,0.0,0.0,0.0,0.0,0.0,0.0,0.0,0.0,0.0,0.0,0.0,0.0,0.0,0.0,0.0,0.0,0.0,0.0,0.0,0.0,0.0,0.0,0.0,0.0,260,,0,,,,,,,,
1162,430,WR bench,,12235,Marcus Riley,WR,FA,25,71,175,Florida A&M,,1999-05-09,1,False,Active,,,,,999,0.0,0.0,0.0,0.0,0.0,0.0,0.0,0.0,0.0,0.0,0.0,0.0,0.0,0.0,0.0,0.0,0.0,0.0,0.0,0.0,0.0,0.0,0.0,0.0,0.0,0.0,430,,0,,,,,,,,
1163,239,TE bench,,4593,Brandon Barnes,TE,FA,27,77,255,Alabama State,86,1994-05-31,5,False,Active,,,,,9999999,0.0,0.0,0.0,0.0,0.0,0.0,0.0,0.0,0.0,0.0,0.0,0.0,0.0,0.0,0.0,0.0,0.0,0.0,0.0,0.0,0.0,0.0,0.0,0.0,0.0,0.0,239,,0,,,,,,,,
1164,141,QB bench,,5403,Peter Pujals,QB,FA,26,74,215,Holy Cross,6,1995-01-23,4,False,Active,,,,,9999999,0.0,0.0,0.0,0.0,0.0,0.0,0.0,0.0,0.0,0.0,0.0,0.0,0.0,0.0,0.0,0.0,0.0,0.0,0.0,0.0,0.0,0.0,0.0,0.0,0.0,0.0,141,,0,,,,,,,,
1096,406,WR depth,,13658,Brady Boyd,WR,JAX,24,73,195,Utah State,83,2002-06-06,0,True,Active,,,,,9999999,0.0,0.0,0.0,0.0,0.0,0.0,0.0,0.0,0.0,0.0,0.0,0.0,0.0,0.0,0.0,0.0,0.0,0.0,0.0,0.0,0.0,0.0,0.0,0.0,0.0,0.0,431,,0,,,,,,,,
1097,407,WR depth,,13657,Alex Bullock,WR,FA,,74,205,South Dakota State,45,,0,True,Active,NA,,,,9999999,0.0,0.0,0.0,0.0,0.0,0.0,0.0,0.0,0.0,0.0,0.0,0.0,0.0,0.0,0.0,0.0,0.0,0.0,0.0,0.0,0.0,0.0,0.0,0.0,0.0,0.0,432,,0,,,,,,,,
1167,433,WR bench,,5293,Jordan Veasy,WR,FA,27,75,221,California,18,1995-06-23,4,False,Active,,,,,9999999,0.0,0.0,0.0,0.0,0.0,0.0,0.0,0.0,0.0,0.0,0.0,0.0,0.0,0.0,0.0,0.0,0.0,0.0,0.0,0.0,0.0,0.0,0.0,0.0,0.0,0.0,433,,0,,,,,,,,
678,133,TE depth,,13422,Jaren Kanak,TE,TEN,22,74,234,Oklahoma,81,2004-02-10,0,True,Active,,,3,TE3,999,0.0,0.0,0.0,0.0,0.0,0.0,0.0,0.0,0.0,0.0,0.0,0.0,0.0,0.0,0.0,0.0,0.0,0.0,0.0,0.0,0.0,0.0,0.0,0.0,0.0,0.0,240,170.0,1,0,668,,,170.0,,,-30
1098,138,QB depth,,13802,Jacob Clark,QB,LV,25,77,220,Missouri State,,2000-11-01,0,True,Active,,,,,9999999,0.0,0.0,0.0,0.0,0.0,0.0,0.0,0.0,0.0,0.0,0.0,0.0,0.0,0.0,0.0,0.0,0.0,0.0,0.0,0.0,0.0,0.0,0.0,0.0,0.0,0.0,142,,0,,,,,,,,
1170,434,WR bench,,12410,John Jackson,WR,FA,25,72,213,Nevada,82,1999-08-23,1,False,Active,,,,,999,0.0,0.0,0.0,0.0,0.0,0.0,0.0,0.0,0.0,0.0,0.0,0.0,0.0,0.0,0.0,0.0,0.0,0.0,0.0,0.0,0.0,0.0,0.0,0.0,0.0,0.0,434,,0,,,,,,,,
679,240,WR depth,,11897,Jermaine Jackson,WR,FA,24,67,170,Idaho,80,2000-06-02,1,False,Active,,,,,339,0.0,0.0,0.0,0.0,0.0,0.0,0.0,0.0,0.0,0.0,0.0,0.0,0.0,4.0,-0.1,-0.03,0.0,0.0,0.0,1.0,-1.0,0.0,0.0,0.0,0.0,0.0,435,170.0,1,0,520,,,170.0,,,-179
1172,241,TE bench,,8095,Graham Adomitis,TE,FA,25,76,255,Princeton,0,1996-08-15,1,False,Active,,,,,,0.0,0.0,0.0,0.0,0.0,0.0,0.0,0.0,0.0,0.0,0.0,0.0,0.0,0.0,0.0,0.0,0.0,0.0,0.0,0.0,0.0,0.0,0.0,0.0,0.0,0.0,241,,0,,,,,,,,
1173,436,WR bench,,11382,Dontay Demus,WR,FA,23,75,220,Maryland,83,2000-09-26,1,False,Active,,,,,9999999,0.0,0.0,0.0,0.0,0.0,0.0,0.0,0.0,0.0,0.0,0.0,0.0,0.0,0.0,0.0,0.0,0.0,0.0,0.0,0.0,0.0,0.0,0.0,0.0,0.0,0.0,436,,0,,,,,,,,
1174,143,QB bench,,4794,Tommy Armstrong Jr.,QB,FA,,,,,0,,,False,Inactive,,,,,9999999,0.0,0.0,0.0,0.0,0.0,0.0,0.0,0.0,0.0,0.0,0.0,0.0,0.0,0.0,0.0,0.0,0.0,0.0,0.0,0.0,0.0,0.0,0.0,0.0,0.0,0.0,143,,0,,,,,,,,
1175,261,RB bench,,2452,Jay Ajayi,RB,FA,28,72,223,Boise State,0,1993-06-15,7,False,Injured Reserve,,,,,9999999,0.0,0.0,0.0,0.0,0.0,0.0,0.0,0.0,0.0,0.0,0.0,0.0,0.0,0.0,0.0,0.0,0.0,0.0,0.0,0.0,0.0,0.0,0.0,0.0,0.0,0.0,261,,0,,,,,,,,
1176,242,TE bench,,1211,Rhett Ellison,TE,FA,33,77,255,Southern California,0,1988-10-03,10,False,Injured Reserve,,,,,9999999,0.0,0.0,0.0,0.0,0.0,0.0,0.0,0.0,0.0,0.0,0.0,0.0,0.0,0.0,0.0,0.0,0.0,0.0,0.0,0.0,0.0,0.0,0.0,0.0,0.0,0.0,242,,0,,,,,,,,
1177,243,TE bench,,7483,Farrod Green,TE,FA,24,75,245,Mississippi State,86,1997-06-10,2,False,Active,,,,,9999999,0.0,0.0,0.0,0.0,0.0,0.0,0.0,0.0,0.0,0.0,0.0,0.0,0.0,0.0,0.0,0.0,0.0,0.0,0.0,0.0,0.0,0.0,0.0,0.0,0.0,0.0,243,,0,,,,,,,,
1178,437,WR bench,,6849,Denzel Mims,WR,DAL,28,75,207,Baylor,84,1997-10-10,6,False,Active,,,8,WR8,999,0.0,0.0,0.0,0.0,0.0,0.0,0.0,0.0,0.0,0.0,0.0,0.0,0.0,0.0,0.0,0.0,0.0,0.0,0.0,0.0,0.0,0.0,0.0,0.0,0.0,0.0,437,,0,,,,,,,,
1179,63,K bench,,12438,Alex Hale,K,FA,27,73,203,Oklahoma State,16,1998-07-03,1,False,Active,,,,K1,371,0.0,0.0,0.0,0.0,0.0,0.0,0.0,0.0,0.0,0.0,0.0,0.0,0.0,0.0,0.0,0.0,0.0,0.0,0.0,0.0,0.0,0.0,0.0,0.0,0.0,0.0,63,,0,,,,,,,,
1180,244,TE bench,,3774,Jason Vander Laan,TE,FA,29,75,244,Ferris State,86,1992-09-22,6,False,Inactive,,,,,1099,0.0,0.0,0.0,0.0,0.0,0.0,0.0,0.0,0.0,0.0,0.0,0.0,0.0,0.0,0.0,0.0,0.0,0.0,0.0,0.0,0.0,0.0,0.0,0.0,0.0,0.0,244,,0,,,,,,,,
1181,438,WR bench,,13041,Jahmal Banks,WR,FA,24,75,218,Nebraska,,2001-10-02,1,False,Active,,,,,597,0.0,0.0,0.0,0.0,0.0,0.0,0.0,0.0,0.0,0.0,0.0,0.0,0.0,0.0,0.0,0.0,0.0,0.0,0.0,0.0,0.0,0.0,0.0,0.0,0.0,0.0,438,,0,,,,,,,,
1182,439,WR bench,,5884,Kelvin Harmon,WR,FA,28,74,215,North Carolina State,84,1996-12-15,6,False,Active,,,,,999,0.0,0.0,0.0,0.0,0.0,0.0,0.0,0.0,0.0,0.0,0.0,0.0,0.0,0.0,0.0,0.0,0.0,0.0,0.0,0.0,0.0,0.0,0.0,0.0,0.0,0.0,439,,0,,,,,,,,
1099,61,K depth,,13764,Chris Freeman,K,FA,,73,200,UConn,,,0,True,Active,,,,K1,9999999,0.0,0.0,0.0,0.0,0.0,0.0,0.0,0.0,0.0,0.0,0.0,0.0,0.0,0.0,0.0,0.0,0.0,0.0,0.0,0.0,0.0,0.0,0.0,0.0,0.0,0.0,64,,0,,,,,,,,
680,241,WR depth,,5781,Malik Turner,WR,SF,30,74,202,Illinois,81,1996-01-30,8,False,Active,,,,,999,3.0,0.0,0.0,0.0,0.0,0.0,0.0,0.0,0.0,0.0,1.0,0.0,0.0,0.0,0.0,0.0,0.0,0.0,0.0,0.0,0.0,0.0,0.0,0.0,0.0,0.0,440,170.0,1,0,908,,,170.0,,,208
1185,245,TE bench,,11262,Damien Caffrey,TE,FA,,78,262,Stony Brook,88,,1,False,Active,,,,,9999999,0.0,0.0,0.0,0.0,0.0,0.0,0.0,0.0,0.0,0.0,0.0,0.0,0.0,0.0,0.0,0.0,0.0,0.0,0.0,0.0,0.0,0.0,0.0,0.0,0.0,0.0,245,,0,,,,,,,,
1186,441,WR bench,,4669,Andre Patton,WR,FA,27,76,200,Rutgers,0,1994-05-28,5,False,Active,,,,,551,0.0,0.0,0.0,0.0,0.0,0.0,0.0,0.0,0.0,0.0,0.0,0.0,0.0,0.0,0.0,0.0,0.0,0.0,0.0,0.0,0.0,0.0,0.0,0.0,0.0,0.0,441,,0,,,,,,,,
1187,442,WR bench,,1555,Kenny Stills,WR,FA,30,73,202,Oklahoma,12,1992-04-22,9,False,Active,,,,,9999999,0.0,0.0,0.0,0.0,0.0,0.0,0.0,0.0,0.0,0.0,0.0,0.0,0.0,0.0,0.0,0.0,0.0,0.0,0.0,0.0,0.0,0.0,0.0,0.0,0.0,0.0,442,,0,,,,,,,,
1188,144,QB bench,,12149,Gavin Hardison,QB,FA,24,74,206,UTEP,,2000-05-15,1,False,Active,,,,,9999999,0.0,0.0,0.0,0.0,0.0,0.0,0.0,0.0,0.0,0.0,0.0,0.0,0.0,0.0,0.0,0.0,0.0,0.0,0.0,0.0,0.0,0.0,0.0,0.0,0.0,0.0,144,,0,,,,,,,,
681,90,QB depth,,11567,Jordan Travis,QB,FA,24,73,200,Florida State,3,2000-05-02,1,False,Active,,,,,404,0.0,0.0,0.0,0.0,0.0,0.0,0.0,0.0,0.0,0.0,0.0,0.0,0.0,0.0,0.0,0.0,0.0,0.0,0.0,0.0,0.0,0.0,0.0,0.0,0.0,0.0,145,170.0,1,0,376,,,170.0,,,-325
1190,246,TE bench,,8660,Leroy Watson,TE,FA,27,76,311,UTSA,77,1998-06-10,3,False,Active,,,,,688,0.0,0.0,0.0,0.0,0.0,0.0,0.0,0.0,0.0,0.0,0.0,0.0,0.0,4.0,0.0,0.0,0.0,0.0,0.0,0.0,0.0,0.0,0.0,0.0,0.0,0.0,246,,0,,,,,,,,
1191,262,RB bench,,6506,Trayone Gray,RB,FA,26,73,233,Miami,43,1995-12-14,3,False,Active,,,,,9999999,0.0,0.0,0.0,0.0,0.0,0.0,0.0,0.0,0.0,0.0,0.0,0.0,0.0,0.0,0.0,0.0,0.0,0.0,0.0,0.0,0.0,0.0,0.0,0.0,0.0,0.0,262,,0,,,,,,,,
1192,443,WR bench,,8699,Cyrus Holder,WR,FA,,75,198,Duquesne,0,,1,False,Active,,,,,9999999,0.0,0.0,0.0,0.0,0.0,0.0,0.0,0.0,0.0,0.0,0.0,0.0,0.0,0.0,0.0,0.0,0.0,0.0,0.0,0.0,0.0,0.0,0.0,0.0,0.0,0.0,443,,0,,,,,,,,
1193,146,QB bench,,12792,Garrett Greene,QB,TB,24,71,201,West Virginia,85,2001-10-01,1,False,Active,,,,,999,0.0,0.0,0.0,0.0,0.0,0.0,0.0,0.0,0.0,0.0,0.0,0.0,0.0,0.0,0.0,0.0,0.0,0.0,0.0,0.0,0.0,0.0,0.0,0.0,0.0,0.0,146,,0,,,,,,,,
1194,247,TE bench,,812,Lee Smith,TE,ATL,34,78,265,Marshall,85,1987-11-21,11,False,Active,,,,,9999999,0.0,0.0,0.0,0.0,0.0,0.0,0.0,0.0,0.0,0.0,0.0,0.0,0.0,0.0,0.0,0.0,0.0,0.0,0.0,0.0,0.0,0.0,0.0,0.0,0.0,0.0,247,,0,,,,,,,,
1195,248,TE bench,,5609,Stephen Baggett,TE,FA,,77,247,East Carolina,86,,4,False,Active,,,,,9999999,0.0,0.0,0.0,0.0,0.0,0.0,0.0,0.0,0.0,0.0,0.0,0.0,0.0,0.0,0.0,0.0,0.0,0.0,0.0,0.0,0.0,0.0,0.0,0.0,0.0,0.0,248,,0,,,,,,,,
682,242,WR depth,,8921,Maurice Alexander,WR,CHI,29,70,173,Florida International,13,1997-01-10,4,False,Active,,,5,WR5,9999999,1.0,0.0,0.0,0.0,0.0,0.0,0.0,0.0,0.0,0.0,0.0,0.0,0.0,3.0,0.0,0.0,0.0,0.0,0.0,0.0,0.0,0.0,0.0,0.0,0.0,0.0,444,170.0,1,0,752,,,170.0,,,50
1100,248,RB depth,,13271,Mark Fletcher,RB,FA,,74,225,,,,0,True,Active,,,,,,0.0,0.0,0.0,0.0,0.0,0.0,0.0,0.0,0.0,0.0,0.0,0.0,0.0,0.0,0.0,0.0,0.0,0.0,0.0,0.0,0.0,0.0,0.0,0.0,0.0,0.0,263,,0,,,,,,,,
1198,264,RB bench,,12546,Marcus Yarns,RB,FA,24,71,190,Delaware,,2001-10-30,1,False,Active,,,,,646,0.0,0.0,0.0,0.0,0.0,0.0,0.0,0.0,0.0,0.0,0.0,0.0,0.0,0.0,0.0,0.0,0.0,0.0,0.0,0.0,0.0,0.0,0.0,0.0,0.0,0.0,264,,0,,,,,,,,
1199,445,WR bench,,6661,Joseph Parker,WR,FA,25,70,185,Chattanooga,80,1996-07-24,3,False,Active,,,,,9999999,0.0,0.0,0.0,0.0,0.0,0.0,0.0,0.0,0.0,0.0,0.0,0.0,0.0,0.0,0.0,0.0,0.0,0.0,0.0,0.0,0.0,0.0,0.0,0.0,0.0,0.0,445,,0,,,,,,,,
1101,249,RB depth,,13964,Myles Montgomery,RB,NE,,70,205,UCF,39,,0,True,Active,,,,,9999999,0.0,0.0,0.0,0.0,0.0,0.0,0.0,0.0,0.0,0.0,0.0,0.0,0.0,0.0,0.0,0.0,0.0,0.0,0.0,0.0,0.0,0.0,0.0,0.0,0.0,0.0,265,,0,,,,,,,,
1201,446,WR bench,,8628,Jontre Kirklin,WR,FA,25,72,184,LSU,84,1998-10-09,2,False,Active,,,,,399,0.0,0.0,0.0,0.0,0.0,0.0,0.0,0.0,0.0,0.0,0.0,0.0,0.0,0.0,0.0,0.0,0.0,0.0,0.0,0.0,0.0,0.0,0.0,0.0,0.0,0.0,446,,0,,,,,,,,
1202,266,RB bench,,4250,Sam Rogers,RB,FA,26,70,235,Virginia Tech,36,1995-04-12,5,False,Active,,,,,9999999,0.0,0.0,0.0,0.0,0.0,0.0,0.0,0.0,0.0,0.0,0.0,0.0,0.0,0.0,0.0,0.0,0.0,0.0,0.0,0.0,0.0,0.0,0.0,0.0,0.0,0.0,266,,0,,,,,,,,
1203,249,TE bench,,7359,Nakia Griffin-Stewart,TE,FA,25,77,260,Pittsburgh,89,1996-11-12,2,False,Active,,,,,446,0.0,0.0,0.0,0.0,0.0,0.0,0.0,0.0,0.0,0.0,0.0,0.0,0.0,0.0,0.0,0.0,0.0,0.0,0.0,0.0,0.0,0.0,0.0,0.0,0.0,0.0,249,,0,,,,,,,,
1204,447,WR bench,,6712,Marcus Simms,WR,FA,26,72,197,West Virginia,18,1997-12-18,5,False,Inactive,,,,,9999999,0.0,0.0,0.0,0.0,0.0,0.0,0.0,0.0,0.0,0.0,0.0,0.0,0.0,0.0,0.0,0.0,0.0,0.0,0.0,0.0,0.0,0.0,0.0,0.0,0.0,0.0,447,,0,,,,,,,,
1205,250,TE bench,,12246,Mike Rigerman,TE,FA,23,74,244,Findlay,,2001-06-29,1,False,Active,,,,,424,0.0,0.0,0.0,0.0,0.0,0.0,0.0,0.0,0.0,0.0,0.0,0.0,0.0,0.0,0.0,0.0,0.0,0.0,0.0,0.0,0.0,0.0,0.0,0.0,0.0,0.0,250,,0,,,,,,,,
1206,448,WR bench,,6629,Brian Burt,WR,FA,,71,194,Fresno State,12,,3,False,Active,,,,,9999999,0.0,0.0,0.0,0.0,0.0,0.0,0.0,0.0,0.0,0.0,0.0,0.0,0.0,0.0,0.0,0.0,0.0,0.0,0.0,0.0,0.0,0.0,0.0,0.0,0.0,0.0,448,,0,,,,,,,,
683,243,WR depth,,3433,Alex Erickson,WR,FA,32,72,195,Wisconsin,82,1992-11-06,9,False,Active,,,,,624,0.0,0.0,0.0,0.0,0.0,0.0,0.0,0.0,0.0,0.0,0.0,0.0,0.0,3.0,0.0,0.0,0.0,0.0,0.0,0.0,0.0,0.0,0.0,0.0,0.0,0.0,449,170.0,1,0,920,,,170.0,,,217
1208,450,WR bench,,13189,Luke Floriea,WR,CLE,24,68,180,Kent State,81,2001-10-23,1,False,Active,,,,,9999999,0.0,0.0,0.0,0.0,0.0,0.0,0.0,0.0,0.0,0.0,0.0,0.0,0.0,0.0,0.0,0.0,0.0,0.0,0.0,0.0,0.0,0.0,0.0,0.0,0.0,0.0,450,,0,,,,,,,,
1209,251,TE bench,,8638,Grayson Gunter,TE,FA,25,77,247,Southern Miss,0,1997-11-13,1,False,Active,,,,,675,0.0,0.0,0.0,0.0,0.0,0.0,0.0,0.0,0.0,0.0,0.0,0.0,0.0,0.0,0.0,0.0,0.0,0.0,0.0,0.0,0.0,0.0,0.0,0.0,0.0,0.0,251,,0,,,,,,,,
1102,408,WR depth,,13744,Cameron Ross,WR,DEN,24,70,186,Virginia,87,2001-08-16,0,True,Active,,,,,9999999,0.0,0.0,0.0,0.0,0.0,0.0,0.0,0.0,0.0,0.0,0.0,0.0,0.0,0.0,0.0,0.0,0.0,0.0,0.0,0.0,0.0,0.0,0.0,0.0,0.0,0.0,451,,0,,,,,,,,
1211,267,RB bench,,12868,Montrell Johnson,RB,FA,23,71,217,Florida,37,2002-10-13,1,False,Inactive,Questionable,,,,999,0.0,0.0,0.0,0.0,0.0,0.0,0.0,0.0,0.0,0.0,0.0,0.0,0.0,0.0,0.0,0.0,0.0,0.0,0.0,0.0,0.0,0.0,0.0,0.0,0.0,0.0,267,,0,,,,,,,,
1212,268,RB bench,,7212,Spencer Nigh,RB,FA,23,72,267,Auburn,42,1998-01-18,2,False,Active,,,,,9999999,0.0,0.0,0.0,0.0,0.0,0.0,0.0,0.0,0.0,0.0,0.0,0.0,0.0,0.0,0.0,0.0,0.0,0.0,0.0,0.0,0.0,0.0,0.0,0.0,0.0,0.0,268,,0,,,,,,,,
684,141,RB depth,,4111,D'Onta Foreman,RB,FA,28,72,235,Texas,27,1996-04-24,8,False,Active,,,,,245,0.0,0.0,0.0,0.0,0.0,0.0,0.0,0.0,0.0,0.0,0.0,0.0,0.0,11.0,32.6,2.96,0.0,0.0,0.0,71.0,232.0,0.0,6.0,8.0,54.0,0.0,269,170.0,1,0,883,,,170.0,,,179
1214,147,QB bench,,12259,Taulia Tagovailoa,QB,FA,24,71,200,Maryland,,2000-02-15,1,False,Active,,,,,409,0.0,0.0,0.0,0.0,0.0,0.0,0.0,0.0,0.0,0.0,0.0,0.0,0.0,0.0,0.0,0.0,0.0,0.0,0.0,0.0,0.0,0.0,0.0,0.0,0.0,0.0,147,,0,,,,,,,,
1215,252,TE bench,,11524,Izaiah Gathings,TE,FA,23,76,222,Middle Tennessee,85,2000-09-18,1,False,Active,,,,,701,0.0,0.0,0.0,0.0,0.0,0.0,0.0,0.0,0.0,0.0,0.0,0.0,0.0,0.0,0.0,0.0,0.0,0.0,0.0,0.0,0.0,0.0,0.0,0.0,0.0,0.0,252,,0,,,,,,,,
1216,270,RB bench,,2785,Gus Johnson,RB,FA,28,70,215,Stephen F. Austin,0,1993-08-10,7,False,Active,,,,,9999999,0.0,0.0,0.0,0.0,0.0,0.0,0.0,0.0,0.0,0.0,0.0,0.0,0.0,0.0,0.0,0.0,0.0,0.0,0.0,0.0,0.0,0.0,0.0,0.0,0.0,0.0,270,,0,,,,,,,,
1217,271,RB bench,,13088,Quali Conley,RB,FA,23,70,211,Arizona,,2002-09-25,1,False,Active,,,,,675,0.0,0.0,0.0,0.0,0.0,0.0,0.0,0.0,0.0,0.0,0.0,0.0,0.0,0.0,0.0,0.0,0.0,0.0,0.0,0.0,0.0,0.0,0.0,0.0,0.0,0.0,271,,0,,,,,,,,
685,244,WR depth,,7078,Tony Brown,WR,FA,24,73,195,Colorado,0,1997-08-08,2,False,Active,,,,,9999999,0.0,0.0,0.0,0.0,0.0,0.0,0.0,0.0,0.0,0.0,0.0,0.0,0.0,0.0,0.0,0.0,0.0,0.0,0.0,0.0,0.0,0.0,0.0,0.0,0.0,0.0,452,170.0,1,0,834,,,170.0,,,129
1219,272,RB bench,,6448,Darrin Hall,RB,FA,25,71,225,Pittsburgh,34,1996-09-06,3,False,Active,,,,,1710,0.0,0.0,0.0,0.0,0.0,0.0,0.0,0.0,0.0,0.0,0.0,0.0,0.0,0.0,0.0,0.0,0.0,0.0,0.0,0.0,0.0,0.0,0.0,0.0,0.0,0.0,272,,0,,,,,,,,
1220,273,RB bench,,2399,Ty Montgomery,RB,FA,30,72,220,Stanford,14,1993-01-22,8,False,Active,,,,,639,0.0,0.0,0.0,0.0,0.0,0.0,0.0,0.0,0.0,0.0,0.0,0.0,0.0,0.0,0.0,0.0,0.0,0.0,0.0,0.0,0.0,0.0,0.0,0.0,0.0,0.0,273,,0,,,,,,,,
1103,250,RB depth,,8417,Player Invalid,RB,FA,,,,,,,0,True,Inactive,,,,,,0.0,0.0,0.0,0.0,0.0,0.0,0.0,0.0,0.0,0.0,0.0,0.0,0.0,0.0,0.0,0.0,0.0,0.0,0.0,0.0,0.0,0.0,0.0,0.0,0.0,0.0,274,,0,,,,,,,,
686,134,TE depth,,8523,Nick Muse,TE,DET,27,77,252,South Carolina,40,1998-11-25,4,False,Active,,,5,TE5,9999999,0.0,0.0,0.0,0.0,0.0,0.0,0.0,0.0,0.0,0.0,0.0,0.0,0.0,4.0,0.0,0.0,0.0,0.0,0.0,0.0,0.0,0.0,0.0,0.0,0.0,0.0,253,170.0,1,0,699,,,170.0,,,-7
1223,453,WR bench,,11957,Sam Schnee,WR,FA,24,70,191,Northern Iowa,,2000-04-01,1,False,Active,,,,,461,0.0,0.0,0.0,0.0,0.0,0.0,0.0,0.0,0.0,0.0,0.0,0.0,0.0,0.0,0.0,0.0,0.0,0.0,0.0,0.0,0.0,0.0,0.0,0.0,0.0,0.0,453,,0,,,,,,,,
1224,454,WR bench,,5775,Jared Murphy,WR,FA,27,70,182,"Miami, O.",9,1994-07-20,4,False,Active,,,,,9999999,0.0,0.0,0.0,0.0,0.0,0.0,0.0,0.0,0.0,0.0,0.0,0.0,0.0,0.0,0.0,0.0,0.0,0.0,0.0,0.0,0.0,0.0,0.0,0.0,0.0,0.0,454,,0,,,,,,,,
1225,65,K bench,,6621,John Baron,K,FA,25,71,180,San Diego State,0,1996-01-25,3,False,Active,,,,K1,9999999,0.0,0.0,0.0,0.0,0.0,0.0,0.0,0.0,0.0,0.0,0.0,0.0,0.0,0.0,0.0,0.0,0.0,0.0,0.0,0.0,0.0,0.0,0.0,0.0,0.0,0.0,65,,0,,,,,,,,
1226,455,WR bench,,5539,Derrick Willies,WR,FA,27,76,207,Texas Tech,0,1994-10-12,4,False,Inactive,,,,,9999999,0.0,0.0,0.0,0.0,0.0,0.0,0.0,0.0,0.0,0.0,0.0,0.0,0.0,0.0,0.0,0.0,0.0,0.0,0.0,0.0,0.0,0.0,0.0,0.0,0.0,0.0,455,,0,,,,,,,,
1227,275,RB bench,,7539,Gerrid Doaks,RB,FA,25,71,228,Cincinnati,26,1998-06-09,3,False,Active,,,,,447,0.0,0.0,0.0,0.0,0.0,0.0,0.0,0.0,0.0,0.0,0.0,0.0,0.0,0.0,0.0,0.0,0.0,0.0,0.0,0.0,0.0,0.0,0.0,0.0,0.0,0.0,275,,0,,,,,,,,
1104,409,WR depth,,3861,Kieren Duncan,WR,FA,24,"5'11""",170,Colorado State-Pueblo,85,1993-10-12,0,True,Inactive,,,,,9999999,0.0,0.0,0.0,0.0,0.0,0.0,0.0,0.0,0.0,0.0,0.0,0.0,0.0,0.0,0.0,0.0,0.0,0.0,0.0,0.0,0.0,0.0,0.0,0.0,0.0,0.0,456,,0,,,,,,,,
1229,276,RB bench,,4994,Kalen Ballage,RB,FA,26,74,231,Arizona State,29,1995-12-22,4,False,Active,,,,,9999999,0.0,0.0,0.0,0.0,0.0,0.0,0.0,0.0,0.0,0.0,0.0,0.0,0.0,0.0,0.0,0.0,0.0,0.0,0.0,0.0,0.0,0.0,0.0,0.0,0.0,0.0,276,,0,,,,,,,,
687,91,QB depth,,1737,Case Keenum,QB,CHI,38,73,220,Houston,11,1988-02-17,14,False,Active,,,3,QB3,9999999,0.0,0.0,0.0,0.0,0.0,0.0,0.0,0.0,0.0,0.0,0.0,0.0,0.0,0.0,0.0,0.0,0.0,0.0,0.0,0.0,0.0,0.0,0.0,0.0,0.0,0.0,148,170.0,1,0,555,,,170.0,,,-152
1231,254,TE bench,,6469,Davis Koppenhaver,TE,FA,25,76,240,Duke,0,1996-01-24,3,False,Active,,,,,9999999,0.0,0.0,0.0,0.0,0.0,0.0,0.0,0.0,0.0,0.0,0.0,0.0,0.0,0.0,0.0,0.0,0.0,0.0,0.0,0.0,0.0,0.0,0.0,0.0,0.0,0.0,254,,0,,,,,,,,
1232,255,TE bench,,7624,Carson Williams,TE,FA,,77,240,Western Kentucky,86,,1,False,Inactive,,,,,,0.0,0.0,0.0,0.0,0.0,0.0,0.0,0.0,0.0,0.0,0.0,0.0,0.0,0.0,0.0,0.0,0.0,0.0,0.0,0.0,0.0,0.0,0.0,0.0,0.0,0.0,255,,0,,,,,,,,
1233,457,WR bench,,6247,Jason Moore,WR,FA,28,74,213,Findlay,29,1995-06-23,4,False,Active,,,,,434,0.0,0.0,0.0,0.0,0.0,0.0,0.0,0.0,0.0,0.0,0.0,0.0,0.0,0.0,0.0,0.0,0.0,0.0,0.0,0.0,0.0,0.0,0.0,0.0,0.0,0.0,457,,0,,,,,,,,
1105,410,WR depth,,14063,Liam Clifford,WR,IND,,73,200,,3,,0,True,Active,,,,,9999999,0.0,0.0,0.0,0.0,0.0,0.0,0.0,0.0,0.0,0.0,0.0,0.0,0.0,0.0,0.0,0.0,0.0,0.0,0.0,0.0,0.0,0.0,0.0,0.0,0.0,0.0,458,,0,,,,,,,,
1235,459,WR bench,,11495,Bryan Thompson,WR,FA,25,73,195,Arizona State,89,1999-04-07,1,False,Inactive,,,,,514,0.0,0.0,0.0,0.0,0.0,0.0,0.0,0.0,0.0,0.0,0.0,0.0,0.0,0.0,0.0,0.0,0.0,0.0,0.0,0.0,0.0,0.0,0.0,0.0,0.0,0.0,459,,0,,,,,,,,
1236,277,RB bench,,7425,Patrick Carr,RB,FA,26,70,205,Houston,0,1995-09-22,2,False,Active,,,,,9999999,0.0,0.0,0.0,0.0,0.0,0.0,0.0,0.0,0.0,0.0,0.0,0.0,0.0,0.0,0.0,0.0,0.0,0.0,0.0,0.0,0.0,0.0,0.0,0.0,0.0,0.0,277,,0,,,,,,,,
1237,256,TE bench,,7854,Miller Forristall,TE,FA,26,77,243,Alabama,82,1998-03-11,3,False,Active,,,,,429,0.0,0.0,0.0,0.0,0.0,0.0,0.0,0.0,0.0,0.0,0.0,0.0,0.0,0.0,0.0,0.0,0.0,0.0,0.0,0.0,0.0,0.0,0.0,0.0,0.0,0.0,256,,0,,,,,,,,
1238,278,RB bench,,4437,Connor Harris,RB,FA,28,72,243,Lindenwood,59,1993-06-22,5,False,Active,,,,,9999999,0.0,0.0,0.0,0.0,0.0,0.0,0.0,0.0,0.0,0.0,0.0,0.0,0.0,0.0,0.0,0.0,0.0,0.0,0.0,0.0,0.0,0.0,0.0,0.0,0.0,0.0,278,,0,,,,,,,,
1106,411,WR depth,,7566,Player Invalid,WR,FA,,,,,,,0,True,Inactive,,,,,,0.0,0.0,0.0,0.0,0.0,0.0,0.0,0.0,0.0,0.0,0.0,0.0,0.0,0.0,0.0,0.0,0.0,0.0,0.0,0.0,0.0,0.0,0.0,0.0,0.0,0.0,460,,0,,,,,,,,
1240,257,TE bench,,5253,Jordan Franks,TE,FA,27,76,232,UCF,46,1996-02-01,5,False,Inactive,,,,,9999999,0.0,0.0,0.0,0.0,0.0,0.0,0.0,0.0,0.0,0.0,0.0,0.0,0.0,0.0,0.0,0.0,0.0,0.0,0.0,0.0,0.0,0.0,0.0,0.0,0.0,0.0,257,,0,,,,,,,,
1241,461,WR bench,,1346,Marquise Goodwin,WR,FA,33,69,185,Texas,3,1990-11-19,11,False,Active,,,,,433,0.0,0.0,0.0,0.0,0.0,0.0,0.0,0.0,0.0,0.0,0.0,0.0,0.0,0.0,0.0,0.0,0.0,0.0,0.0,0.0,0.0,0.0,0.0,0.0,0.0,0.0,461,,0,,,,,,,,
1242,279,RB bench,,2949,Synjyn Days,RB,FA,34,72,223,Georgia Tech,0,1991-10-09,11,False,Active,,,,,9999999,0.0,0.0,0.0,0.0,0.0,0.0,0.0,0.0,0.0,0.0,0.0,0.0,0.0,0.0,0.0,0.0,0.0,0.0,0.0,0.0,0.0,0.0,0.0,0.0,0.0,0.0,279,,0,,,,,,,,
1243,258,TE bench,,200,Vernon Davis,TE,FA,37,75,248,Maryland,0,1984-01-31,16,False,Injured Reserve,,,,,9999999,0.0,0.0,0.0,0.0,0.0,0.0,0.0,0.0,0.0,0.0,0.0,0.0,0.0,0.0,0.0,0.0,0.0,0.0,0.0,0.0,0.0,0.0,0.0,0.0,0.0,0.0,258,,0,,,,,,,,
1244,462,WR bench,,8650,Lujuan Winningham,WR,FA,,75,195,Central Arkansas,0,,1,False,Active,,,,,9999999,0.0,0.0,0.0,0.0,0.0,0.0,0.0,0.0,0.0,0.0,0.0,0.0,0.0,0.0,0.0,0.0,0.0,0.0,0.0,0.0,0.0,0.0,0.0,0.0,0.0,0.0,462,,0,,,,,,,,
1245,463,WR bench,,13199,Montorie Foster,WR,SEA,25,71,188,Michigan State,87,2001-08-03,1,False,Active,,,,,9999999,0.0,0.0,0.0,0.0,0.0,0.0,0.0,0.0,0.0,0.0,0.0,0.0,0.0,0.0,0.0,0.0,0.0,0.0,0.0,0.0,0.0,0.0,0.0,0.0,0.0,0.0,463,,0,,,,,,,,
1246,66,K bench,,12112,Camden Lewis,K,FA,,70,205,Oregon,,,1,False,Active,,,,K1,9999999,0.0,0.0,0.0,0.0,0.0,0.0,0.0,0.0,0.0,0.0,0.0,0.0,0.0,0.0,0.0,0.0,0.0,0.0,0.0,0.0,0.0,0.0,0.0,0.0,0.0,0.0,66,,0,,,,,,,,
1107,412,WR depth,,13632,Devonte Ross,WR,LAC,23,70,170,Penn State,24,2002-09-09,0,True,Active,,,,,9999999,0.0,0.0,0.0,0.0,0.0,0.0,0.0,0.0,0.0,0.0,0.0,0.0,0.0,0.0,0.0,0.0,0.0,0.0,0.0,0.0,0.0,0.0,0.0,0.0,0.0,0.0,464,,0,,,,,,,,
1108,139,QB depth,,13428,Joey Aguilar,QB,JAX,25,75,225,Tennessee,17,2001-06-16,0,True,Active,,,,,9999999,0.0,0.0,0.0,0.0,0.0,0.0,0.0,0.0,0.0,0.0,0.0,0.0,0.0,0.0,0.0,0.0,0.0,0.0,0.0,0.0,0.0,0.0,0.0,0.0,0.0,0.0,149,,0,,,,,,,,
688,142,RB depth,,10870,Deneric Prince,RB,FA,25,72,216,Tulsa,30,2000-04-11,3,False,Active,,,,,564,0.0,0.0,0.0,0.0,0.0,0.0,0.0,0.0,0.0,0.0,0.0,0.0,0.0,0.0,0.0,0.0,0.0,0.0,0.0,0.0,0.0,0.0,0.0,0.0,0.0,0.0,280,170.0,1,0,706,,,170.0,,,-2
1109,251,RB depth,,8244,Player Invalid,RB,FA,,,,,,,0,True,Inactive,,,,,,0.0,0.0,0.0,0.0,0.0,0.0,0.0,0.0,0.0,0.0,0.0,0.0,0.0,0.0,0.0,0.0,0.0,0.0,0.0,0.0,0.0,0.0,0.0,0.0,0.0,0.0,281,,0,,,,,,,,
1251,465,WR bench,,7860,Osirus Mitchell,WR,FA,23,77,206,Mississippi State,82,1998-09-15,1,False,Active,,,,,9999999,0.0,0.0,0.0,0.0,0.0,0.0,0.0,0.0,0.0,0.0,0.0,0.0,0.0,0.0,0.0,0.0,0.0,0.0,0.0,0.0,0.0,0.0,0.0,0.0,0.0,0.0,465,,0,,,,,,,,
689,135,TE depth,,13349,Eli Stowers,TE,PHI,23,75,239,Vanderbilt,87,2003-04-15,0,True,Active,,,2,TE2,140,0.0,0.0,0.0,0.0,0.0,0.0,0.0,0.0,0.0,0.0,0.0,0.0,0.0,0.0,0.0,0.0,0.0,0.0,0.0,0.0,0.0,0.0,0.0,0.0,0.0,0.0,259,170.0,1,0,349,,,170.0,,,-360
1110,215,TE depth,,13430,RJ Maryland,TE,GB,22,75,236,SMU,48,2004-07-09,0,True,Inactive,IR,,,,9999999,0.0,0.0,0.0,0.0,0.0,0.0,0.0,0.0,0.0,0.0,0.0,0.0,0.0,0.0,0.0,0.0,0.0,0.0,0.0,0.0,0.0,0.0,0.0,0.0,0.0,0.0,260,,0,,,,,,,,
1254,67,K bench,,7446,Tucker McCann,K,FA,24,74,215,Missouri,0,1997-11-10,2,False,Active,,,,K1,280,0.0,0.0,0.0,0.0,0.0,0.0,0.0,0.0,0.0,0.0,0.0,0.0,0.0,0.0,0.0,0.0,0.0,0.0,0.0,0.0,0.0,0.0,0.0,0.0,0.0,0.0,67,,0,,,,,,,,
1255,68,K bench,,49,Robbie Gould,K,FA,40,72,190,Penn State,9,1982-12-06,18,False,Active,,,,K1,222,0.0,0.0,0.0,0.0,0.0,0.0,0.0,0.0,0.0,0.0,0.0,0.0,0.0,0.0,0.0,0.0,0.0,0.0,0.0,0.0,0.0,0.0,0.0,0.0,0.0,0.0,68,,0,,,,,,,,
1256,150,QB bench,,167,Tom Brady,QB,FA,45,76,225,Michigan,12,1977-08-03,23,False,Active,,,,,74,0.0,0.0,0.0,0.0,0.0,0.0,0.0,0.0,0.0,0.0,0.0,0.0,0.0,0.0,0.0,0.0,0.0,0.0,0.0,0.0,0.0,0.0,0.0,0.0,0.0,0.0,150,,0,,,,,,,,
690,245,WR depth,,13202,Dalevon Campbell,WR,LAC,24,76,220,South Carolina,81,2001-12-05,1,False,Active,,,,,999,2.0,0.0,0.0,0.0,0.0,0.0,0.0,0.0,0.0,0.0,0.0,0.0,0.0,0.0,0.0,0.0,0.0,0.0,0.0,0.0,0.0,0.0,0.0,0.0,0.0,0.0,466,170.0,1,0,799,,,170.0,,,89
1258,282,RB bench,,12963,Kayron Lynch-Adams,RB,FA,,70,215,Michigan State,,,1,False,Active,,,,,583,0.0,0.0,0.0,0.0,0.0,0.0,0.0,0.0,0.0,0.0,0.0,0.0,0.0,0.0,0.0,0.0,0.0,0.0,0.0,0.0,0.0,0.0,0.0,0.0,0.0,0.0,282,,0,,,,,,,,
691,92,QB depth,,10983,Sean Clifford,QB,CIN,28,74,212,Penn State,4,1998-07-14,3,False,Active,,,4,QB4,999,0.0,0.0,0.0,0.0,0.0,0.0,0.0,0.0,0.0,0.0,0.0,0.0,0.0,0.0,0.0,0.0,0.0,0.0,0.0,0.0,0.0,0.0,0.0,0.0,0.0,0.0,151,170.0,1,0,475,,,170.0,,,-236
1260,467,WR bench,,3555,Canaan Severin,WR,FA,28,74,205,Virginia,83,1993-03-16,6,False,Active,,,,,9999999,0.0,0.0,0.0,0.0,0.0,0.0,0.0,0.0,0.0,0.0,0.0,0.0,0.0,0.0,0.0,0.0,0.0,0.0,0.0,0.0,0.0,0.0,0.0,0.0,0.0,0.0,467,,0,,,,,,,,
1261,261,TE bench,,7272,Dylan Stapleton,TE,FA,23,77,242,James Madison,84,1998-05-27,2,False,Inactive,,,,,9999999,0.0,0.0,0.0,0.0,0.0,0.0,0.0,0.0,0.0,0.0,0.0,0.0,0.0,0.0,0.0,0.0,0.0,0.0,0.0,0.0,0.0,0.0,0.0,0.0,0.0,0.0,261,,0,,,,,,,,
692,143,RB depth,,8820,Troy Hairston,RB,FA,26,71,245,Central Michigan,36,1998-12-08,3,False,Active,,,,,502,0.0,0.0,0.0,0.0,0.0,0.0,0.0,0.0,0.0,0.0,0.0,0.0,0.0,2.0,0.0,0.0,0.0,0.0,0.0,0.0,0.0,0.0,0.0,0.0,0.0,0.0,283,170.0,1,0,850,,,170.0,,,138
1263,468,WR bench,,6492,Terry Wright,WR,FA,24,70,177,Purdue,9,1997-01-28,3,False,Active,,,,,9999999,0.0,0.0,0.0,0.0,0.0,0.0,0.0,0.0,0.0,0.0,0.0,0.0,0.0,0.0,0.0,0.0,0.0,0.0,0.0,0.0,0.0,0.0,0.0,0.0,0.0,0.0,468,,0,,,,,,,,
1264,284,RB bench,,4042,Joe Williams,RB,FA,28,71,205,Utah,32,1993-09-04,5,False,Active,,,,,9999999,0.0,0.0,0.0,0.0,0.0,0.0,0.0,0.0,0.0,0.0,0.0,0.0,0.0,0.0,0.0,0.0,0.0,0.0,0.0,0.0,0.0,0.0,0.0,0.0,0.0,0.0,284,,0,,,,,,,,
1265,152,QB bench,,12408,Michael Hiers,QB,FA,25,73,215,Samford,,1999-05-28,1,False,Active,,,,,9999999,0.0,0.0,0.0,0.0,0.0,0.0,0.0,0.0,0.0,0.0,0.0,0.0,0.0,0.0,0.0,0.0,0.0,0.0,0.0,0.0,0.0,0.0,0.0,0.0,0.0,0.0,152,,0,,,,,,,,
1266,262,TE bench,,12941,Bryson Nesbit,TE,MIN,23,77,228,North Carolina,83,2002-09-25,1,False,Active,,,,,999,0.0,0.0,0.0,0.0,0.0,0.0,0.0,0.0,0.0,0.0,0.0,0.0,0.0,0.0,0.0,0.0,0.0,0.0,0.0,0.0,0.0,0.0,0.0,0.0,0.0,0.0,262,,0,,,,,,,,
1267,469,WR bench,,4420,Cody Hollister,WR,FA,29,76,220,Arkansas,8,1993-11-18,6,False,Active,,,,,9999999,0.0,0.0,0.0,0.0,0.0,0.0,0.0,0.0,0.0,0.0,0.0,0.0,0.0,0.0,0.0,0.0,0.0,0.0,0.0,0.0,0.0,0.0,0.0,0.0,0.0,0.0,469,,0,,,,,,,,
1268,69,K bench,,8536,Caleb Shudak,K,FA,25,67,177,Iowa,6,1997-11-19,1,False,Active,,,,K1,9999999,0.0,0.0,0.0,0.0,0.0,0.0,0.0,0.0,0.0,0.0,0.0,0.0,0.0,0.0,0.0,0.0,0.0,0.0,0.0,0.0,0.0,0.0,0.0,0.0,0.0,0.0,69,,0,,,,,,,,
1269,285,RB bench,,5355,Nick Sharga,RB,FA,,74,240,Temple,0,,4,False,Active,,,,,1050,0.0,0.0,0.0,0.0,0.0,0.0,0.0,0.0,0.0,0.0,0.0,0.0,0.0,0.0,0.0,0.0,0.0,0.0,0.0,0.0,0.0,0.0,0.0,0.0,0.0,0.0,285,,0,,,,,,,,
1270,470,WR bench,,8198,Charleston Rambo,WR,FA,24,73,185,Miami (FL),43,1999-08-10,2,False,Inactive,,,,,260,0.0,0.0,0.0,0.0,0.0,0.0,0.0,0.0,0.0,0.0,0.0,0.0,0.0,0.0,0.0,0.0,0.0,0.0,0.0,0.0,0.0,0.0,0.0,0.0,0.0,0.0,470,,0,,,,,,,,
1111,413,WR depth,,13667,Marcus Burke,WR,FA,,75,195,,,,0,True,Active,,,,,9999999,0.0,0.0,0.0,0.0,0.0,0.0,0.0,0.0,0.0,0.0,0.0,0.0,0.0,0.0,0.0,0.0,0.0,0.0,0.0,0.0,0.0,0.0,0.0,0.0,0.0,0.0,471,,0,,,,,,,,
1272,286,RB bench,,6352,Matt Colburn,RB,FA,27,70,201,Wake Forest,0,1997-07-27,6,False,Active,,,,,9999999,0.0,0.0,0.0,0.0,0.0,0.0,0.0,0.0,0.0,0.0,0.0,0.0,0.0,0.0,0.0,0.0,0.0,0.0,0.0,0.0,0.0,0.0,0.0,0.0,0.0,0.0,286,,0,,,,,,,,
1273,472,WR bench,,2822,Adam Humphries,WR,FA,30,74,195,Clemson,27,1993-06-24,8,False,Active,,,,,9999999,0.0,0.0,0.0,0.0,0.0,0.0,0.0,0.0,0.0,0.0,0.0,0.0,0.0,0.0,0.0,0.0,0.0,0.0,0.0,0.0,0.0,0.0,0.0,0.0,0.0,0.0,472,,0,,,,,,,,
1112,414,WR depth,,13647,Ben Patterson,WR,FA,,77,220,Texas Permian Basin,83,,0,True,Active,,,,,9999999,0.0,0.0,0.0,0.0,0.0,0.0,0.0,0.0,0.0,0.0,0.0,0.0,0.0,0.0,0.0,0.0,0.0,0.0,0.0,0.0,0.0,0.0,0.0,0.0,0.0,0.0,473,,0,,,,,,,,
1275,474,WR bench,,6985,Dezmon Patmon,WR,FA,25,76,225,Washington State,86,1998-08-06,3,False,Active,,,,,9999999,0.0,0.0,0.0,0.0,0.0,0.0,0.0,0.0,0.0,0.0,0.0,0.0,0.0,0.0,0.0,0.0,0.0,0.0,0.0,0.0,0.0,0.0,0.0,0.0,0.0,0.0,474,,0,,,,,,,,
1276,475,WR bench,,6107,Emmanuel Butler,WR,FA,25,76,220,Northern Arizona,18,1996-08-27,3,False,Inactive,,,,,1653,0.0,0.0,0.0,0.0,0.0,0.0,0.0,0.0,0.0,0.0,0.0,0.0,0.0,0.0,0.0,0.0,0.0,0.0,0.0,0.0,0.0,0.0,0.0,0.0,0.0,0.0,475,,0,,,,,,,,
1277,476,WR bench,,2787,David Porter,WR,FA,32,72,197,TCU,0,1992-12-21,10,False,Active,,,,,9999999,0.0,0.0,0.0,0.0,0.0,0.0,0.0,0.0,0.0,0.0,0.0,0.0,0.0,0.0,0.0,0.0,0.0,0.0,0.0,0.0,0.0,0.0,0.0,0.0,0.0,0.0,476,,0,,,,,,,,
1278,153,QB bench,,12277,John Matocha,QB,FA,,71,180,Colorado School of Mines,,,1,False,Active,,,,,9999999,0.0,0.0,0.0,0.0,0.0,0.0,0.0,0.0,0.0,0.0,0.0,0.0,0.0,0.0,0.0,0.0,0.0,0.0,0.0,0.0,0.0,0.0,0.0,0.0,0.0,0.0,153,,0,,,,,,,,
1279,477,WR bench,,5608,Devonte Boyd,WR,FA,27,73,185,Nevada-Las Vegas,8,1994-10-05,4,False,Active,,,,,9999999,0.0,0.0,0.0,0.0,0.0,0.0,0.0,0.0,0.0,0.0,0.0,0.0,0.0,0.0,0.0,0.0,0.0,0.0,0.0,0.0,0.0,0.0,0.0,0.0,0.0,0.0,477,,0,,,,,,,,
1113,216,TE depth,,13432,Khalil Dinkins,TE,FA,,76,226,Penn State,82,,0,True,Active,Questionable,,,,9999999,0.0,0.0,0.0,0.0,0.0,0.0,0.0,0.0,0.0,0.0,0.0,0.0,0.0,0.0,0.0,0.0,0.0,0.0,0.0,0.0,0.0,0.0,0.0,0.0,0.0,0.0,263,,0,,,,,,,,
693,93,QB depth,,10862,Dorian Thompson-Robinson,QB,FA,25,74,203,UCLA,14,1999-11-14,2,False,Active,,,,,548,0.0,0.0,0.0,0.0,0.0,0.0,0.0,0.0,0.0,0.0,0.0,0.0,0.0,7.0,21.8,3.11,440.0,0.0,6.0,21.0,122.0,0.0,0.0,0.0,0.0,0.0,154,170.0,1,0,425,,,170.0,,,-288
1282,287,RB bench,,3640,Soma Vainuku,RB,FA,29,72,255,Southern California,37,1992-05-28,6,False,Active,,,,,9999999,0.0,0.0,0.0,0.0,0.0,0.0,0.0,0.0,0.0,0.0,0.0,0.0,0.0,0.0,0.0,0.0,0.0,0.0,0.0,0.0,0.0,0.0,0.0,0.0,0.0,0.0,287,,0,,,,,,,,
1283,264,TE bench,,12068,Mason Pline,TE,KC,26,79,260,Furman,46,2000-02-05,2,False,Active,,,5,TE5,9999999,0.0,0.0,0.0,0.0,0.0,0.0,0.0,0.0,0.0,0.0,0.0,0.0,0.0,0.0,0.0,0.0,0.0,0.0,0.0,0.0,0.0,0.0,0.0,0.0,0.0,0.0,264,,0,,,,,,,,
1284,288,RB bench,,4696,Trey Edmunds,RB,FA,27,74,223,Maryland,33,1994-12-30,5,False,Active,,,,,9999999,0.0,0.0,0.0,0.0,0.0,0.0,0.0,0.0,0.0,0.0,0.0,0.0,0.0,0.0,0.0,0.0,0.0,0.0,0.0,0.0,0.0,0.0,0.0,0.0,0.0,0.0,288,,0,,,,,,,,
1285,155,QB bench,,11961,Emory Jones,QB,FA,25,74,211,Cincinnati,15,2000-04-29,2,False,Active,,,,,372,0.0,0.0,0.0,0.0,0.0,0.0,0.0,0.0,0.0,0.0,0.0,0.0,0.0,0.0,0.0,0.0,0.0,0.0,0.0,0.0,0.0,0.0,0.0,0.0,0.0,0.0,155,,0,,,,,,,,
1286,265,TE bench,,8203,Jeremiah Hall,TE,FA,,74,248,Oklahoma,0,,1,False,Active,,,,,9999999,0.0,0.0,0.0,0.0,0.0,0.0,0.0,0.0,0.0,0.0,0.0,0.0,0.0,0.0,0.0,0.0,0.0,0.0,0.0,0.0,0.0,0.0,0.0,0.0,0.0,0.0,265,,0,,,,,,,,
1114,140,QB depth,,13816,Mark Gronowski,QB,MIA,24,74,226,Iowa,16,2001-10-05,0,True,Active,,,,,9999999,0.0,0.0,0.0,0.0,0.0,0.0,0.0,0.0,0.0,0.0,0.0,0.0,0.0,0.0,0.0,0.0,0.0,0.0,0.0,0.0,0.0,0.0,0.0,0.0,0.0,0.0,156,,0,,,,,,,,
1288,478,WR bench,,13264,Dohnte Meyers,WR,CIN,26,71,186,Delta State,81,2000-07-06,3,False,Active,,,,,9999999,0.0,0.0,0.0,0.0,0.0,0.0,0.0,0.0,0.0,0.0,0.0,0.0,0.0,0.0,0.0,0.0,0.0,0.0,0.0,0.0,0.0,0.0,0.0,0.0,0.0,0.0,478,,0,,,,,,,,
1289,70,K bench,,8893,Nick Sciba,K,FA,23,69,191,Wake Forest,0,1999-10-02,2,False,Active,,,,K1,513,0.0,0.0,0.0,0.0,0.0,0.0,0.0,0.0,0.0,0.0,0.0,0.0,0.0,0.0,0.0,0.0,0.0,0.0,0.0,0.0,0.0,0.0,0.0,0.0,0.0,0.0,70,,0,,,,,,,,
1290,71,K bench,,59,Mason Crosby,K,FA,39,73,212,Colorado,21,1984-09-03,17,False,Active,,,,K1,336,0.0,0.0,0.0,0.0,0.0,0.0,0.0,0.0,0.0,0.0,0.0,0.0,0.0,0.0,0.0,0.0,0.0,0.0,0.0,0.0,0.0,0.0,0.0,0.0,0.0,0.0,71,,0,,,,,,,,
694,136,TE depth,,7106,Lawrence Cager,TE,WAS,28,77,220,Georgia,89,1997-08-20,6,False,Active,,,4,TE4,9999999,1.0,0.0,0.0,0.0,0.0,0.0,0.0,0.0,0.0,0.0,0.0,0.0,0.0,0.0,0.0,0.0,0.0,0.0,0.0,0.0,0.0,0.0,0.0,0.0,0.0,0.0,266,170.0,1,0,738,,,170.0,,,24
1292,72,K bench,,775,Stephen Hauschka,K,FA,36,76,210,North Carolina State,0,1985-06-29,14,False,Injured Reserve,,,,K1,624,0.0,0.0,0.0,0.0,0.0,0.0,0.0,0.0,0.0,0.0,0.0,0.0,0.0,0.0,0.0,0.0,0.0,0.0,0.0,0.0,0.0,0.0,0.0,0.0,0.0,0.0,72,,0,,,,,,,,
1293,267,TE bench,,12191,Trent Pennix,TE,FA,25,74,234,North Carolina State,,1999-12-10,1,False,Active,,,,,551,0.0,0.0,0.0,0.0,0.0,0.0,0.0,0.0,0.0,0.0,0.0,0.0,0.0,0.0,0.0,0.0,0.0,0.0,0.0,0.0,0.0,0.0,0.0,0.0,0.0,0.0,267,,0,,,,,,,,
1294,479,WR bench,,5997,Jazz Ferguson,WR,FA,25,77,228,"Northwestern State, La.",87,1997-01-12,3,False,Active,,,,,9999999,0.0,0.0,0.0,0.0,0.0,0.0,0.0,0.0,0.0,0.0,0.0,0.0,0.0,0.0,0.0,0.0,0.0,0.0,0.0,0.0,0.0,0.0,0.0,0.0,0.0,0.0,479,,0,,,,,,,,
1295,157,QB bench,,7063,Shea Patterson,QB,FA,24,74,215,Michigan,0,1997-01-17,2,False,Active,,,,,9999999,0.0,0.0,0.0,0.0,0.0,0.0,0.0,0.0,0.0,0.0,0.0,0.0,0.0,0.0,0.0,0.0,0.0,0.0,0.0,0.0,0.0,0.0,0.0,0.0,0.0,0.0,157,,0,,,,,,,,
1296,480,WR bench,,1678,Uzoma Nwachukwu,WR,FA,31,71,198,Texas A&M,16,1990-12-15,9,False,Active,,,,,9999999,0.0,0.0,0.0,0.0,0.0,0.0,0.0,0.0,0.0,0.0,0.0,0.0,0.0,0.0,0.0,0.0,0.0,0.0,0.0,0.0,0.0,0.0,0.0,0.0,0.0,0.0,480,,0,,,,,,,,
1297,481,WR bench,,928,Randall Cobb,WR,FA,33,70,192,Kentucky,18,1990-08-22,13,False,Active,,,,,361,0.0,0.0,0.0,0.0,0.0,0.0,0.0,0.0,0.0,0.0,0.0,0.0,0.0,0.0,0.0,0.0,0.0,0.0,0.0,0.0,0.0,0.0,0.0,0.0,0.0,0.0,481,,0,,,,,,,,
1298,482,WR bench,,4456,K.D. Cannon,WR,FA,26,72,180,Baylor,81,1995-11-05,5,False,Active,,,,,9999999,0.0,0.0,0.0,0.0,0.0,0.0,0.0,0.0,0.0,0.0,0.0,0.0,0.0,0.0,0.0,0.0,0.0,0.0,0.0,0.0,0.0,0.0,0.0,0.0,0.0,0.0,482,,0,,,,,,,,
150,17,TE depth,,13330,Kenyon Sadiq,TE,NYJ,21,75,241,Oregon,16,2005-03-04,0,True,Active,Questionable,Surgery,1,TE1,109,0.0,0.0,0.0,0.0,0.0,0.0,0.0,0.0,0.0,0.0,0.0,0.0,0.0,0.0,0.0,0.0,0.0,0.0,0.0,0.0,0.0,0.0,0.0,0.0,0.0,0.0,268,146.0,2,58,154,,158.2,133.8,,,-561
1300,483,WR bench,,12755,Kelly Akharaiyi,WR,FA,25,72,201,Mississippi State,,2000-02-05,1,False,Active,,,,,698,0.0,0.0,0.0,0.0,0.0,0.0,0.0,0.0,0.0,0.0,0.0,0.0,0.0,0.0,0.0,0.0,0.0,0.0,0.0,0.0,0.0,0.0,0.0,0.0,0.0,0.0,483,,0,,,,,,,,
1301,269,TE bench,,7317,Jared Rice,TE,FA,25,77,243,Fresno State,40,1996-10-19,2,False,Active,,,,,9999999,0.0,0.0,0.0,0.0,0.0,0.0,0.0,0.0,0.0,0.0,0.0,0.0,0.0,0.0,0.0,0.0,0.0,0.0,0.0,0.0,0.0,0.0,0.0,0.0,0.0,0.0,269,,0,,,,,,,,
695,144,RB depth,,8211,Tyrion Davis-Price,RB,FA,24,72,211,LSU,44,2000-10-23,3,False,Active,,,,,603,0.0,0.0,0.0,0.0,0.0,0.0,0.0,0.0,0.0,0.0,0.0,0.0,0.0,1.0,0.7,0.7,0.0,0.0,0.0,3.0,7.0,0.0,0.0,0.0,0.0,0.0,289,170.0,1,0,843,,,170.0,,,127
1303,484,WR bench,,5777,Malachi Jones,WR,FA,27,74,215,Appalachian State,2,1994-03-20,6,False,Active,,,,,9999999,0.0,0.0,0.0,0.0,0.0,0.0,0.0,0.0,0.0,0.0,0.0,0.0,0.0,0.0,0.0,0.0,0.0,0.0,0.0,0.0,0.0,0.0,0.0,0.0,0.0,0.0,484,,0,,,,,,,,
1304,485,WR bench,,5798,Darren Carrington,WR,FA,27,75,205,Utah,16,1994-10-11,4,False,Inactive,NA,,,,9999999,0.0,0.0,0.0,0.0,0.0,0.0,0.0,0.0,0.0,0.0,0.0,0.0,0.0,0.0,0.0,0.0,0.0,0.0,0.0,0.0,0.0,0.0,0.0,0.0,0.0,0.0,485,,0,,,,,,,,
1305,158,QB bench,,3456,Joel Stave,QB,FA,29,77,219,Wisconsin,0,1992-05-16,6,False,Injured Reserve,,,,,9999999,0.0,0.0,0.0,0.0,0.0,0.0,0.0,0.0,0.0,0.0,0.0,0.0,0.0,0.0,0.0,0.0,0.0,0.0,0.0,0.0,0.0,0.0,0.0,0.0,0.0,0.0,158,,0,,,,,,,,
1306,486,WR bench,,5432,Cam Sims,WR,FA,28,77,214,Alabama,87,1996-01-06,6,False,Active,,,,,9999999,0.0,0.0,0.0,0.0,0.0,0.0,0.0,0.0,0.0,0.0,0.0,0.0,0.0,0.0,0.0,0.0,0.0,0.0,0.0,0.0,0.0,0.0,0.0,0.0,0.0,0.0,486,,0,,,,,,,,
342,69,RB depth,,7599,Jermar Jefferson,RB,FA,26,70,212,Oregon State,43,2000-04-15,5,False,Active,,,,,999,2.0,0.0,0.0,0.0,0.0,0.0,0.0,0.0,0.0,0.0,0.0,0.0,0.0,2.0,4.2,2.1,0.0,0.0,0.0,6.0,22.0,0.0,1.0,1.0,10.0,0.0,290,169.9,1,0,345,,,169.9,,,-372
1308,270,TE bench,,2346,Devin Funchess,TE,FA,28,76,235,Michigan,13,1994-05-21,7,False,Active,,,,,550,0.0,0.0,0.0,0.0,0.0,0.0,0.0,0.0,0.0,0.0,0.0,0.0,0.0,0.0,0.0,0.0,0.0,0.0,0.0,0.0,0.0,0.0,0.0,0.0,0.0,0.0,270,,0,,,,,,,,
1309,487,WR bench,,2703,Ezell Ruffin,WR,FA,32,73,210,San Diego State,3,1992-03-17,10,False,Active,,,,,9999999,0.0,0.0,0.0,0.0,0.0,0.0,0.0,0.0,0.0,0.0,0.0,0.0,0.0,0.0,0.0,0.0,0.0,0.0,0.0,0.0,0.0,0.0,0.0,0.0,0.0,0.0,487,,0,,,,,,,,
1310,488,WR bench,,3505,Dom Williams,WR,FA,29,74,200,Washington State,80,1992-12-11,6,False,Active,,,,,9999999,0.0,0.0,0.0,0.0,0.0,0.0,0.0,0.0,0.0,0.0,0.0,0.0,0.0,0.0,0.0,0.0,0.0,0.0,0.0,0.0,0.0,0.0,0.0,0.0,0.0,0.0,488,,0,,,,,,,,
1311,489,WR bench,,5223,Caleb Scott,WR,TEN,25,74,203,Vanderbilt,83,1996-02-26,4,False,Active,,,,,9999999,0.0,0.0,0.0,0.0,0.0,0.0,0.0,0.0,0.0,0.0,0.0,0.0,0.0,0.0,0.0,0.0,0.0,0.0,0.0,0.0,0.0,0.0,0.0,0.0,0.0,0.0,489,,0,,,,,,,,
1312,490,WR bench,,642,Golden Tate,WR,FA,33,70,197,Notre Dame,0,1988-08-02,12,False,Active,,,,,473,0.0,0.0,0.0,0.0,0.0,0.0,0.0,0.0,0.0,0.0,0.0,0.0,0.0,0.0,0.0,0.0,0.0,0.0,0.0,0.0,0.0,0.0,0.0,0.0,0.0,0.0,490,,0,,,,,,,,
696,94,QB depth,,9999,Will Levis,QB,TEN,27,76,229,Kentucky,8,1999-06-27,3,False,Active,,,2,QB2,999,0.0,0.0,0.0,0.0,0.0,0.0,0.0,0.0,0.0,0.0,0.0,0.0,0.0,12.0,131.94,10.99,2091.0,13.0,12.0,45.0,183.0,0.0,0.0,0.0,0.0,0.0,159,170.0,1,0,474,,,170.0,,,-244
1115,415,WR depth,,13344,Preston Fox,WR,FA,,70,188,,,,0,True,Active,,,,,,0.0,0.0,0.0,0.0,0.0,0.0,0.0,0.0,0.0,0.0,0.0,0.0,0.0,0.0,0.0,0.0,0.0,0.0,0.0,0.0,0.0,0.0,0.0,0.0,0.0,0.0,491,,0,,,,,,,,
1315,492,WR bench,,6420,Jon'Vea Johnson,WR,FA,26,72,192,Toledo,0,1995-12-23,3,False,Active,,,,,580,0.0,0.0,0.0,0.0,0.0,0.0,0.0,0.0,0.0,0.0,0.0,0.0,0.0,0.0,0.0,0.0,0.0,0.0,0.0,0.0,0.0,0.0,0.0,0.0,0.0,0.0,492,,0,,,,,,,,
1316,493,WR bench,,6373,A.J. Richardson,WR,FA,26,72,212,Boise State,0,1995-06-02,3,False,Active,,,,,9999999,0.0,0.0,0.0,0.0,0.0,0.0,0.0,0.0,0.0,0.0,0.0,0.0,0.0,0.0,0.0,0.0,0.0,0.0,0.0,0.0,0.0,0.0,0.0,0.0,0.0,0.0,493,,0,,,,,,,,
1116,217,TE depth,,8256,Player Invalid,TE,FA,,,,,,,0,True,Inactive,,,,,,0.0,0.0,0.0,0.0,0.0,0.0,0.0,0.0,0.0,0.0,0.0,0.0,0.0,0.0,0.0,0.0,0.0,0.0,0.0,0.0,0.0,0.0,0.0,0.0,0.0,0.0,271,,0,,,,,,,,
1318,291,RB bench,,7990,Garrett Groshek,RB,FA,24,71,220,Wisconsin,0,1997-08-02,1,False,Active,,,,,9999999,0.0,0.0,0.0,0.0,0.0,0.0,0.0,0.0,0.0,0.0,0.0,0.0,0.0,0.0,0.0,0.0,0.0,0.0,0.0,0.0,0.0,0.0,0.0,0.0,0.0,0.0,291,,0,,,,,,,,
1319,160,QB bench,,1612,Tyler Bray,QB,FA,30,78,215,Tennessee,0,1991-12-27,9,False,Inactive,,,,,288,0.0,0.0,0.0,0.0,0.0,0.0,0.0,0.0,0.0,0.0,0.0,0.0,0.0,0.0,0.0,0.0,0.0,0.0,0.0,0.0,0.0,0.0,0.0,0.0,0.0,0.0,160,,0,,,,,,,,
1320,494,WR bench,,7279,DeMichael Harris,WR,FA,24,68,178,Southern Miss,12,1998-07-12,2,False,Active,,,,,9999999,0.0,0.0,0.0,0.0,0.0,0.0,0.0,0.0,0.0,0.0,0.0,0.0,0.0,0.0,0.0,0.0,0.0,0.0,0.0,0.0,0.0,0.0,0.0,0.0,0.0,0.0,494,,0,,,,,,,,
1321,495,WR bench,,11529,Ed Lee,WR,FA,24,70,185,Rhode Island,67,1999-05-29,1,False,Active,,,,,9999999,0.0,0.0,0.0,0.0,0.0,0.0,0.0,0.0,0.0,0.0,0.0,0.0,0.0,0.0,0.0,0.0,0.0,0.0,0.0,0.0,0.0,0.0,0.0,0.0,0.0,0.0,495,,0,,,,,,,,
697,246,WR depth,,12690,Tommy Mellott,WR,FA,24,72,208,Montana State,,2001-10-16,1,False,Active,,,,,606,0.0,0.0,0.0,0.0,0.0,0.0,0.0,0.0,0.0,0.0,0.0,0.0,0.0,0.0,0.0,0.0,0.0,0.0,0.0,0.0,0.0,0.0,0.0,0.0,0.0,0.0,496,170.0,1,0,431,,,170.0,,,-288
1323,497,WR bench,,2580,Titus Davis,WR,FA,29,74,190,Central Michigan,2,1993-01-03,7,False,Active,,,,,9999999,0.0,0.0,0.0,0.0,0.0,0.0,0.0,0.0,0.0,0.0,0.0,0.0,0.0,0.0,0.0,0.0,0.0,0.0,0.0,0.0,0.0,0.0,0.0,0.0,0.0,0.0,497,,0,,,,,,,,
1324,498,WR bench,,12778,Jerjuan Newton,WR,FA,24,71,192,Toledo,,2001-05-19,1,False,Active,,,,,689,0.0,0.0,0.0,0.0,0.0,0.0,0.0,0.0,0.0,0.0,0.0,0.0,0.0,0.0,0.0,0.0,0.0,0.0,0.0,0.0,0.0,0.0,0.0,0.0,0.0,0.0,498,,0,,,,,,,,
1325,499,WR bench,,11521,Jadakis Bonds,WR,FA,23,75,206,Hampton,6,1999-11-27,1,False,Active,,,,,483,0.0,0.0,0.0,0.0,0.0,0.0,0.0,0.0,0.0,0.0,0.0,0.0,0.0,0.0,0.0,0.0,0.0,0.0,0.0,0.0,0.0,0.0,0.0,0.0,0.0,0.0,499,,0,,,,,,,,
1326,500,WR bench,,12946,Dontae Fleming,WR,MIN,24,74,180,Tulane,19,2001-11-28,1,False,Active,,,,,999,0.0,0.0,0.0,0.0,0.0,0.0,0.0,0.0,0.0,0.0,0.0,0.0,0.0,0.0,0.0,0.0,0.0,0.0,0.0,0.0,0.0,0.0,0.0,0.0,0.0,0.0,500,,0,,,,,,,,
1327,501,WR bench,,2790,Nigel King,WR,FA,32,75,210,Kansas,0,1992-10-09,10,False,Active,,,,,9999999,0.0,0.0,0.0,0.0,0.0,0.0,0.0,0.0,0.0,0.0,0.0,0.0,0.0,0.0,0.0,0.0,0.0,0.0,0.0,0.0,0.0,0.0,0.0,0.0,0.0,0.0,501,,0,,,,,,,,
1328,161,QB bench,,8158,Carson Strong,QB,FA,23,75,226,Nevada,0,1999-09-14,1,False,Active,,,,,9999999,0.0,0.0,0.0,0.0,0.0,0.0,0.0,0.0,0.0,0.0,0.0,0.0,0.0,0.0,0.0,0.0,0.0,0.0,0.0,0.0,0.0,0.0,0.0,0.0,0.0,0.0,161,,0,,,,,,,,
1329,502,WR bench,,8613,Taysir Mack,WR,FA,24,74,190,Pittsburgh,0,1998-09-17,1,False,Active,,,,,565,0.0,0.0,0.0,0.0,0.0,0.0,0.0,0.0,0.0,0.0,0.0,0.0,0.0,0.0,0.0,0.0,0.0,0.0,0.0,0.0,0.0,0.0,0.0,0.0,0.0,0.0,502,,0,,,,,,,,
1330,503,WR bench,,2462,J.J. Nelson,WR,FA,30,70,160,UAB,15,1992-04-24,7,False,Active,,,,,9999999,0.0,0.0,0.0,0.0,0.0,0.0,0.0,0.0,0.0,0.0,0.0,0.0,0.0,0.0,0.0,0.0,0.0,0.0,0.0,0.0,0.0,0.0,0.0,0.0,0.0,0.0,503,,0,,,,,,,,
1117,416,WR depth,,14020,Dean Patterson,WR,TB,,74,200,Georgia Tech,8,,0,True,Active,,,,,9999999,0.0,0.0,0.0,0.0,0.0,0.0,0.0,0.0,0.0,0.0,0.0,0.0,0.0,0.0,0.0,0.0,0.0,0.0,0.0,0.0,0.0,0.0,0.0,0.0,0.0,0.0,504,,0,,,,,,,,
1118,417,WR depth,,3866,Joe Hansley,WR,FA,24,"5'9""",169,Colorado State,9,1994-02-07,0,True,Inactive,,,,,9999999,0.0,0.0,0.0,0.0,0.0,0.0,0.0,0.0,0.0,0.0,0.0,0.0,0.0,0.0,0.0,0.0,0.0,0.0,0.0,0.0,0.0,0.0,0.0,0.0,0.0,0.0,505,,0,,,,,,,,
1333,272,TE bench,,7353,Bryce Sterk,TE,FA,25,77,261,Montana State,87,1996-09-11,2,False,Inactive,,,,,9999999,0.0,0.0,0.0,0.0,0.0,0.0,0.0,0.0,0.0,0.0,0.0,0.0,0.0,0.0,0.0,0.0,0.0,0.0,0.0,0.0,0.0,0.0,0.0,0.0,0.0,0.0,272,,0,,,,,,,,
1334,292,RB bench,,6246,Jeremy Cox,RB,FA,25,72,235,Old Dominion,35,1996-08-16,3,False,Inactive,,,,,9999999,0.0,0.0,0.0,0.0,0.0,0.0,0.0,0.0,0.0,0.0,0.0,0.0,0.0,0.0,0.0,0.0,0.0,0.0,0.0,0.0,0.0,0.0,0.0,0.0,0.0,0.0,292,,0,,,,,,,,
1335,162,QB bench,,6237,Wilton Speight,QB,FA,27,78,232,UCLA,5,1994-12-06,3,False,Active,,,,,9999999,0.0,0.0,0.0,0.0,0.0,0.0,0.0,0.0,0.0,0.0,0.0,0.0,0.0,0.0,0.0,0.0,0.0,0.0,0.0,0.0,0.0,0.0,0.0,0.0,0.0,0.0,162,,0,,,,,,,,
1336,506,WR bench,,3846,Duke Williams,WR,FA,28,75,225,Auburn,0,1993-05-13,6,False,Active,,,,,9999999,0.0,0.0,0.0,0.0,0.0,0.0,0.0,0.0,0.0,0.0,0.0,0.0,0.0,0.0,0.0,0.0,0.0,0.0,0.0,0.0,0.0,0.0,0.0,0.0,0.0,0.0,506,,0,,,,,,,,
1337,507,WR bench,,6392,Johnathan Lloyd,WR,FA,26,72,190,Duke,10,1995-12-04,3,False,Active,,,,,9999999,0.0,0.0,0.0,0.0,0.0,0.0,0.0,0.0,0.0,0.0,0.0,0.0,0.0,0.0,0.0,0.0,0.0,0.0,0.0,0.0,0.0,0.0,0.0,0.0,0.0,0.0,507,,0,,,,,,,,
343,43,QB depth,,13272,Carson Beck,QB,ARI,23,76,233,Miami (FL),19,2002-11-19,0,True,Active,,,2,QB2,416,0.0,0.0,0.0,0.0,0.0,0.0,0.0,0.0,0.0,0.0,0.0,0.0,0.0,0.0,0.0,0.0,0.0,0.0,0.0,0.0,0.0,0.0,0.0,0.0,0.0,0.0,163,169.9,1,0,251,,,169.9,,,-469
1339,508,WR bench,,8831,Ethan Fernea,WR,FA,26,72,195,UCLA,13,1998-03-02,2,False,Active,,,,,289,0.0,0.0,0.0,0.0,0.0,0.0,0.0,0.0,0.0,0.0,0.0,0.0,0.0,0.0,0.0,0.0,0.0,0.0,0.0,0.0,0.0,0.0,0.0,0.0,0.0,0.0,508,,0,,,,,,,,
1340,273,TE bench,,8751,Dylan Parham,TE,FA,24,77,245,North Carolina State,0,1998-05-31,2,False,Active,,,,,378,0.0,0.0,0.0,0.0,0.0,0.0,0.0,0.0,0.0,0.0,0.0,0.0,0.0,0.0,0.0,0.0,0.0,0.0,0.0,0.0,0.0,0.0,0.0,0.0,0.0,0.0,273,,0,,,,,,,,
1341,509,WR bench,,11189,Zay Malone,WR,FA,23,69,180,Henderson State,82,2000-03-06,1,False,Active,,,,,9999999,0.0,0.0,0.0,0.0,0.0,0.0,0.0,0.0,0.0,0.0,0.0,0.0,0.0,0.0,0.0,0.0,0.0,0.0,0.0,0.0,0.0,0.0,0.0,0.0,0.0,0.0,509,,0,,,,,,,,
1342,510,WR bench,,3593,Anthony Kelly,WR,FA,31,75,210,Kutztown,0,1993-04-14,9,False,Active,,,,,9999999,0.0,0.0,0.0,0.0,0.0,0.0,0.0,0.0,0.0,0.0,0.0,0.0,0.0,0.0,0.0,0.0,0.0,0.0,0.0,0.0,0.0,0.0,0.0,0.0,0.0,0.0,510,,0,,,,,,,,
1343,274,TE bench,,2360,Maxx Williams,TE,FA,28,76,252,Minnesota,87,1994-04-12,8,False,Active,,,,,9999999,0.0,0.0,0.0,0.0,0.0,0.0,0.0,0.0,0.0,0.0,0.0,0.0,0.0,0.0,0.0,0.0,0.0,0.0,0.0,0.0,0.0,0.0,0.0,0.0,0.0,0.0,274,,0,,,,,,,,
1344,511,WR bench,,830,A.J. Green,WR,FA,34,76,207,Georgia,18,1988-07-31,12,False,Active,,,,,216,0.0,0.0,0.0,0.0,0.0,0.0,0.0,0.0,0.0,0.0,0.0,0.0,0.0,0.0,0.0,0.0,0.0,0.0,0.0,0.0,0.0,0.0,0.0,0.0,0.0,0.0,511,,0,,,,,,,,
1345,275,TE bench,,11960,Steven Stilianos,TE,FA,25,77,251,Iowa,43,2000-02-25,1,False,Active,,,,,494,0.0,0.0,0.0,0.0,0.0,0.0,0.0,0.0,0.0,0.0,0.0,0.0,0.0,0.0,0.0,0.0,0.0,0.0,0.0,0.0,0.0,0.0,0.0,0.0,0.0,0.0,275,,0,,,,,,,,
1119,252,RB depth,,11578,Player Invalid,RB,FA,,,,,,,0,True,Inactive,,,,,,0.0,0.0,0.0,0.0,0.0,0.0,0.0,0.0,0.0,0.0,0.0,0.0,0.0,0.0,0.0,0.0,0.0,0.0,0.0,0.0,0.0,0.0,0.0,0.0,0.0,0.0,293,,0,,,,,,,,
1347,512,WR bench,,12453,Ontaria Wilson,WR,FA,25,72,175,Florida State,,1999-08-12,1,False,Active,,,,,9999999,0.0,0.0,0.0,0.0,0.0,0.0,0.0,0.0,0.0,0.0,0.0,0.0,0.0,0.0,0.0,0.0,0.0,0.0,0.0,0.0,0.0,0.0,0.0,0.0,0.0,0.0,512,,0,,,,,,,,
698,137,TE depth,,12700,Gavin Bartholomew,TE,MIN,23,77,249,Pittsburgh,86,2003-04-30,1,False,Active,Questionable,,4,TE4,999,0.0,0.0,0.0,0.0,0.0,0.0,0.0,0.0,0.0,0.0,0.0,0.0,0.0,0.0,0.0,0.0,0.0,0.0,0.0,0.0,0.0,0.0,0.0,0.0,0.0,0.0,276,170.0,1,0,486,,,170.0,,,-235
1349,513,WR bench,,8068,C.J. Saunders,WR,FA,27,70,190,Ohio State,85,1996-09-15,2,False,Active,,,,,9999999,0.0,0.0,0.0,0.0,0.0,0.0,0.0,0.0,0.0,0.0,0.0,0.0,0.0,0.0,0.0,0.0,0.0,0.0,0.0,0.0,0.0,0.0,0.0,0.0,0.0,0.0,513,,0,,,,,,,,
1120,253,RB depth,,13673,Trent Battle,RB,FA,,73,205,,,,0,True,Active,,,,,9999999,0.0,0.0,0.0,0.0,0.0,0.0,0.0,0.0,0.0,0.0,0.0,0.0,0.0,0.0,0.0,0.0,0.0,0.0,0.0,0.0,0.0,0.0,0.0,0.0,0.0,0.0,294,,0,,,,,,,,
1351,514,WR bench,,5977,Terry Godwin,WR,FA,25,71,185,Georgia,80,1996-10-23,3,False,Active,,,,,9999999,0.0,0.0,0.0,0.0,0.0,0.0,0.0,0.0,0.0,0.0,0.0,0.0,0.0,0.0,0.0,0.0,0.0,0.0,0.0,0.0,0.0,0.0,0.0,0.0,0.0,0.0,514,,0,,,,,,,,
1352,515,WR bench,,11267,Aron Cruickshank,WR,FA,22,70,170,Rutgers,84,2000-09-07,1,False,Active,,,,,300,0.0,0.0,0.0,0.0,0.0,0.0,0.0,0.0,0.0,0.0,0.0,0.0,0.0,0.0,0.0,0.0,0.0,0.0,0.0,0.0,0.0,0.0,0.0,0.0,0.0,0.0,515,,0,,,,,,,,
1353,516,WR bench,,2906,Bell Braylon,WR,FA,,78,205,Abilene Christian,0,,3,False,Active,,,,,9999999,0.0,0.0,0.0,0.0,0.0,0.0,0.0,0.0,0.0,0.0,0.0,0.0,0.0,0.0,0.0,0.0,0.0,0.0,0.0,0.0,0.0,0.0,0.0,0.0,0.0,0.0,516,,0,,,,,,,,
1121,418,WR depth,,7524,Player Invalid,WR,FA,,,,,,,0,True,Inactive,,,,,,0.0,0.0,0.0,0.0,0.0,0.0,0.0,0.0,0.0,0.0,0.0,0.0,0.0,0.0,0.0,0.0,0.0,0.0,0.0,0.0,0.0,0.0,0.0,0.0,0.0,0.0,517,,0,,,,,,,,
1355,73,K bench,,8260,Gabe Brkic,K,FA,,75,201,Oklahoma,0,,1,False,Active,,,,K1,345,0.0,0.0,0.0,0.0,0.0,0.0,0.0,0.0,0.0,0.0,0.0,0.0,0.0,0.0,0.0,0.0,0.0,0.0,0.0,0.0,0.0,0.0,0.0,0.0,0.0,0.0,73,,0,,,,,,,,
1356,295,RB bench,,1502,Chris Thompson,RB,FA,31,68,187,Florida State,0,1990-10-20,9,False,Active,,,,,9999999,0.0,0.0,0.0,0.0,0.0,0.0,0.0,0.0,0.0,0.0,0.0,0.0,0.0,0.0,0.0,0.0,0.0,0.0,0.0,0.0,0.0,0.0,0.0,0.0,0.0,0.0,295,,0,,,,,,,,
1357,74,K bench,,1099,Randy Bullock,K,FA,34,69,208,Texas A&M,46,1989-12-16,12,False,Active,,,,K1,351,0.0,0.0,0.0,0.0,0.0,0.0,0.0,0.0,0.0,0.0,0.0,0.0,0.0,0.0,0.0,0.0,0.0,0.0,0.0,0.0,0.0,0.0,0.0,0.0,0.0,0.0,74,,0,,,,,,,,
1358,518,WR bench,,12761,Jordan Moore,WR,CIN,24,72,191,Duke,14,2002-04-18,1,False,Active,,,,,9999999,0.0,0.0,0.0,0.0,0.0,0.0,0.0,0.0,0.0,0.0,0.0,0.0,0.0,0.0,0.0,0.0,0.0,0.0,0.0,0.0,0.0,0.0,0.0,0.0,0.0,0.0,518,,0,,,,,,,,
1359,519,WR bench,,7457,Michael Dereus,WR,FA,24,73,210,Georgetown,82,1997-02-18,2,False,Active,,,,,9999999,0.0,0.0,0.0,0.0,0.0,0.0,0.0,0.0,0.0,0.0,0.0,0.0,0.0,0.0,0.0,0.0,0.0,0.0,0.0,0.0,0.0,0.0,0.0,0.0,0.0,0.0,519,,0,,,,,,,,
1360,520,WR bench,,7174,Juwan Green,WR,FA,25,72,187,Albany,89,1998-07-01,3,False,Active,,,,,9999999,0.0,0.0,0.0,0.0,0.0,0.0,0.0,0.0,0.0,0.0,0.0,0.0,0.0,0.0,0.0,0.0,0.0,0.0,0.0,0.0,0.0,0.0,0.0,0.0,0.0,0.0,520,,0,,,,,,,,
1361,296,RB bench,,12940,Tre Stewart,RB,FA,23,68,186,Jacksonville State,,2002-12-14,1,False,Active,,,,,671,0.0,0.0,0.0,0.0,0.0,0.0,0.0,0.0,0.0,0.0,0.0,0.0,0.0,0.0,0.0,0.0,0.0,0.0,0.0,0.0,0.0,0.0,0.0,0.0,0.0,0.0,296,,0,,,,,,,,
1362,521,WR bench,,2342,Devin Smith,WR,FA,29,73,200,Ohio State,0,1992-03-03,7,False,Active,,,,,698,0.0,0.0,0.0,0.0,0.0,0.0,0.0,0.0,0.0,0.0,0.0,0.0,0.0,0.0,0.0,0.0,0.0,0.0,0.0,0.0,0.0,0.0,0.0,0.0,0.0,0.0,521,,0,,,,,,,,
1363,297,RB bench,,3208,Kenneth Dixon,RB,FA,27,70,228,Louisiana Tech,38,1994-01-21,6,False,Active,,,,,969,0.0,0.0,0.0,0.0,0.0,0.0,0.0,0.0,0.0,0.0,0.0,0.0,0.0,0.0,0.0,0.0,0.0,0.0,0.0,0.0,0.0,0.0,0.0,0.0,0.0,0.0,297,,0,,,,,,,,
699,145,RB depth,,1535,Cordarrelle Patterson,RB,FA,34,74,220,Tennessee,84,1991-03-17,12,False,Active,,,,,596,0.0,0.0,0.0,0.0,0.0,0.0,0.0,0.0,0.0,0.0,0.0,0.0,0.0,13.0,37.5,2.88,0.0,0.0,0.0,32.0,135.0,0.0,12.0,14.0,80.0,1.0,298,170.0,1,0,927,,,170.0,,,205
1122,141,QB depth,,5833,Kevin O'Connell,QB,FA,34,"6'5""",225,San Diego State,8,1985-05-25,0,True,Inactive,,,,,9999999,0.0,0.0,0.0,0.0,0.0,0.0,0.0,0.0,0.0,0.0,0.0,0.0,0.0,0.0,0.0,0.0,0.0,0.0,0.0,0.0,0.0,0.0,0.0,0.0,0.0,0.0,164,,0,,,,,,,,
700,95,QB depth,,7605,Kyle Trask,QB,FA,27,77,236,Florida,16,1998-03-06,5,False,Active,,,,,456,0.0,0.0,0.0,0.0,0.0,0.0,0.0,0.0,0.0,0.0,0.0,0.0,0.0,4.0,-0.2,-0.05,5.0,0.0,0.0,5.0,-4.0,0.0,0.0,0.0,0.0,0.0,165,170.0,1,0,835,,,170.0,,,112
1367,299,RB bench,,8218,Max Borghi,RB,FA,22,70,197,Washington State,0,2000-04-23,1,False,Active,,,,,285,0.0,0.0,0.0,0.0,0.0,0.0,0.0,0.0,0.0,0.0,0.0,0.0,0.0,0.0,0.0,0.0,0.0,0.0,0.0,0.0,0.0,0.0,0.0,0.0,0.0,0.0,299,,0,,,,,,,,
1123,218,TE depth,,13292,Lake McRee,TE,PIT,,76,250,USC,81,,0,True,Active,,,,,999,0.0,0.0,0.0,0.0,0.0,0.0,0.0,0.0,0.0,0.0,0.0,0.0,0.0,0.0,0.0,0.0,0.0,0.0,0.0,0.0,0.0,0.0,0.0,0.0,0.0,0.0,277,,0,,,,,,,,
1369,75,K bench,,12791,Ryan Coe,K,FA,,74,225,California,,,1,False,Active,,,,K1,684,0.0,0.0,0.0,0.0,0.0,0.0,0.0,0.0,0.0,0.0,0.0,0.0,0.0,0.0,0.0,0.0,0.0,0.0,0.0,0.0,0.0,0.0,0.0,0.0,0.0,0.0,75,,0,,,,,,,,
1370,300,RB bench,,7435,Cameron Scarlett,RB,FA,25,73,216,Stanford,0,1996-10-09,2,False,Active,,,,,9999999,0.0,0.0,0.0,0.0,0.0,0.0,0.0,0.0,0.0,0.0,0.0,0.0,0.0,0.0,0.0,0.0,0.0,0.0,0.0,0.0,0.0,0.0,0.0,0.0,0.0,0.0,300,,0,,,,,,,,
1371,76,K bench,,11077,Jack Podlesny,K,FA,24,72,195,Georgia,16,2000-03-16,1,False,Active,,,,K1,367,0.0,0.0,0.0,0.0,0.0,0.0,0.0,0.0,0.0,0.0,0.0,0.0,0.0,0.0,0.0,0.0,0.0,0.0,0.0,0.0,0.0,0.0,0.0,0.0,0.0,0.0,76,,0,,,,,,,,
1372,301,RB bench,,13255,Shane Watts,RB,FA,,69,195,Fort Hays State,,,1,False,Active,,,,,676,0.0,0.0,0.0,0.0,0.0,0.0,0.0,0.0,0.0,0.0,0.0,0.0,0.0,0.0,0.0,0.0,0.0,0.0,0.0,0.0,0.0,0.0,0.0,0.0,0.0,0.0,301,,0,,,,,,,,
1373,166,QB bench,,6317,Jacob Dolegala,QB,FA,25,79,242,Central Connecticut State,0,1996-10-07,3,False,Active,,,,,9999999,0.0,0.0,0.0,0.0,0.0,0.0,0.0,0.0,0.0,0.0,0.0,0.0,0.0,0.0,0.0,0.0,0.0,0.0,0.0,0.0,0.0,0.0,0.0,0.0,0.0,0.0,166,,0,,,,,,,,
701,247,WR depth,,13582,Anthony Smith,WR,DAL,24,74,197,East Carolina,83,2002-03-01,0,True,Active,,,8,WR8,9999999,0.0,0.0,0.0,0.0,0.0,0.0,0.0,0.0,0.0,0.0,0.0,0.0,0.0,0.0,0.0,0.0,0.0,0.0,0.0,0.0,0.0,0.0,0.0,0.0,0.0,0.0,522,170.0,1,0,672,,,170.0,,,-52
1375,278,TE bench,,8090,Daniel Crawford,TE,FA,24,74,251,Northern Illinois,80,1997-12-15,1,False,Active,,,,,,0.0,0.0,0.0,0.0,0.0,0.0,0.0,0.0,0.0,0.0,0.0,0.0,0.0,0.0,0.0,0.0,0.0,0.0,0.0,0.0,0.0,0.0,0.0,0.0,0.0,0.0,278,,0,,,,,,,,
1124,219,TE depth,,11594,Player Invalid,TE,FA,,,,,,,0,True,Inactive,,,,,,0.0,0.0,0.0,0.0,0.0,0.0,0.0,0.0,0.0,0.0,0.0,0.0,0.0,0.0,0.0,0.0,0.0,0.0,0.0,0.0,0.0,0.0,0.0,0.0,0.0,0.0,279,,0,,,,,,,,
1377,523,WR bench,,8694,Henry Litwin,WR,FA,,71,189,Slippery Rock,0,,1,False,Active,,,,,9999999,0.0,0.0,0.0,0.0,0.0,0.0,0.0,0.0,0.0,0.0,0.0,0.0,0.0,0.0,0.0,0.0,0.0,0.0,0.0,0.0,0.0,0.0,0.0,0.0,0.0,0.0,523,,0,,,,,,,,
1125,254,RB depth,,7544,Player Invalid,RB,FA,,,,,,,0,True,Inactive,,,,,,0.0,0.0,0.0,0.0,0.0,0.0,0.0,0.0,0.0,0.0,0.0,0.0,0.0,0.0,0.0,0.0,0.0,0.0,0.0,0.0,0.0,0.0,0.0,0.0,0.0,0.0,302,,0,,,,,,,,
1379,77,K bench,,658,Mike Nugent,K,FA,39,70,190,Ohio State,2,1982-03-02,17,False,Inactive,,,,K1,9999999,0.0,0.0,0.0,0.0,0.0,0.0,0.0,0.0,0.0,0.0,0.0,0.0,0.0,0.0,0.0,0.0,0.0,0.0,0.0,0.0,0.0,0.0,0.0,0.0,0.0,0.0,77,,0,,,,,,,,
1380,524,WR bench,,6195,Damon Sheehy-Guiseppi,WR,FA,26,71,181,Phoenix CC,15,1995-02-15,3,False,Active,,,,,9999999,0.0,0.0,0.0,0.0,0.0,0.0,0.0,0.0,0.0,0.0,0.0,0.0,0.0,0.0,0.0,0.0,0.0,0.0,0.0,0.0,0.0,0.0,0.0,0.0,0.0,0.0,524,,0,,,,,,,,
1381,525,WR bench,,4131,Kenny Golladay,WR,FA,29,76,213,Northern Illinois,19,1993-11-03,6,False,Active,,,,,223,0.0,0.0,0.0,0.0,0.0,0.0,0.0,0.0,0.0,0.0,0.0,0.0,0.0,0.0,0.0,0.0,0.0,0.0,0.0,0.0,0.0,0.0,0.0,0.0,0.0,0.0,525,,0,,,,,,,,
1382,526,WR bench,,11367,Daewood Davis,WR,FA,25,74,195,Western Kentucky,39,1999-01-23,1,False,Inactive,,,,,621,0.0,0.0,0.0,0.0,0.0,0.0,0.0,0.0,0.0,0.0,0.0,0.0,0.0,0.0,0.0,0.0,0.0,0.0,0.0,0.0,0.0,0.0,0.0,0.0,0.0,0.0,526,,0,,,,,,,,
1383,527,WR bench,,6870,Bryan Edwards,WR,FA,24,75,215,South Carolina,11,1998-11-13,3,False,Active,,,,,9999999,0.0,0.0,0.0,0.0,0.0,0.0,0.0,0.0,0.0,0.0,0.0,0.0,0.0,0.0,0.0,0.0,0.0,0.0,0.0,0.0,0.0,0.0,0.0,0.0,0.0,0.0,527,,0,,,,,,,,
1384,528,WR bench,,12884,Quincy Skinner,WR,NYJ,23,74,205,Vanderbilt,39,2003-02-28,1,False,Active,,,,,999,0.0,0.0,0.0,0.0,0.0,0.0,0.0,0.0,0.0,0.0,0.0,0.0,0.0,0.0,0.0,0.0,0.0,0.0,0.0,0.0,0.0,0.0,0.0,0.0,0.0,0.0,528,,0,,,,,,,,
1385,303,RB bench,,8226,Greg Bell,RB,FA,25,72,200,San Diego State,38,1998-06-16,2,False,Active,,,,,9999999,0.0,0.0,0.0,0.0,0.0,0.0,0.0,0.0,0.0,0.0,0.0,0.0,0.0,0.0,0.0,0.0,0.0,0.0,0.0,0.0,0.0,0.0,0.0,0.0,0.0,0.0,303,,0,,,,,,,,
1126,419,WR depth,,3951,Justin Berger,WR,FA,26,"6'2""",198,Wyoming,8,1991-11-22,0,True,Inactive,,,,,9999999,0.0,0.0,0.0,0.0,0.0,0.0,0.0,0.0,0.0,0.0,0.0,0.0,0.0,0.0,0.0,0.0,0.0,0.0,0.0,0.0,0.0,0.0,0.0,0.0,0.0,0.0,529,,0,,,,,,,,
1387,167,QB bench,,5128,Logan Woodside,QB,FA,30,74,201,Toledo,15,1995-01-27,8,False,Active,,,,,279,0.0,0.0,0.0,0.0,0.0,0.0,0.0,0.0,0.0,0.0,0.0,0.0,0.0,0.0,0.0,0.0,0.0,0.0,0.0,0.0,0.0,0.0,0.0,0.0,0.0,0.0,167,,0,,,,,,,,
1127,255,RB depth,,13603,Gregory Desrosiers,RB,LAC,,71,200,Memphis,31,,0,True,Active,,,,,9999999,0.0,0.0,0.0,0.0,0.0,0.0,0.0,0.0,0.0,0.0,0.0,0.0,0.0,0.0,0.0,0.0,0.0,0.0,0.0,0.0,0.0,0.0,0.0,0.0,0.0,0.0,304,,0,,,,,,,,
1389,530,WR bench,,10869,Matt Landers,WR,FA,26,76,200,Arkansas,83,1999-06-16,2,False,Active,,,,,542,0.0,0.0,0.0,0.0,0.0,0.0,0.0,0.0,0.0,0.0,0.0,0.0,0.0,0.0,0.0,0.0,0.0,0.0,0.0,0.0,0.0,0.0,0.0,0.0,0.0,0.0,530,,0,,,,,,,,
1390,78,K bench,,11457,Trey Wolff,K,FA,23,76,205,Texas Tech,40,2000-02-22,1,False,Active,,,,K1,551,0.0,0.0,0.0,0.0,0.0,0.0,0.0,0.0,0.0,0.0,0.0,0.0,0.0,0.0,0.0,0.0,0.0,0.0,0.0,0.0,0.0,0.0,0.0,0.0,0.0,0.0,78,,0,,,,,,,,
1391,531,WR bench,,7235,Aleva Hifo,WR,FA,24,70,187,Brigham Young,84,1997-12-23,2,False,Active,,,,,9999999,0.0,0.0,0.0,0.0,0.0,0.0,0.0,0.0,0.0,0.0,0.0,0.0,0.0,0.0,0.0,0.0,0.0,0.0,0.0,0.0,0.0,0.0,0.0,0.0,0.0,0.0,531,,0,,,,,,,,
1392,168,QB bench,,8798,Felix Harper,QB,FA,,71,180,Alcorn State,0,,1,False,Active,,,,,9999999,0.0,0.0,0.0,0.0,0.0,0.0,0.0,0.0,0.0,0.0,0.0,0.0,0.0,0.0,0.0,0.0,0.0,0.0,0.0,0.0,0.0,0.0,0.0,0.0,0.0,0.0,168,,0,,,,,,,,
1393,532,WR bench,,6168,John Ursua,WR,FA,28,69,182,Hawaii,15,1994-01-17,3,False,Inactive,,,,,9999999,0.0,0.0,0.0,0.0,0.0,0.0,0.0,0.0,0.0,0.0,0.0,0.0,0.0,0.0,0.0,0.0,0.0,0.0,0.0,0.0,0.0,0.0,0.0,0.0,0.0,0.0,532,,0,,,,,,,,
1394,305,RB bench,,6988,Raymond Calais,RB,FA,24,68,188,Louisiana,30,1998-04-02,2,False,Active,,,,,9999999,0.0,0.0,0.0,0.0,0.0,0.0,0.0,0.0,0.0,0.0,0.0,0.0,0.0,0.0,0.0,0.0,0.0,0.0,0.0,0.0,0.0,0.0,0.0,0.0,0.0,0.0,305,,0,,,,,,,,
1395,533,WR bench,,2635,Vernon Johnson,WR,FA,32,73,190,Texas A&M-Commerce,0,1992-04-17,10,False,Active,,,,,9999999,0.0,0.0,0.0,0.0,0.0,0.0,0.0,0.0,0.0,0.0,0.0,0.0,0.0,0.0,0.0,0.0,0.0,0.0,0.0,0.0,0.0,0.0,0.0,0.0,0.0,0.0,533,,0,,,,,,,,
975,353,WR depth,,13296,Caleb Douglas,WR,MIA,22,76,205,Texas Tech,7,2003-09-09,0,True,Active,,,3,WR3,999,0.0,0.0,0.0,0.0,0.0,0.0,0.0,0.0,0.0,0.0,0.0,0.0,0.0,0.0,0.0,0.0,0.0,0.0,0.0,0.0,0.0,0.0,0.0,0.0,0.0,0.0,534,170.3,1,0,1007,,,170.3,,,282
1397,280,TE bench,,6263,Trevor Wood,TE,FA,25,78,265,Texas A&M,88,1996-01-25,3,False,Active,,,,,9999999,0.0,0.0,0.0,0.0,0.0,0.0,0.0,0.0,0.0,0.0,0.0,0.0,0.0,0.0,0.0,0.0,0.0,0.0,0.0,0.0,0.0,0.0,0.0,0.0,0.0,0.0,280,,0,,,,,,,,
1398,535,WR bench,,11301,Braxton Westfield,WR,FA,,76,205,Carson-Newman,13,,1,False,Active,,,,,9999999,0.0,0.0,0.0,0.0,0.0,0.0,0.0,0.0,0.0,0.0,0.0,0.0,0.0,0.0,0.0,0.0,0.0,0.0,0.0,0.0,0.0,0.0,0.0,0.0,0.0,0.0,535,,0,,,,,,,,
1128,420,WR depth,,3892,Jarvis Turner,WR,FA,24,"6'1""",194,Alcorn State,15,1993-11-02,0,True,Inactive,,,,,9999999,0.0,0.0,0.0,0.0,0.0,0.0,0.0,0.0,0.0,0.0,0.0,0.0,0.0,0.0,0.0,0.0,0.0,0.0,0.0,0.0,0.0,0.0,0.0,0.0,0.0,0.0,536,,0,,,,,,,,
1129,256,RB depth,,13852,Dontae McMillan,RB,BAL,24,70,203,Eastern Michigan,36,2001-10-04,0,True,Active,,,,,9999999,0.0,0.0,0.0,0.0,0.0,0.0,0.0,0.0,0.0,0.0,0.0,0.0,0.0,0.0,0.0,0.0,0.0,0.0,0.0,0.0,0.0,0.0,0.0,0.0,0.0,0.0,306,,0,,,,,,,,
1401,537,WR bench,,7228,Ahmad Wagner,WR,FA,25,77,234,Kentucky,2,1996-12-21,2,False,Inactive,,,,,9999999,0.0,0.0,0.0,0.0,0.0,0.0,0.0,0.0,0.0,0.0,0.0,0.0,0.0,0.0,0.0,0.0,0.0,0.0,0.0,0.0,0.0,0.0,0.0,0.0,0.0,0.0,537,,0,,,,,,,,
1402,538,WR bench,,5260,Vyncint Smith,WR,FA,27,75,195,Limestone,15,1996-06-09,5,False,Active,,,,,9999999,0.0,0.0,0.0,0.0,0.0,0.0,0.0,0.0,0.0,0.0,0.0,0.0,0.0,0.0,0.0,0.0,0.0,0.0,0.0,0.0,0.0,0.0,0.0,0.0,0.0,0.0,538,,0,,,,,,,,
1403,539,WR bench,,1701,Eric Rogers,WR,FA,30,76,195,California Lutheran,3,1991-02-12,9,False,Active,,,,,9999999,0.0,0.0,0.0,0.0,0.0,0.0,0.0,0.0,0.0,0.0,0.0,0.0,0.0,0.0,0.0,0.0,0.0,0.0,0.0,0.0,0.0,0.0,0.0,0.0,0.0,0.0,539,,0,,,,,,,,
702,138,TE depth,,12735,Caleb Lohner,TE,DEN,24,79,250,Utah,84,2001-10-01,1,False,Active,Questionable,Surgery,7,TE7,999,0.0,0.0,0.0,0.0,0.0,0.0,0.0,0.0,0.0,0.0,0.0,0.0,0.0,0.0,0.0,0.0,0.0,0.0,0.0,0.0,0.0,0.0,0.0,0.0,0.0,0.0,281,170.0,1,0,776,,,170.0,,,50
1405,307,RB bench,,12288,Mathieu Severance,RB,FA,,68,191,Bentley,,,1,False,Active,,,,,9999999,0.0,0.0,0.0,0.0,0.0,0.0,0.0,0.0,0.0,0.0,0.0,0.0,0.0,0.0,0.0,0.0,0.0,0.0,0.0,0.0,0.0,0.0,0.0,0.0,0.0,0.0,307,,0,,,,,,,,
1130,421,WR depth,,7570,Player Invalid,WR,FA,,,,,,,0,True,Inactive,,,,,,0.0,0.0,0.0,0.0,0.0,0.0,0.0,0.0,0.0,0.0,0.0,0.0,0.0,0.0,0.0,0.0,0.0,0.0,0.0,0.0,0.0,0.0,0.0,0.0,0.0,0.0,540,,0,,,,,,,,
1407,541,WR bench,,2636,Jarred Haggins,WR,FA,33,72,202,Florida State,19,1992-01-17,10,False,Active,,,,,9999999,0.0,0.0,0.0,0.0,0.0,0.0,0.0,0.0,0.0,0.0,0.0,0.0,0.0,0.0,0.0,0.0,0.0,0.0,0.0,0.0,0.0,0.0,0.0,0.0,0.0,0.0,541,,0,,,,,,,,
703,146,RB depth,,5987,Alexander Mattison,RB,FA,27,71,220,Boise State,8,1998-06-19,7,False,Active,,,,,382,0.0,0.0,0.0,0.0,0.0,0.0,0.0,0.0,0.0,0.0,0.0,0.0,0.0,14.0,137.4,9.81,0.0,0.0,0.0,132.0,420.0,4.0,36.0,48.0,294.0,1.0,308,170.0,1,0,881,,,170.0,,,154
1409,169,QB bench,,12046,Chevan Cordeiro,QB,FA,,73,200,San Jose State,,,1,False,Active,,,,,9999999,0.0,0.0,0.0,0.0,0.0,0.0,0.0,0.0,0.0,0.0,0.0,0.0,0.0,0.0,0.0,0.0,0.0,0.0,0.0,0.0,0.0,0.0,0.0,0.0,0.0,0.0,169,,0,,,,,,,,
1410,282,TE bench,,6396,Austin Fort,TE,FA,26,76,244,Wyoming,84,1995-05-14,3,False,Active,,,,,9999999,0.0,0.0,0.0,0.0,0.0,0.0,0.0,0.0,0.0,0.0,0.0,0.0,0.0,0.0,0.0,0.0,0.0,0.0,0.0,0.0,0.0,0.0,0.0,0.0,0.0,0.0,282,,0,,,,,,,,
1411,79,K bench,,3909,Sam Ficken,K,FA,30,73,191,Penn State,18,1992-12-14,7,False,Active,,,,K1,307,0.0,0.0,0.0,0.0,0.0,0.0,0.0,0.0,0.0,0.0,0.0,0.0,0.0,0.0,0.0,0.0,0.0,0.0,0.0,0.0,0.0,0.0,0.0,0.0,0.0,0.0,79,,0,,,,,,,,
1412,309,RB bench,,8179,Snoop Conner,RB,FA,24,70,222,Ole Miss,32,2000-08-01,2,False,Active,,,,,434,0.0,0.0,0.0,0.0,0.0,0.0,0.0,0.0,0.0,0.0,0.0,0.0,0.0,0.0,0.0,0.0,0.0,0.0,0.0,0.0,0.0,0.0,0.0,0.0,0.0,0.0,309,,0,,,,,,,,
1413,310,RB bench,,12066,Elijah Collins,RB,FA,24,72,212,Oklahoma State,,2000-08-01,1,False,Active,,,,,310,0.0,0.0,0.0,0.0,0.0,0.0,0.0,0.0,0.0,0.0,0.0,0.0,0.0,0.0,0.0,0.0,0.0,0.0,0.0,0.0,0.0,0.0,0.0,0.0,0.0,0.0,310,,0,,,,,,,,
1414,542,WR bench,,11504,Jose Barbon,WR,FA,23,72,185,Temple,14,2000-04-16,1,False,Active,,,,,253,0.0,0.0,0.0,0.0,0.0,0.0,0.0,0.0,0.0,0.0,0.0,0.0,0.0,0.0,0.0,0.0,0.0,0.0,0.0,0.0,0.0,0.0,0.0,0.0,0.0,0.0,542,,0,,,,,,,,
1415,543,WR bench,,5962,KeeSean Johnson,WR,FA,26,73,201,Fresno State,81,1996-10-09,4,False,Active,,,,,9999999,0.0,0.0,0.0,0.0,0.0,0.0,0.0,0.0,0.0,0.0,0.0,0.0,0.0,0.0,0.0,0.0,0.0,0.0,0.0,0.0,0.0,0.0,0.0,0.0,0.0,0.0,543,,0,,,,,,,,
1416,544,WR bench,,8656,Tyshaun James,WR,FA,23,74,214,Central Connecticut State,0,1999-06-22,1,False,Active,,,,,9999999,0.0,0.0,0.0,0.0,0.0,0.0,0.0,0.0,0.0,0.0,0.0,0.0,0.0,0.0,0.0,0.0,0.0,0.0,0.0,0.0,0.0,0.0,0.0,0.0,0.0,0.0,544,,0,,,,,,,,
1417,170,QB bench,,7418,Broc Rutter,QB,FA,24,74,204,North Central,5,1997-04-03,2,False,Active,,,,,9999999,0.0,0.0,0.0,0.0,0.0,0.0,0.0,0.0,0.0,0.0,0.0,0.0,0.0,0.0,0.0,0.0,0.0,0.0,0.0,0.0,0.0,0.0,0.0,0.0,0.0,0.0,170,,0,,,,,,,,
1418,311,RB bench,,6153,Dexter Williams,RB,FA,25,71,212,Notre Dame,34,1997-01-06,3,False,Active,,,,,9999999,0.0,0.0,0.0,0.0,0.0,0.0,0.0,0.0,0.0,0.0,0.0,0.0,0.0,0.0,0.0,0.0,0.0,0.0,0.0,0.0,0.0,0.0,0.0,0.0,0.0,0.0,311,,0,,,,,,,,
1419,545,WR bench,,13053,Daniel Jackson,WR,FA,23,72,195,Minnesota,,2002-04-25,1,False,Active,,,,,553,0.0,0.0,0.0,0.0,0.0,0.0,0.0,0.0,0.0,0.0,0.0,0.0,0.0,0.0,0.0,0.0,0.0,0.0,0.0,0.0,0.0,0.0,0.0,0.0,0.0,0.0,545,,0,,,,,,,,
704,96,QB depth,,10215,Jake Haener,QB,FA,27,73,200,Fresno State,14,1999-03-10,3,False,Active,,,,,999,0.0,0.0,0.0,0.0,0.0,0.0,0.0,0.0,0.0,0.0,0.0,0.0,0.0,8.0,14.24,1.78,226.0,1.0,1.0,11.0,22.0,0.0,0.0,0.0,0.0,0.0,171,170.0,1,0,704,,,170.0,,,-24
1421,312,RB bench,,11270,Hassan Hall,RB,FA,24,70,196,Georgia Tech,29,2000-08-28,2,False,Active,,,,,342,0.0,0.0,0.0,0.0,0.0,0.0,0.0,0.0,0.0,0.0,0.0,0.0,0.0,0.0,0.0,0.0,0.0,0.0,0.0,0.0,0.0,0.0,0.0,0.0,0.0,0.0,312,,0,,,,,,,,
705,147,RB depth,,5076,John Kelly,RB,FA,28,70,205,Tennessee,42,1996-10-04,7,False,Active,,,,,9999999,0.0,0.0,0.0,0.0,0.0,0.0,0.0,0.0,0.0,0.0,0.0,0.0,0.0,2.0,0.0,0.0,0.0,0.0,0.0,0.0,0.0,0.0,0.0,0.0,0.0,0.0,313,170.0,1,0,807,,,170.0,,,78
1131,422,WR depth,,6091,Jovon Durante,WR,FA,,"6'0""",165,Florida Atlantic,0,,0,True,Inactive,,,,,9999999,0.0,0.0,0.0,0.0,0.0,0.0,0.0,0.0,0.0,0.0,0.0,0.0,0.0,0.0,0.0,0.0,0.0,0.0,0.0,0.0,0.0,0.0,0.0,0.0,0.0,0.0,546,,0,,,,,,,,
1424,314,RB bench,,3556,Christian Powell,RB,FA,31,72,235,Colorado,,1994-03-03,9,False,Active,,,,,9999999,0.0,0.0,0.0,0.0,0.0,0.0,0.0,0.0,0.0,0.0,0.0,0.0,0.0,0.0,0.0,0.0,0.0,0.0,0.0,0.0,0.0,0.0,0.0,0.0,0.0,0.0,314,,0,,,,,,,,
1425,547,WR bench,,8169,Tre Turner,WR,FA,,73,184,Virginia Tech,0,,1,False,Active,,,,,9999999,0.0,0.0,0.0,0.0,0.0,0.0,0.0,0.0,0.0,0.0,0.0,0.0,0.0,0.0,0.0,0.0,0.0,0.0,0.0,0.0,0.0,0.0,0.0,0.0,0.0,0.0,547,,0,,,,,,,,
1426,172,QB bench,,6371,Drew Anderson,QB,FA,26,76,221,Murray State,3,1995-10-18,3,False,Active,,,,,1714,0.0,0.0,0.0,0.0,0.0,0.0,0.0,0.0,0.0,0.0,0.0,0.0,0.0,0.0,0.0,0.0,0.0,0.0,0.0,0.0,0.0,0.0,0.0,0.0,0.0,0.0,172,,0,,,,,,,,
1132,423,WR depth,,13325,Jordan Hudson,WR,DAL,22,73,199,SMU,18,2003-11-22,0,True,Active,,,,,999,0.0,0.0,0.0,0.0,0.0,0.0,0.0,0.0,0.0,0.0,0.0,0.0,0.0,0.0,0.0,0.0,0.0,0.0,0.0,0.0,0.0,0.0,0.0,0.0,0.0,0.0,548,,0,,,,,,,,
706,139,TE depth,,6040,Tyree Jackson,TE,FA,28,79,249,Buffalo,80,1997-11-07,7,False,Active,Questionable,,,,251,0.0,0.0,0.0,0.0,0.0,0.0,0.0,0.0,0.0,0.0,0.0,0.0,0.0,0.0,0.0,0.0,0.0,0.0,0.0,0.0,0.0,0.0,0.0,0.0,0.0,0.0,283,170.0,1,0,821,,,170.0,,,91
1429,549,WR bench,,8543,Drew Estrada,WR,FA,25,72,196,Baylor,81,1997-07-24,1,False,Active,,,,,386,0.0,0.0,0.0,0.0,0.0,0.0,0.0,0.0,0.0,0.0,0.0,0.0,0.0,0.0,0.0,0.0,0.0,0.0,0.0,0.0,0.0,0.0,0.0,0.0,0.0,0.0,549,,0,,,,,,,,
707,148,RB depth,,5209,Mike Boone,RB,FA,30,70,206,Cincinnati,16,1995-06-30,7,False,Active,,,,,509,0.0,0.0,0.0,0.0,0.0,0.0,0.0,0.0,0.0,0.0,0.0,0.0,0.0,6.0,5.9,0.98,0.0,0.0,0.0,13.0,51.0,0.0,1.0,3.0,-2.0,0.0,315,170.0,1,0,939,,,170.0,,,208
1431,550,WR bench,,7286,Marvelle Ross,WR,FA,25,69,180,"Notre Dame College, Ohio",83,1996-08-13,2,False,Inactive,,,,,9999999,0.0,0.0,0.0,0.0,0.0,0.0,0.0,0.0,0.0,0.0,0.0,0.0,0.0,0.0,0.0,0.0,0.0,0.0,0.0,0.0,0.0,0.0,0.0,0.0,0.0,0.0,550,,0,,,,,,,,
1432,284,TE bench,,943,Kyle Rudolph,TE,FA,33,78,258,Notre Dame,8,1989-11-09,12,False,Active,,,,,433,0.0,0.0,0.0,0.0,0.0,0.0,0.0,0.0,0.0,0.0,0.0,0.0,0.0,0.0,0.0,0.0,0.0,0.0,0.0,0.0,0.0,0.0,0.0,0.0,0.0,0.0,284,,0,,,,,,,,
994,360,WR depth,,13311,Chris Bell,WR,MIA,22,74,220,Louisville,18,2004-06-07,0,True,Active,PUP,Surgery,4,WR4,203,0.0,0.0,0.0,0.0,0.0,0.0,0.0,0.0,0.0,0.0,0.0,0.0,0.0,0.0,0.0,0.0,0.0,0.0,0.0,0.0,0.0,0.0,0.0,0.0,0.0,0.0,551,171.2,1,0,1022,,,171.2,,,290
708,248,WR depth,,7521,Chris Blair,WR,ATL,28,74,215,Alcorn State,19,1997-10-06,5,False,Active,,,5,WR5,999,3.0,0.0,0.0,0.0,0.0,0.0,0.0,0.0,0.0,0.0,0.0,0.0,0.0,4.0,2.7,0.68,0.0,0.0,0.0,0.0,0.0,0.0,1.0,2.0,17.0,0.0,552,170.0,1,0,616,,,170.0,,,-117
1435,553,WR bench,,5902,Penny Hart,WR,FA,27,68,180,Georgia State,19,1996-07-05,4,False,Inactive,,,,,9999999,0.0,0.0,0.0,0.0,0.0,0.0,0.0,0.0,0.0,0.0,0.0,0.0,0.0,0.0,0.0,0.0,0.0,0.0,0.0,0.0,0.0,0.0,0.0,0.0,0.0,0.0,553,,0,,,,,,,,
1436,554,WR bench,,7352,Matt Cole,WR,FA,25,70,197,McKendree,18,1996-11-07,2,False,Active,,,,,351,0.0,0.0,0.0,0.0,0.0,0.0,0.0,0.0,0.0,0.0,0.0,0.0,0.0,0.0,0.0,0.0,0.0,0.0,0.0,0.0,0.0,0.0,0.0,0.0,0.0,0.0,554,,0,,,,,,,,
1133,424,WR depth,,6240,Ron'quavion Tarver,WR,FA,,,,,0,,0,True,Inactive,,,,,9999999,0.0,0.0,0.0,0.0,0.0,0.0,0.0,0.0,0.0,0.0,0.0,0.0,0.0,0.0,0.0,0.0,0.0,0.0,0.0,0.0,0.0,0.0,0.0,0.0,0.0,0.0,555,,0,,,,,,,,
709,249,WR depth,,7438,Kristian Wilkerson,WR,FA,29,73,214,Southeast Missouri State,82,1997-01-10,6,False,Active,,,,,412,0.0,0.0,0.0,0.0,0.0,0.0,0.0,0.0,0.0,0.0,0.0,0.0,0.0,3.0,9.8,3.27,0.0,0.0,0.0,0.0,0.0,0.0,2.0,3.0,18.0,1.0,556,170.0,1,0,896,,,170.0,,,162
710,140,TE depth,,13299,Nate Boerkircher,TE,JAX,24,77,245,Texas A&M,87,2001-09-04,0,True,Active,,,2,TE2,999,0.0,0.0,0.0,0.0,0.0,0.0,0.0,0.0,0.0,0.0,0.0,0.0,0.0,0.0,0.0,0.0,0.0,0.0,0.0,0.0,0.0,0.0,0.0,0.0,0.0,0.0,285,170.0,1,0,389,,,170.0,,,-346
1440,557,WR bench,,8186,Devon Williams,WR,FA,,77,211,Oregon,0,,1,False,Active,,,,,428,0.0,0.0,0.0,0.0,0.0,0.0,0.0,0.0,0.0,0.0,0.0,0.0,0.0,0.0,0.0,0.0,0.0,0.0,0.0,0.0,0.0,0.0,0.0,0.0,0.0,0.0,557,,0,,,,,,,,
1134,142,QB depth,,6428,Taylor Cornelius,QB,FA,,,,,0,,0,True,Inactive,,,,,9999999,0.0,0.0,0.0,0.0,0.0,0.0,0.0,0.0,0.0,0.0,0.0,0.0,0.0,0.0,0.0,0.0,0.0,0.0,0.0,0.0,0.0,0.0,0.0,0.0,0.0,0.0,173,,0,,,,,,,,
711,52,K depth,,11146,Christopher Dunn,K,FA,25,68,175,North Carolina State,15,1998-02-19,1,False,Active,,,,K1,9999999,0.0,0.0,0.0,0.0,0.0,0.0,0.0,0.0,0.0,0.0,0.0,0.0,0.0,0.0,0.0,0.0,0.0,0.0,0.0,0.0,0.0,0.0,0.0,0.0,0.0,0.0,80,170.0,1,0,507,,,170.0,,,-229
1443,316,RB bench,,13213,Lucas Scott,RB,BAL,22,75,265,Army,47,2003-08-25,1,False,Active,,,,,9999999,0.0,0.0,0.0,0.0,0.0,0.0,0.0,0.0,0.0,0.0,0.0,0.0,0.0,0.0,0.0,0.0,0.0,0.0,0.0,0.0,0.0,0.0,0.0,0.0,0.0,0.0,316,,0,,,,,,,,
1444,558,WR bench,,1855,Shaquelle Evans,WR,FA,30,72,210,UCLA,84,1991-03-07,8,False,Active,,,,,9999999,0.0,0.0,0.0,0.0,0.0,0.0,0.0,0.0,0.0,0.0,0.0,0.0,0.0,0.0,0.0,0.0,0.0,0.0,0.0,0.0,0.0,0.0,0.0,0.0,0.0,0.0,558,,0,,,,,,,,
1445,559,WR bench,,1604,Nick Williams,WR,DEN,32,70,184,UConn,0,1990-11-23,10,False,Active,,,,,9999999,0.0,0.0,0.0,0.0,0.0,0.0,0.0,0.0,0.0,0.0,0.0,0.0,0.0,0.0,0.0,0.0,0.0,0.0,0.0,0.0,0.0,0.0,0.0,0.0,0.0,0.0,559,,0,,,,,,,,
1446,560,WR bench,,3817,Marcus Tucker,WR,FA,29,70,190,Northern Michigan,16,1992-06-24,6,False,Inactive,,,,,9999999,0.0,0.0,0.0,0.0,0.0,0.0,0.0,0.0,0.0,0.0,0.0,0.0,0.0,0.0,0.0,0.0,0.0,0.0,0.0,0.0,0.0,0.0,0.0,0.0,0.0,0.0,560,,0,,,,,,,,
1447,561,WR bench,,8908,Brandon Lewis,WR,FA,,69,175,Air Force,0,,1,False,Active,,,,,639,0.0,0.0,0.0,0.0,0.0,0.0,0.0,0.0,0.0,0.0,0.0,0.0,0.0,0.0,0.0,0.0,0.0,0.0,0.0,0.0,0.0,0.0,0.0,0.0,0.0,0.0,561,,0,,,,,,,,
712,250,WR depth,,11139,Elijah Cooks,WR,CAR,27,76,215,San Jose State,86,1998-10-13,3,False,Active,,,9,WR9,9999999,0.0,0.0,0.0,0.0,0.0,0.0,0.0,0.0,0.0,0.0,0.0,0.0,0.0,2.0,0.0,0.0,0.0,0.0,0.0,0.0,0.0,0.0,0.0,0.0,0.0,0.0,562,170.0,1,0,858,,,170.0,,,121
1449,286,TE bench,,6389,Keenen Brown,TE,FA,26,75,250,Texas State,48,1995-12-22,3,False,Active,,,,,9999999,0.0,0.0,0.0,0.0,0.0,0.0,0.0,0.0,0.0,0.0,0.0,0.0,0.0,0.0,0.0,0.0,0.0,0.0,0.0,0.0,0.0,0.0,0.0,0.0,0.0,0.0,286,,0,,,,,,,,
1450,563,WR bench,,7339,J.J. Koski,WR,FA,26,73,195,Cal Poly,43,1996-12-27,3,False,Active,,,,,537,0.0,0.0,0.0,0.0,0.0,0.0,0.0,0.0,0.0,0.0,0.0,0.0,0.0,0.0,0.0,0.0,0.0,0.0,0.0,0.0,0.0,0.0,0.0,0.0,0.0,0.0,563,,0,,,,,,,,
1135,257,RB depth,,13909,Elijah Tau-Tolliver,RB,BAL,23,72,212,Michigan State,34,2003-05-16,0,True,Active,,,,,9999999,0.0,0.0,0.0,0.0,0.0,0.0,0.0,0.0,0.0,0.0,0.0,0.0,0.0,0.0,0.0,0.0,0.0,0.0,0.0,0.0,0.0,0.0,0.0,0.0,0.0,0.0,317,,0,,,,,,,,
1452,287,TE bench,,12959,Bryce Pierre,TE,FA,25,77,255,UCLA,45,2001-01-25,1,False,Inactive,Questionable,,,,9999999,0.0,0.0,0.0,0.0,0.0,0.0,0.0,0.0,0.0,0.0,0.0,0.0,0.0,0.0,0.0,0.0,0.0,0.0,0.0,0.0,0.0,0.0,0.0,0.0,0.0,0.0,287,,0,,,,,,,,
1453,564,WR bench,,8252,Travell Harris,WR,FA,,68,182,Washington State,0,,1,False,Active,,,,,9999999,0.0,0.0,0.0,0.0,0.0,0.0,0.0,0.0,0.0,0.0,0.0,0.0,0.0,0.0,0.0,0.0,0.0,0.0,0.0,0.0,0.0,0.0,0.0,0.0,0.0,0.0,564,,0,,,,,,,,
1136,425,WR depth,,13619,Marcus Sanders,WR,MIN,22,73,190,Georgia Southern,31,2004-07-14,0,True,Active,,,,,9999999,0.0,0.0,0.0,0.0,0.0,0.0,0.0,0.0,0.0,0.0,0.0,0.0,0.0,0.0,0.0,0.0,0.0,0.0,0.0,0.0,0.0,0.0,0.0,0.0,0.0,0.0,565,,0,,,,,,,,
1455,318,RB bench,,4322,Dalton Crossan,RB,FA,27,71,204,New Hampshire,42,1994-02-25,5,False,Inactive,,,,,9999999,0.0,0.0,0.0,0.0,0.0,0.0,0.0,0.0,0.0,0.0,0.0,0.0,0.0,0.0,0.0,0.0,0.0,0.0,0.0,0.0,0.0,0.0,0.0,0.0,0.0,0.0,318,,0,,,,,,,,
713,141,TE depth,,12079,Treyton Welch,TE,NO,25,76,240,Wyoming,82,2001-01-10,2,False,Active,,,7,TE7,9999999,3.0,0.0,0.0,0.0,0.0,0.0,0.0,0.0,0.0,0.0,0.0,0.0,0.0,0.0,0.0,0.0,0.0,0.0,0.0,0.0,0.0,0.0,0.0,0.0,0.0,0.0,288,170.0,1,0,660,,,170.0,,,-78
1457,566,WR bench,,11925,Terique Owens,WR,FA,25,75,200,Missouri State,83,1999-09-25,1,False,Active,,,,,516,0.0,0.0,0.0,0.0,0.0,0.0,0.0,0.0,0.0,0.0,0.0,0.0,0.0,0.0,0.0,0.0,0.0,0.0,0.0,0.0,0.0,0.0,0.0,0.0,0.0,0.0,566,,0,,,,,,,,
1458,289,TE bench,,7065,Eli Wolf,TE,FA,24,76,238,Georgia,46,1997-11-03,2,False,Inactive,,,,,9999999,0.0,0.0,0.0,0.0,0.0,0.0,0.0,0.0,0.0,0.0,0.0,0.0,0.0,0.0,0.0,0.0,0.0,0.0,0.0,0.0,0.0,0.0,0.0,0.0,0.0,0.0,289,,0,,,,,,,,
1459,567,WR bench,,5950,Nyqwan Murray,WR,FA,24,71,192,Florida State,0,1997-07-28,3,False,Active,,,,,9999999,0.0,0.0,0.0,0.0,0.0,0.0,0.0,0.0,0.0,0.0,0.0,0.0,0.0,0.0,0.0,0.0,0.0,0.0,0.0,0.0,0.0,0.0,0.0,0.0,0.0,0.0,567,,0,,,,,,,,
1460,568,WR bench,,3476,Johnny Holton,WR,FA,31,75,190,Cincinnati,80,1990-08-22,6,False,Active,,,,,9999999,0.0,0.0,0.0,0.0,0.0,0.0,0.0,0.0,0.0,0.0,0.0,0.0,0.0,0.0,0.0,0.0,0.0,0.0,0.0,0.0,0.0,0.0,0.0,0.0,0.0,0.0,568,,0,,,,,,,,
1461,319,RB bench,,7358,Jake Bargas,RB,FA,26,74,250,North Carolina,47,1996-11-28,3,False,Active,,,,,9999999,0.0,0.0,0.0,0.0,0.0,0.0,0.0,0.0,0.0,0.0,0.0,0.0,0.0,0.0,0.0,0.0,0.0,0.0,0.0,0.0,0.0,0.0,0.0,0.0,0.0,0.0,319,,0,,,,,,,,
1462,290,TE bench,,4545,Keith Towbridge,TE,FA,26,77,262,Louisville,43,1995-05-21,5,False,Active,,,,,9999999,0.0,0.0,0.0,0.0,0.0,0.0,0.0,0.0,0.0,0.0,0.0,0.0,0.0,0.0,0.0,0.0,0.0,0.0,0.0,0.0,0.0,0.0,0.0,0.0,0.0,0.0,290,,0,,,,,,,,
1463,569,WR bench,,5637,Garrett Johnson,WR,FA,26,71,175,Kentucky,0,1995-12-03,4,False,Active,,,,,9999999,0.0,0.0,0.0,0.0,0.0,0.0,0.0,0.0,0.0,0.0,0.0,0.0,0.0,0.0,0.0,0.0,0.0,0.0,0.0,0.0,0.0,0.0,0.0,0.0,0.0,0.0,569,,0,,,,,,,,
1464,320,RB bench,,2142,Rajion Neal,RB,FA,29,71,220,Tennessee,43,1992-03-28,8,False,Active,,,,,9999999,0.0,0.0,0.0,0.0,0.0,0.0,0.0,0.0,0.0,0.0,0.0,0.0,0.0,0.0,0.0,0.0,0.0,0.0,0.0,0.0,0.0,0.0,0.0,0.0,0.0,0.0,320,,0,,,,,,,,
1465,291,TE bench,,5750,Garrett Hudson,TE,FA,26,76,245,Richmond,46,1995-01-24,4,False,Active,,,,,9999999,0.0,0.0,0.0,0.0,0.0,0.0,0.0,0.0,0.0,0.0,0.0,0.0,0.0,0.0,0.0,0.0,0.0,0.0,0.0,0.0,0.0,0.0,0.0,0.0,0.0,0.0,291,,0,,,,,,,,
714,149,RB depth,,11644,Cody Schrader,RB,DEN,26,69,214,Missouri,5,1999-09-08,2,False,Active,,,7,RB7,999,1.0,0.0,0.0,0.0,0.0,0.0,0.0,0.0,0.0,0.0,0.0,0.0,0.0,1.0,1.9,1.9,0.0,0.0,0.0,1.0,3.0,0.0,1.0,1.0,6.0,0.0,321,170.0,1,0,637,,,170.0,,,-102
1467,570,WR bench,,6465,Thomas Ives,WR,CHI,25,76,218,Colgate,0,1996-06-25,3,False,Inactive,,,,,9999999,0.0,0.0,0.0,0.0,0.0,0.0,0.0,0.0,0.0,0.0,0.0,0.0,0.0,0.0,0.0,0.0,0.0,0.0,0.0,0.0,0.0,0.0,0.0,0.0,0.0,0.0,570,,0,,,,,,,,
715,97,QB depth,,8206,Skylar Thompson,QB,BAL,29,74,220,Kansas State,11,1997-06-04,4,False,Active,,,3,QB3,999,0.0,0.0,0.0,0.0,0.0,0.0,0.0,0.0,0.0,0.0,0.0,0.0,0.0,3.0,7.88,2.63,187.0,0.0,0.0,1.0,4.0,0.0,0.0,0.0,0.0,0.0,174,170.0,1,0,578,,,170.0,,,-162
1469,322,RB bench,,7316,Darius Bradwell,RB,FA,25,72,235,Tulane,32,1997-05-15,2,False,Active,,,,,9999999,0.0,0.0,0.0,0.0,0.0,0.0,0.0,0.0,0.0,0.0,0.0,0.0,0.0,0.0,0.0,0.0,0.0,0.0,0.0,0.0,0.0,0.0,0.0,0.0,0.0,0.0,322,,0,,,,,,,,
1137,220,TE depth,,14061,Jeremiah Franklin,TE,MIA,,75,245,Boston College,80,,0,True,Active,,,,,9999999,0.0,0.0,0.0,0.0,0.0,0.0,0.0,0.0,0.0,0.0,0.0,0.0,0.0,0.0,0.0,0.0,0.0,0.0,0.0,0.0,0.0,0.0,0.0,0.0,0.0,0.0,292,,0,,,,,,,,
1471,175,QB bench,,11214,Tanner Morgan,QB,FA,24,74,215,Minnesota,4,1999-04-17,1,False,Active,,,,,249,0.0,0.0,0.0,0.0,0.0,0.0,0.0,0.0,0.0,0.0,0.0,0.0,0.0,0.0,0.0,0.0,0.0,0.0,0.0,0.0,0.0,0.0,0.0,0.0,0.0,0.0,175,,0,,,,,,,,
716,251,WR depth,,5110,Russell Gage,WR,FA,29,72,184,LSU,14,1996-01-22,7,False,Active,,,,,556,1.0,0.0,0.0,0.0,0.0,0.0,0.0,0.0,0.0,0.0,0.0,0.0,0.0,0.0,0.0,0.0,0.0,0.0,0.0,0.0,0.0,0.0,0.0,0.0,0.0,0.0,571,170.0,1,0,953,,,170.0,,,212
1473,572,WR bench,,6363,Michael Walker,WR,FA,25,71,195,Boston College,0,1996-10-29,3,False,Active,,,,,368,0.0,0.0,0.0,0.0,0.0,0.0,0.0,0.0,0.0,0.0,0.0,0.0,0.0,0.0,0.0,0.0,0.0,0.0,0.0,0.0,0.0,0.0,0.0,0.0,0.0,0.0,572,,0,,,,,,,,
1474,293,TE bench,,4571,Blake Jarwin,TE,FA,27,77,260,Oklahoma State,89,1994-07-16,5,False,Active,,,,,218,0.0,0.0,0.0,0.0,0.0,0.0,0.0,0.0,0.0,0.0,0.0,0.0,0.0,0.0,0.0,0.0,0.0,0.0,0.0,0.0,0.0,0.0,0.0,0.0,0.0,0.0,293,,0,,,,,,,,
717,252,WR depth,,13074,Isaiah Neyor,WR,GB,25,76,218,Nebraska,80,2001-06-07,1,False,Active,,,7,WR7,999,0.0,0.0,0.0,0.0,0.0,0.0,0.0,0.0,0.0,0.0,0.0,0.0,0.0,0.0,0.0,0.0,0.0,0.0,0.0,0.0,0.0,0.0,0.0,0.0,0.0,0.0,573,170.0,1,0,782,,,170.0,,,40
1476,323,RB bench,,4226,Alex Armah,RB,FA,29,73,255,West Georgia,40,1994-05-17,7,False,Active,,,,,400,0.0,0.0,0.0,0.0,0.0,0.0,0.0,0.0,0.0,0.0,0.0,0.0,0.0,0.0,0.0,0.0,0.0,0.0,0.0,0.0,0.0,0.0,0.0,0.0,0.0,0.0,323,,0,,,,,,,,
1477,574,WR bench,,12198,Wayne Ruby,WR,FA,24,73,190,Mount Union,,2000-06-18,1,False,Active,,,,,9999999,0.0,0.0,0.0,0.0,0.0,0.0,0.0,0.0,0.0,0.0,0.0,0.0,0.0,0.0,0.0,0.0,0.0,0.0,0.0,0.0,0.0,0.0,0.0,0.0,0.0,0.0,574,,0,,,,,,,,
1138,143,QB depth,,13415,Haynes King,QB,CAR,25,74,212,Georgia Tech,16,2001-01-09,0,True,Active,,,,,9999999,0.0,0.0,0.0,0.0,0.0,0.0,0.0,0.0,0.0,0.0,0.0,0.0,0.0,0.0,0.0,0.0,0.0,0.0,0.0,0.0,0.0,0.0,0.0,0.0,0.0,0.0,176,,0,,,,,,,,
718,98,QB depth,,6185,Easton Stick,QB,IND,30,73,224,North Dakota State,4,1995-09-15,7,False,Active,,,4,QB4,9999999,0.0,0.0,0.0,0.0,0.0,0.0,0.0,0.0,0.0,0.0,0.0,0.0,0.0,0.0,0.0,0.0,0.0,0.0,0.0,0.0,0.0,0.0,0.0,0.0,0.0,0.0,177,170.0,1,0,911,,,170.0,,,168
1480,575,WR bench,,12224,David White,WR,FA,25,76,200,Western Carolina,16,2000-07-18,1,False,Active,,,,,602,0.0,0.0,0.0,0.0,0.0,0.0,0.0,0.0,0.0,0.0,0.0,0.0,0.0,0.0,0.0,0.0,0.0,0.0,0.0,0.0,0.0,0.0,0.0,0.0,0.0,0.0,575,,0,,,,,,,,
1481,576,WR bench,,6361,Raphael Leonard,WR,FA,24,74,197,Southern Illinois,14,1997-05-26,3,False,Active,,,,,9999999,0.0,0.0,0.0,0.0,0.0,0.0,0.0,0.0,0.0,0.0,0.0,0.0,0.0,0.0,0.0,0.0,0.0,0.0,0.0,0.0,0.0,0.0,0.0,0.0,0.0,0.0,576,,0,,,,,,,,
1482,294,TE bench,,4153,Jordan Leggett,TE,FA,26,77,258,Clemson,81,1995-01-31,5,False,Inactive,,,,,1172,0.0,0.0,0.0,0.0,0.0,0.0,0.0,0.0,0.0,0.0,0.0,0.0,0.0,0.0,0.0,0.0,0.0,0.0,0.0,0.0,0.0,0.0,0.0,0.0,0.0,0.0,294,,0,,,,,,,,
1483,577,WR bench,,11081,Cephus Johnson,WR,FA,24,77,220,Southeastern Louisiana,28,1999-09-21,1,False,Active,,,,,503,0.0,0.0,0.0,0.0,0.0,0.0,0.0,0.0,0.0,0.0,0.0,0.0,0.0,0.0,0.0,0.0,0.0,0.0,0.0,0.0,0.0,0.0,0.0,0.0,0.0,0.0,577,,0,,,,,,,,
719,142,TE depth,,8197,Peyton Hendershot,TE,FA,25,76,250,Indiana,88,1999-04-23,3,False,Active,,,,,9999999,0.0,0.0,0.0,0.0,0.0,0.0,0.0,0.0,0.0,0.0,0.0,0.0,0.0,7.0,10.1,1.44,0.0,0.0,0.0,0.0,0.0,0.0,5.0,5.0,51.0,0.0,295,170.0,1,0,700,,,170.0,,,-44
1485,324,RB bench,,6664,A.J. Ouellette,RB,FA,26,69,209,Ohio,1,1995-07-20,3,False,Active,,,,,9999999,0.0,0.0,0.0,0.0,0.0,0.0,0.0,0.0,0.0,0.0,0.0,0.0,0.0,0.0,0.0,0.0,0.0,0.0,0.0,0.0,0.0,0.0,0.0,0.0,0.0,0.0,324,,0,,,,,,,,
1486,325,RB bench,,6959,LeVante Bellamy,RB,FA,25,69,188,Western Michigan,0,1996-11-28,2,False,Active,,,,,9999999,0.0,0.0,0.0,0.0,0.0,0.0,0.0,0.0,0.0,0.0,0.0,0.0,0.0,0.0,0.0,0.0,0.0,0.0,0.0,0.0,0.0,0.0,0.0,0.0,0.0,0.0,325,,0,,,,,,,,
1487,578,WR bench,,2674,Paul Browning,WR,FA,32,74,221,CSU-Pueblo,0,1992-08-05,10,False,Active,,,,,9999999,0.0,0.0,0.0,0.0,0.0,0.0,0.0,0.0,0.0,0.0,0.0,0.0,0.0,0.0,0.0,0.0,0.0,0.0,0.0,0.0,0.0,0.0,0.0,0.0,0.0,0.0,578,,0,,,,,,,,
1488,579,WR bench,,11357,Tyler Adams,WR,FA,25,72,190,Butler,2,1998-08-03,1,False,Active,,,,,338,0.0,0.0,0.0,0.0,0.0,0.0,0.0,0.0,0.0,0.0,0.0,0.0,0.0,0.0,0.0,0.0,0.0,0.0,0.0,0.0,0.0,0.0,0.0,0.0,0.0,0.0,579,,0,,,,,,,,
1489,296,TE bench,,7149,Tommy Stevens,TE,NYG,25,77,235,Mississippi State,0,1996-12-15,2,False,Active,,,,,1938,0.0,0.0,0.0,0.0,0.0,0.0,0.0,0.0,0.0,0.0,0.0,0.0,0.0,0.0,0.0,0.0,0.0,0.0,0.0,0.0,0.0,0.0,0.0,0.0,0.0,0.0,296,,0,,,,,,,,
1490,297,TE bench,,8817,Nolan Givan,TE,FA,,75,250,Southeastern Louisiana,0,,1,False,Active,,,,,508,0.0,0.0,0.0,0.0,0.0,0.0,0.0,0.0,0.0,0.0,0.0,0.0,0.0,0.0,0.0,0.0,0.0,0.0,0.0,0.0,0.0,0.0,0.0,0.0,0.0,0.0,297,,0,,,,,,,,
1491,580,WR bench,,5762,Josh Smith,WR,FA,27,73,206,Tennessee,0,1994-03-24,4,False,Inactive,,,,,1137,0.0,0.0,0.0,0.0,0.0,0.0,0.0,0.0,0.0,0.0,0.0,0.0,0.0,0.0,0.0,0.0,0.0,0.0,0.0,0.0,0.0,0.0,0.0,0.0,0.0,0.0,580,,0,,,,,,,,
1492,581,WR bench,,3157,William Fuller,WR,FA,27,73,184,Notre Dame,3,1994-04-16,6,False,Active,,,,,119,0.0,0.0,0.0,0.0,0.0,0.0,0.0,0.0,0.0,0.0,0.0,0.0,0.0,0.0,0.0,0.0,0.0,0.0,0.0,0.0,0.0,0.0,0.0,0.0,0.0,0.0,581,,0,,,,,,,,
720,143,TE depth,,13401,Michael Trigg,TE,DAL,24,76,240,Baylor,46,2002-06-27,0,True,Active,,,2,TE2,212,0.0,0.0,0.0,0.0,0.0,0.0,0.0,0.0,0.0,0.0,0.0,0.0,0.0,0.0,0.0,0.0,0.0,0.0,0.0,0.0,0.0,0.0,0.0,0.0,0.0,0.0,298,170.0,1,0,374,,,170.0,,,-371
1494,299,TE bench,,5288,Donnie Ernsberger,TE,TEN,25,74,237,Western Michigan,83,1996-10-13,4,False,Inactive,Questionable,,,,9999999,0.0,0.0,0.0,0.0,0.0,0.0,0.0,0.0,0.0,0.0,0.0,0.0,0.0,0.0,0.0,0.0,0.0,0.0,0.0,0.0,0.0,0.0,0.0,0.0,0.0,0.0,299,,0,,,,,,,,
1495,300,TE bench,,13261,Layne Pryor,TE,HOU,23,74,250,Northern Iowa,47,2003-04-05,1,False,Active,,,5,TE5,9999999,0.0,0.0,0.0,0.0,0.0,0.0,0.0,0.0,0.0,0.0,0.0,0.0,0.0,0.0,0.0,0.0,0.0,0.0,0.0,0.0,0.0,0.0,0.0,0.0,0.0,0.0,300,,0,,,,,,,,
1496,582,WR bench,,11172,Shae Wyatt,WR,FA,24,72,188,Tulane,41,1998-09-27,1,False,Active,,,,,9999999,0.0,0.0,0.0,0.0,0.0,0.0,0.0,0.0,0.0,0.0,0.0,0.0,0.0,0.0,0.0,0.0,0.0,0.0,0.0,0.0,0.0,0.0,0.0,0.0,0.0,0.0,582,,0,,,,,,,,
1139,426,WR depth,,6779,Jordan Harris,WR,FA,34,72,214,Bryant University,0,1991-12-08,0,True,Active,,,,,9999999,0.0,0.0,0.0,0.0,0.0,0.0,0.0,0.0,0.0,0.0,0.0,0.0,0.0,0.0,0.0,0.0,0.0,0.0,0.0,0.0,0.0,0.0,0.0,0.0,0.0,0.0,583,,0,,,,,,,,
1498,584,WR bench,,4324,Trey Griffey,WR,FA,27,75,192,Arizona,15,1994-01-19,5,False,Active,,,,,9999999,0.0,0.0,0.0,0.0,0.0,0.0,0.0,0.0,0.0,0.0,0.0,0.0,0.0,0.0,0.0,0.0,0.0,0.0,0.0,0.0,0.0,0.0,0.0,0.0,0.0,0.0,584,,0,,,,,,,,
1499,81,K bench,,10858,Alex Quevedo,K,FA,24,71,185,Central Oklahoma,19,1999-05-14,1,False,Active,,,,K1,307,0.0,0.0,0.0,0.0,0.0,0.0,0.0,0.0,0.0,0.0,0.0,0.0,0.0,0.0,0.0,0.0,0.0,0.0,0.0,0.0,0.0,0.0,0.0,0.0,0.0,0.0,81,,0,,,,,,,,
1500,82,K bench,,2650,Ty Long,K,FA,29,74,205,UAB,18,1993-04-06,7,False,Active,,,,K1,568,0.0,0.0,0.0,0.0,0.0,0.0,0.0,0.0,0.0,0.0,0.0,0.0,0.0,0.0,0.0,0.0,0.0,0.0,0.0,0.0,0.0,0.0,0.0,0.0,0.0,0.0,82,,0,,,,,,,,
1501,301,TE bench,,963,Luke Stocker,TE,FA,33,77,253,Tennessee,35,1988-07-17,11,False,Active,,,,,501,0.0,0.0,0.0,0.0,0.0,0.0,0.0,0.0,0.0,0.0,0.0,0.0,0.0,0.0,0.0,0.0,0.0,0.0,0.0,0.0,0.0,0.0,0.0,0.0,0.0,0.0,301,,0,,,,,,,,
1502,585,WR bench,,7244,Ja'Marcus Bradley,WR,FA,26,72,198,Louisiana,84,1996-12-11,3,False,Inactive,,,,,9999999,0.0,0.0,0.0,0.0,0.0,0.0,0.0,0.0,0.0,0.0,0.0,0.0,0.0,0.0,0.0,0.0,0.0,0.0,0.0,0.0,0.0,0.0,0.0,0.0,0.0,0.0,585,,0,,,,,,,,
1503,586,WR bench,,3398,Kenny Lawler,WR,FA,27,75,195,California,11,1994-06-25,6,False,Active,,,,,9999999,0.0,0.0,0.0,0.0,0.0,0.0,0.0,0.0,0.0,0.0,0.0,0.0,0.0,0.0,0.0,0.0,0.0,0.0,0.0,0.0,0.0,0.0,0.0,0.0,0.0,0.0,586,,0,,,,,,,,
1504,587,WR bench,,5294,Mikah Holder,WR,FA,25,72,185,San Diego State,0,1996-01-26,4,False,Active,,,,,950,0.0,0.0,0.0,0.0,0.0,0.0,0.0,0.0,0.0,0.0,0.0,0.0,0.0,0.0,0.0,0.0,0.0,0.0,0.0,0.0,0.0,0.0,0.0,0.0,0.0,0.0,587,,0,,,,,,,,
1505,326,RB bench,,4519,Devine Redding,RB,FA,25,70,208,Indiana,34,1996-02-05,5,False,Active,,,,,9999999,0.0,0.0,0.0,0.0,0.0,0.0,0.0,0.0,0.0,0.0,0.0,0.0,0.0,0.0,0.0,0.0,0.0,0.0,0.0,0.0,0.0,0.0,0.0,0.0,0.0,0.0,326,,0,,,,,,,,
1506,588,WR bench,,1333,Russell Shepard,WR,FA,31,73,195,LSU,0,1990-09-17,9,False,Active,,,,,704,0.0,0.0,0.0,0.0,0.0,0.0,0.0,0.0,0.0,0.0,0.0,0.0,0.0,0.0,0.0,0.0,0.0,0.0,0.0,0.0,0.0,0.0,0.0,0.0,0.0,0.0,588,,0,,,,,,,,
1507,178,QB bench,,2106,David Fales,QB,FA,31,73,219,San Jose State,3,1990-10-04,8,False,Active,,,,,583,0.0,0.0,0.0,0.0,0.0,0.0,0.0,0.0,0.0,0.0,0.0,0.0,0.0,0.0,0.0,0.0,0.0,0.0,0.0,0.0,0.0,0.0,0.0,0.0,0.0,0.0,178,,0,,,,,,,,
1508,327,RB bench,,7107,Jason Huntley,RB,FA,25,69,195,New Mexico State,31,1998-04-20,3,False,Active,,,,,9999999,0.0,0.0,0.0,0.0,0.0,0.0,0.0,0.0,0.0,0.0,0.0,0.0,0.0,0.0,0.0,0.0,0.0,0.0,0.0,0.0,0.0,0.0,0.0,0.0,0.0,0.0,327,,0,,,,,,,,
1509,328,RB bench,,12283,Dylan McDuffie,RB,FA,24,72,215,Kansas,,2000-02-19,1,False,Active,,,,,9999999,0.0,0.0,0.0,0.0,0.0,0.0,0.0,0.0,0.0,0.0,0.0,0.0,0.0,0.0,0.0,0.0,0.0,0.0,0.0,0.0,0.0,0.0,0.0,0.0,0.0,0.0,328,,0,,,,,,,,
1510,83,K bench,,7121,Justin Rohrwasser,K,FA,25,75,230,Marshall,5,1996-12-07,2,False,Inactive,,,,K1,574,0.0,0.0,0.0,0.0,0.0,0.0,0.0,0.0,0.0,0.0,0.0,0.0,0.0,0.0,0.0,0.0,0.0,0.0,0.0,0.0,0.0,0.0,0.0,0.0,0.0,0.0,83,,0,,,,,,,,
1140,258,RB depth,,3877,Kelsey Young,RB,FA,25,"5'10""",198,Boise State,32,1993-05-04,0,True,Inactive,,,,,9999999,0.0,0.0,0.0,0.0,0.0,0.0,0.0,0.0,0.0,0.0,0.0,0.0,0.0,0.0,0.0,0.0,0.0,0.0,0.0,0.0,0.0,0.0,0.0,0.0,0.0,0.0,329,,0,,,,,,,,
1512,330,RB bench,,2161,Jerick McKinnon,RB,FA,32,69,209,Georgia Southern,1,1992-05-03,10,False,Active,,,,,236,0.0,0.0,0.0,0.0,0.0,0.0,0.0,0.0,0.0,0.0,0.0,0.0,0.0,0.0,0.0,0.0,0.0,0.0,0.0,0.0,0.0,0.0,0.0,0.0,0.0,0.0,330,,0,,,,,,,,
721,99,QB depth,,8157,Bailey Zappe,QB,NYJ,27,73,220,Western Kentucky,11,1999-04-26,4,False,Active,,,4,QB4,999,0.0,0.0,0.0,0.0,0.0,0.0,0.0,0.0,0.0,0.0,0.0,0.0,0.0,1.0,9.0,9.0,170.0,1.0,2.0,2.0,2.0,0.0,0.0,0.0,0.0,0.0,179,170.0,1,0,470,,,170.0,,,-276
1141,259,RB depth,,8427,Player Invalid,RB,FA,,,,,,,0,True,Inactive,,,,,,0.0,0.0,0.0,0.0,0.0,0.0,0.0,0.0,0.0,0.0,0.0,0.0,0.0,0.0,0.0,0.0,0.0,0.0,0.0,0.0,0.0,0.0,0.0,0.0,0.0,0.0,331,,0,,,,,,,,
1515,84,K bench,,7094,Lirim Hajrullahu,K,FA,32,71,205,Western Ontario (CAN),9,1990-04-24,2,False,Active,,,,K1,485,0.0,0.0,0.0,0.0,0.0,0.0,0.0,0.0,0.0,0.0,0.0,0.0,0.0,0.0,0.0,0.0,0.0,0.0,0.0,0.0,0.0,0.0,0.0,0.0,0.0,0.0,84,,0,,,,,,,,
1516,332,RB bench,,7001,Brian Herrien,RB,FA,23,72,210,Georgia,35,1998-02-07,2,False,Active,,,,,1858,0.0,0.0,0.0,0.0,0.0,0.0,0.0,0.0,0.0,0.0,0.0,0.0,0.0,0.0,0.0,0.0,0.0,0.0,0.0,0.0,0.0,0.0,0.0,0.0,0.0,0.0,332,,0,,,,,,,,
344,70,RB depth,,232,Frank Gore,RB,FA,38,69,212,Miami (FL),0,1983-05-14,17,False,Active,,,,,187,0.0,0.0,0.0,0.0,0.0,0.0,0.0,0.0,0.0,0.0,0.0,0.0,0.0,0.0,0.0,0.0,0.0,0.0,0.0,0.0,0.0,0.0,0.0,0.0,0.0,0.0,333,169.9,1,0,342,,,169.9,,,-405
1518,589,WR bench,,5786,Marcus Peterson,WR,FA,29,70,195,Seton Hill,0,1992-03-20,4,False,Active,,,,,9999999,0.0,0.0,0.0,0.0,0.0,0.0,0.0,0.0,0.0,0.0,0.0,0.0,0.0,0.0,0.0,0.0,0.0,0.0,0.0,0.0,0.0,0.0,0.0,0.0,0.0,0.0,589,,0,,,,,,,,
722,150,RB depth,,6379,Khari Blasingame,RB,FA,28,72,233,Vanderbilt,48,1996-07-01,6,False,Active,,,,,446,0.0,0.0,0.0,0.0,0.0,0.0,0.0,0.0,0.0,0.0,0.0,0.0,0.0,5.0,0.0,0.0,0.0,0.0,0.0,0.0,0.0,0.0,0.0,0.0,0.0,0.0,334,170.0,1,0,893,,,170.0,,,145
1520,335,RB bench,,6159,Mike Weber,RB,FA,24,70,212,Ohio State,27,1997-08-27,3,False,Inactive,,,,,1616,0.0,0.0,0.0,0.0,0.0,0.0,0.0,0.0,0.0,0.0,0.0,0.0,0.0,0.0,0.0,0.0,0.0,0.0,0.0,0.0,0.0,0.0,0.0,0.0,0.0,0.0,335,,0,,,,,,,,
1521,336,RB bench,,2820,Dominique Brown,RB,FA,33,74,241,Louisville,0,1991-12-27,10,False,Active,,,,,9999999,0.0,0.0,0.0,0.0,0.0,0.0,0.0,0.0,0.0,0.0,0.0,0.0,0.0,0.0,0.0,0.0,0.0,0.0,0.0,0.0,0.0,0.0,0.0,0.0,0.0,0.0,336,,0,,,,,,,,
1522,590,WR bench,,7960,T.J. Simmons,WR,FA,,74,198,West Virginia,83,,1,False,Active,,,,,,0.0,0.0,0.0,0.0,0.0,0.0,0.0,0.0,0.0,0.0,0.0,0.0,0.0,0.0,0.0,0.0,0.0,0.0,0.0,0.0,0.0,0.0,0.0,0.0,0.0,0.0,590,,0,,,,,,,,
1523,591,WR bench,,8663,Jared Bernhardt,WR,FA,25,73,195,Ferris State,83,1997-09-12,1,False,Active,,,,,368,0.0,0.0,0.0,0.0,0.0,0.0,0.0,0.0,0.0,0.0,0.0,0.0,0.0,0.0,0.0,0.0,0.0,0.0,0.0,0.0,0.0,0.0,0.0,0.0,0.0,0.0,591,,0,,,,,,,,
1524,337,RB bench,,7867,Spencer Brown,RB,FA,25,72,220,UAB,42,1998-11-13,3,False,Active,,,,,9999999,0.0,0.0,0.0,0.0,0.0,0.0,0.0,0.0,0.0,0.0,0.0,0.0,0.0,0.0,0.0,0.0,0.0,0.0,0.0,0.0,0.0,0.0,0.0,0.0,0.0,0.0,337,,0,,,,,,,,
1525,180,QB bench,,13190,Taylor Elgersma,QB,FA,23,77,227,Wilfrid Laurier (CAN),,2002-03-27,1,False,Active,,,,,633,0.0,0.0,0.0,0.0,0.0,0.0,0.0,0.0,0.0,0.0,0.0,0.0,0.0,0.0,0.0,0.0,0.0,0.0,0.0,0.0,0.0,0.0,0.0,0.0,0.0,0.0,180,,0,,,,,,,,
1526,302,TE bench,,8088,Kalif Jackson,TE,MIA,,77,255,Grambling State,60,,1,False,Active,,,,,,0.0,0.0,0.0,0.0,0.0,0.0,0.0,0.0,0.0,0.0,0.0,0.0,0.0,0.0,0.0,0.0,0.0,0.0,0.0,0.0,0.0,0.0,0.0,0.0,0.0,0.0,302,,0,,,,,,,,
1527,85,K bench,,8812,Jonathan Garibay,K,FA,,71,217,Texas Tech,0,,1,False,Active,,,,K1,378,0.0,0.0,0.0,0.0,0.0,0.0,0.0,0.0,0.0,0.0,0.0,0.0,0.0,0.0,0.0,0.0,0.0,0.0,0.0,0.0,0.0,0.0,0.0,0.0,0.0,0.0,85,,0,,,,,,,,
1528,181,QB bench,,5142,Kurt Benkert,QB,FA,27,75,218,Virginia,14,1995-07-17,4,False,Active,,,,,448,0.0,0.0,0.0,0.0,0.0,0.0,0.0,0.0,0.0,0.0,0.0,0.0,0.0,0.0,0.0,0.0,0.0,0.0,0.0,0.0,0.0,0.0,0.0,0.0,0.0,0.0,181,,0,,,,,,,,
1529,338,RB bench,,1546,Kenjon Barner,RB,FA,33,69,195,Oregon,38,1989-04-28,9,False,Inactive,,,,,421,0.0,0.0,0.0,0.0,0.0,0.0,0.0,0.0,0.0,0.0,0.0,0.0,0.0,0.0,0.0,0.0,0.0,0.0,0.0,0.0,0.0,0.0,0.0,0.0,0.0,0.0,338,,0,,,,,,,,
1142,221,TE depth,,13972,Brandon Frazier,TE,FA,,79,267,Auburn,87,,0,True,Active,,,,,9999999,0.0,0.0,0.0,0.0,0.0,0.0,0.0,0.0,0.0,0.0,0.0,0.0,0.0,0.0,0.0,0.0,0.0,0.0,0.0,0.0,0.0,0.0,0.0,0.0,0.0,0.0,303,,0,,,,,,,,
723,151,RB depth,,13423,Eli Heidenreich,RB,PIT,23,72,198,Navy,29,2003-06-28,0,True,Active,,,3,RB3,999,0.0,0.0,0.0,0.0,0.0,0.0,0.0,0.0,0.0,0.0,0.0,0.0,0.0,0.0,0.0,0.0,0.0,0.0,0.0,0.0,0.0,0.0,0.0,0.0,0.0,0.0,339,170.0,1,0,373,,,170.0,,,-376
1532,592,WR bench,,5772,Aaron Lacombe,WR,FA,26,75,205,California Lutheran,0,1995-04-06,4,False,Inactive,,,,,9999999,0.0,0.0,0.0,0.0,0.0,0.0,0.0,0.0,0.0,0.0,0.0,0.0,0.0,0.0,0.0,0.0,0.0,0.0,0.0,0.0,0.0,0.0,0.0,0.0,0.0,0.0,592,,0,,,,,,,,
1533,593,WR bench,,5929,Anthony Johnson,WR,FA,26,74,210,Buffalo,83,1995-01-29,3,False,Active,,,,,9999999,0.0,0.0,0.0,0.0,0.0,0.0,0.0,0.0,0.0,0.0,0.0,0.0,0.0,0.0,0.0,0.0,0.0,0.0,0.0,0.0,0.0,0.0,0.0,0.0,0.0,0.0,593,,0,,,,,,,,
1534,340,RB bench,,5163,Ryan Nall,RB,FA,26,74,232,Oregon State,35,1995-12-27,4,False,Inactive,,,,,657,0.0,0.0,0.0,0.0,0.0,0.0,0.0,0.0,0.0,0.0,0.0,0.0,0.0,0.0,0.0,0.0,0.0,0.0,0.0,0.0,0.0,0.0,0.0,0.0,0.0,0.0,340,,0,,,,,,,,
1143,427,WR depth,,5216,Ervin Philips,WR,FA,,"5'11""",181,None,3,,0,True,Inactive,NA,,,,9999999,0.0,0.0,0.0,0.0,0.0,0.0,0.0,0.0,0.0,0.0,0.0,0.0,0.0,0.0,0.0,0.0,0.0,0.0,0.0,0.0,0.0,0.0,0.0,0.0,0.0,0.0,594,,0,,,,,,,,
724,144,TE depth,,11511,John Stephens,TE,FA,26,77,221,Louisiana,49,1999-09-23,2,False,Inactive,,,,,272,0.0,0.0,0.0,0.0,0.0,0.0,0.0,0.0,0.0,0.0,0.0,0.0,0.0,0.0,0.0,0.0,0.0,0.0,0.0,0.0,0.0,0.0,0.0,0.0,0.0,0.0,304,170.0,1,0,717,,,170.0,,,-33
1537,341,RB bench,,4835,Darrius Sims,RB,FA,27,69,191,Vanderbilt,47,1994-10-26,5,False,Active,,,,,9999999,0.0,0.0,0.0,0.0,0.0,0.0,0.0,0.0,0.0,0.0,0.0,0.0,0.0,0.0,0.0,0.0,0.0,0.0,0.0,0.0,0.0,0.0,0.0,0.0,0.0,0.0,341,,0,,,,,,,,
1538,595,WR bench,,7530,Frank Darby,WR,FA,26,73,200,Arizona State,3,1997-09-08,3,False,Active,,,,,440,0.0,0.0,0.0,0.0,0.0,0.0,0.0,0.0,0.0,0.0,0.0,0.0,0.0,0.0,0.0,0.0,0.0,0.0,0.0,0.0,0.0,0.0,0.0,0.0,0.0,0.0,595,,0,,,,,,,,
1144,144,QB depth,,13119,Collin Schlee,QB,FA,24,75,225,Virginia Tech,,2001-05-30,0,True,Active,,,,,9999999,0.0,0.0,0.0,0.0,0.0,0.0,0.0,0.0,0.0,0.0,0.0,0.0,0.0,0.0,0.0,0.0,0.0,0.0,0.0,0.0,0.0,0.0,0.0,0.0,0.0,0.0,182,,0,,,,,,,,
1540,596,WR bench,,6909,Lynn Bowden,WR,FA,26,73,204,Kentucky,5,1997-10-14,4,False,Active,,,,,9999999,0.0,0.0,0.0,0.0,0.0,0.0,0.0,0.0,0.0,0.0,0.0,0.0,0.0,0.0,0.0,0.0,0.0,0.0,0.0,0.0,0.0,0.0,0.0,0.0,0.0,0.0,596,,0,,,,,,,,
959,216,RB depth,,13424,Seth McGowan,RB,IND,24,72,223,Kentucky,20,2001-10-23,0,True,Active,,,3,RB3,999,0.0,0.0,0.0,0.0,0.0,0.0,0.0,0.0,0.0,0.0,0.0,0.0,0.0,0.0,0.0,0.0,0.0,0.0,0.0,0.0,0.0,0.0,0.0,0.0,0.0,0.0,342,170.1,1,0,990,,,170.1,,,239
1542,597,WR bench,,3445,Marcus Johnson,WR,FA,28,73,204,Texas,84,1994-08-05,7,False,Active,,,,,9999999,0.0,0.0,0.0,0.0,0.0,0.0,0.0,0.0,0.0,0.0,0.0,0.0,0.0,0.0,0.0,0.0,0.0,0.0,0.0,0.0,0.0,0.0,0.0,0.0,0.0,0.0,597,,0,,,,,,,,
1543,598,WR bench,,3178,Josh Doctson,WR,FA,29,74,206,TCU,0,1992-12-03,6,False,Active,,,,,9999999,0.0,0.0,0.0,0.0,0.0,0.0,0.0,0.0,0.0,0.0,0.0,0.0,0.0,0.0,0.0,0.0,0.0,0.0,0.0,0.0,0.0,0.0,0.0,0.0,0.0,0.0,598,,0,,,,,,,,
1544,305,TE bench,,7378,Kyle Markway,TE,FA,25,76,250,South Carolina,47,1997-03-04,2,False,Active,,,,,9999999,0.0,0.0,0.0,0.0,0.0,0.0,0.0,0.0,0.0,0.0,0.0,0.0,0.0,0.0,0.0,0.0,0.0,0.0,0.0,0.0,0.0,0.0,0.0,0.0,0.0,0.0,305,,0,,,,,,,,
1545,343,RB bench,,745,Marshawn Lynch,RB,FA,35,71,215,California,0,1986-04-22,15,False,Injured Reserve,,,,,621,0.0,0.0,0.0,0.0,0.0,0.0,0.0,0.0,0.0,0.0,0.0,0.0,0.0,0.0,0.0,0.0,0.0,0.0,0.0,0.0,0.0,0.0,0.0,0.0,0.0,0.0,343,,0,,,,,,,,
1546,599,WR bench,,11526,Malachi Carter,WR,FA,23,74,191,Georgia Tech,88,2000-03-15,1,False,Active,,,,,355,0.0,0.0,0.0,0.0,0.0,0.0,0.0,0.0,0.0,0.0,0.0,0.0,0.0,0.0,0.0,0.0,0.0,0.0,0.0,0.0,0.0,0.0,0.0,0.0,0.0,0.0,599,,0,,,,,,,,
1547,183,QB bench,,7465,Nick Tiano,QB,FA,25,77,240,Chattanooga,8,1996-12-10,2,False,Active,,,,,9999999,0.0,0.0,0.0,0.0,0.0,0.0,0.0,0.0,0.0,0.0,0.0,0.0,0.0,0.0,0.0,0.0,0.0,0.0,0.0,0.0,0.0,0.0,0.0,0.0,0.0,0.0,183,,0,,,,,,,,
1548,600,WR bench,,6421,Jalen Guyton,WR,FA,27,73,212,North Texas,4,1997-06-07,5,False,Active,,,,,623,0.0,0.0,0.0,0.0,0.0,0.0,0.0,0.0,0.0,0.0,0.0,0.0,0.0,0.0,0.0,0.0,0.0,0.0,0.0,0.0,0.0,0.0,0.0,0.0,0.0,0.0,600,,0,,,,,,,,
1549,306,TE bench,,4468,Antony Auclair,TE,FA,29,77,256,Laval (CAN),84,1993-05-28,5,False,Active,,,,,9999999,0.0,0.0,0.0,0.0,0.0,0.0,0.0,0.0,0.0,0.0,0.0,0.0,0.0,0.0,0.0,0.0,0.0,0.0,0.0,0.0,0.0,0.0,0.0,0.0,0.0,0.0,306,,0,,,,,,,,
1550,601,WR bench,,11964,Dayton Wade,WR,BAL,25,69,184,Ole Miss,18,2000-09-08,2,False,Active,Questionable,,9,WR9,9999999,0.0,0.0,0.0,0.0,0.0,0.0,0.0,0.0,0.0,0.0,0.0,0.0,0.0,0.0,0.0,0.0,0.0,0.0,0.0,0.0,0.0,0.0,0.0,0.0,0.0,0.0,601,,0,,,,,,,,
1551,307,TE bench,,3695,J.P. Holtz,TE,FA,30,75,255,Pittsburgh,86,1993-08-28,7,False,Active,,,,,355,0.0,0.0,0.0,0.0,0.0,0.0,0.0,0.0,0.0,0.0,0.0,0.0,0.0,0.0,0.0,0.0,0.0,0.0,0.0,0.0,0.0,0.0,0.0,0.0,0.0,0.0,307,,0,,,,,,,,
1145,428,WR depth,,4941,Dontre Wilson,WR,FA,,70,195,Ohio State,0,,0,True,Active,,,,,9999999,0.0,0.0,0.0,0.0,0.0,0.0,0.0,0.0,0.0,0.0,0.0,0.0,0.0,0.0,0.0,0.0,0.0,0.0,0.0,0.0,0.0,0.0,0.0,0.0,0.0,0.0,602,,0,,,,,,,,
1553,603,WR bench,,7623,Darece Roberson,WR,FA,23,70,170,Wright State,0,1998-07-29,1,False,Active,,,,,,0.0,0.0,0.0,0.0,0.0,0.0,0.0,0.0,0.0,0.0,0.0,0.0,0.0,0.0,0.0,0.0,0.0,0.0,0.0,0.0,0.0,0.0,0.0,0.0,0.0,0.0,603,,0,,,,,,,,
725,253,WR depth,,8861,Irv Charles,WR,SEA,29,76,219,Indiana (PA),85,1997-04-13,4,False,Active,,,9,WR9,999,0.0,0.0,0.0,0.0,0.0,0.0,0.0,0.0,0.0,0.0,0.0,0.0,0.0,13.0,2.0,0.15,0.0,0.0,0.0,0.0,0.0,0.0,0.0,1.0,0.0,0.0,604,170.0,1,0,757,,,170.0,,,5
1555,605,WR bench,,13258,Phil Lutz,WR,FA,,72,195,Delaware,,,1,False,Active,,,,,506,0.0,0.0,0.0,0.0,0.0,0.0,0.0,0.0,0.0,0.0,0.0,0.0,0.0,0.0,0.0,0.0,0.0,0.0,0.0,0.0,0.0,0.0,0.0,0.0,0.0,0.0,605,,0,,,,,,,,
1556,606,WR bench,,6697,Floyd Allen,WR,FA,25,70,199,Mississippi,82,1996-07-16,3,False,Active,,,,,9999999,0.0,0.0,0.0,0.0,0.0,0.0,0.0,0.0,0.0,0.0,0.0,0.0,0.0,0.0,0.0,0.0,0.0,0.0,0.0,0.0,0.0,0.0,0.0,0.0,0.0,0.0,606,,0,,,,,,,,
1557,184,QB bench,,3170,Paxton Lynch,QB,FA,27,79,244,Memphis,5,1994-02-12,6,False,Inactive,,,,,949,0.0,0.0,0.0,0.0,0.0,0.0,0.0,0.0,0.0,0.0,0.0,0.0,0.0,0.0,0.0,0.0,0.0,0.0,0.0,0.0,0.0,0.0,0.0,0.0,0.0,0.0,184,,0,,,,,,,,
1558,308,TE bench,,3407,Beau Sandland,TE,FA,28,77,250,Montana State,85,1993-02-23,6,False,Active,,,,,9999999,0.0,0.0,0.0,0.0,0.0,0.0,0.0,0.0,0.0,0.0,0.0,0.0,0.0,0.0,0.0,0.0,0.0,0.0,0.0,0.0,0.0,0.0,0.0,0.0,0.0,0.0,308,,0,,,,,,,,
1559,607,WR bench,,7703,Jacob Harris,WR,FA,28,77,211,UCF,30,1997-04-16,4,False,Active,,,,,476,0.0,0.0,0.0,0.0,0.0,0.0,0.0,0.0,0.0,0.0,0.0,0.0,0.0,0.0,0.0,0.0,0.0,0.0,0.0,0.0,0.0,0.0,0.0,0.0,0.0,0.0,607,,0,,,,,,,,
1560,344,RB bench,,5558,Marcus Martin,RB,FA,26,74,255,Slippery Rock,0,1995-02-16,4,False,Active,,,,,9999999,0.0,0.0,0.0,0.0,0.0,0.0,0.0,0.0,0.0,0.0,0.0,0.0,0.0,0.0,0.0,0.0,0.0,0.0,0.0,0.0,0.0,0.0,0.0,0.0,0.0,0.0,344,,0,,,,,,,,
726,254,WR depth,,11276,Joseph Ngata,WR,FA,24,75,215,Clemson,86,2001-01-09,2,False,Active,,,,,592,0.0,0.0,0.0,0.0,0.0,0.0,0.0,0.0,0.0,0.0,0.0,0.0,0.0,0.0,0.0,0.0,0.0,0.0,0.0,0.0,0.0,0.0,0.0,0.0,0.0,0.0,608,170.0,1,0,854,,,170.0,,,101
1562,609,WR bench,,12355,Treveyon Pratt,WR,FA,24,74,195,Morgan State,,2000-05-26,1,False,Active,,,,,9999999,0.0,0.0,0.0,0.0,0.0,0.0,0.0,0.0,0.0,0.0,0.0,0.0,0.0,0.0,0.0,0.0,0.0,0.0,0.0,0.0,0.0,0.0,0.0,0.0,0.0,0.0,609,,0,,,,,,,,
1563,610,WR bench,,2846,Marquez Clark,WR,FA,33,71,185,Central Oklahoma,0,1991-09-26,10,False,Active,,,,,9999999,0.0,0.0,0.0,0.0,0.0,0.0,0.0,0.0,0.0,0.0,0.0,0.0,0.0,0.0,0.0,0.0,0.0,0.0,0.0,0.0,0.0,0.0,0.0,0.0,0.0,0.0,610,,0,,,,,,,,
1146,429,WR depth,,13835,Mekhi Mews,WR,FA,,68,185,Houston,,,0,True,Active,,,,,9999999,0.0,0.0,0.0,0.0,0.0,0.0,0.0,0.0,0.0,0.0,0.0,0.0,0.0,0.0,0.0,0.0,0.0,0.0,0.0,0.0,0.0,0.0,0.0,0.0,0.0,0.0,611,,0,,,,,,,,
1565,185,QB bench,,4863,Josh Rosen,QB,FA,25,76,226,UCLA,15,1997-02-10,5,False,Active,,,,,307,0.0,0.0,0.0,0.0,0.0,0.0,0.0,0.0,0.0,0.0,0.0,0.0,0.0,0.0,0.0,0.0,0.0,0.0,0.0,0.0,0.0,0.0,0.0,0.0,0.0,0.0,185,,0,,,,,,,,
1566,345,RB bench,,13250,Nay'Quan Wright,RB,FA,,69,193,South Florida,,,1,False,Active,,,,,665,0.0,0.0,0.0,0.0,0.0,0.0,0.0,0.0,0.0,0.0,0.0,0.0,0.0,0.0,0.0,0.0,0.0,0.0,0.0,0.0,0.0,0.0,0.0,0.0,0.0,0.0,345,,0,,,,,,,,
1567,612,WR bench,,11190,Keilahn Harris,WR,FA,23,72,180,Oklahoma Baptist,89,2001-01-08,1,False,Inactive,,,,,9999999,0.0,0.0,0.0,0.0,0.0,0.0,0.0,0.0,0.0,0.0,0.0,0.0,0.0,0.0,0.0,0.0,0.0,0.0,0.0,0.0,0.0,0.0,0.0,0.0,0.0,0.0,612,,0,,,,,,,,
1568,346,RB bench,,7264,Jordan Jones,RB,FA,24,73,250,Prairie View,45,1997-01-20,2,False,Active,,,,,9999999,0.0,0.0,0.0,0.0,0.0,0.0,0.0,0.0,0.0,0.0,0.0,0.0,0.0,0.0,0.0,0.0,0.0,0.0,0.0,0.0,0.0,0.0,0.0,0.0,0.0,0.0,346,,0,,,,,,,,
1569,613,WR bench,,12909,Eli Pancol,WR,IND,26,75,205,Duke,83,2000-07-07,1,False,Active,,,,,999,0.0,0.0,0.0,0.0,0.0,0.0,0.0,0.0,0.0,0.0,0.0,0.0,0.0,0.0,0.0,0.0,0.0,0.0,0.0,0.0,0.0,0.0,0.0,0.0,0.0,0.0,613,,0,,,,,,,,
1570,186,QB bench,,5108,Luke Falk,QB,FA,27,76,215,Washington State,8,1994-12-28,4,False,Active,,,,,9999999,0.0,0.0,0.0,0.0,0.0,0.0,0.0,0.0,0.0,0.0,0.0,0.0,0.0,0.0,0.0,0.0,0.0,0.0,0.0,0.0,0.0,0.0,0.0,0.0,0.0,0.0,186,,0,,,,,,,,
727,100,QB depth,,13335,Cole Payton,QB,PHI,23,74,232,North Dakota State,10,2002-10-26,0,True,Active,,,4,QB4,999,0.0,0.0,0.0,0.0,0.0,0.0,0.0,0.0,0.0,0.0,0.0,0.0,0.0,0.0,0.0,0.0,0.0,0.0,0.0,0.0,0.0,0.0,0.0,0.0,0.0,0.0,187,170.0,1,0,803,,,170.0,,,49
1572,309,TE bench,,6490,Mik'Quan Deane,TE,FA,,76,240,Western Kentucky,48,,3,False,Active,,,,,9999999,0.0,0.0,0.0,0.0,0.0,0.0,0.0,0.0,0.0,0.0,0.0,0.0,0.0,0.0,0.0,0.0,0.0,0.0,0.0,0.0,0.0,0.0,0.0,0.0,0.0,0.0,309,,0,,,,,,,,
1573,614,WR bench,,4108,Carlos Henderson,WR,FA,27,71,191,Louisiana Tech,11,1994-12-19,5,False,Active,,,,,9999999,0.0,0.0,0.0,0.0,0.0,0.0,0.0,0.0,0.0,0.0,0.0,0.0,0.0,0.0,0.0,0.0,0.0,0.0,0.0,0.0,0.0,0.0,0.0,0.0,0.0,0.0,614,,0,,,,,,,,
728,255,WR depth,,2410,Jamison Crowder,WR,FA,31,69,177,Duke,80,1993-06-17,10,False,Active,,,,,691,0.0,0.0,0.0,0.0,0.0,0.0,0.0,0.0,0.0,0.0,0.0,0.0,0.0,6.0,26.2,4.37,0.0,0.0,0.0,0.0,0.0,0.0,9.0,13.0,72.0,2.0,615,170.0,1,0,964,,,170.0,,,209
729,152,RB depth,,6984,Tony Jones,RB,FA,27,71,224,Notre Dame,37,1997-11-24,5,False,Active,,,,,630,0.0,0.0,0.0,0.0,0.0,0.0,0.0,0.0,0.0,0.0,0.0,0.0,0.0,1.0,11.5,11.5,0.0,0.0,0.0,4.0,55.0,1.0,0.0,0.0,0.0,0.0,347,170.0,1,0,833,,,170.0,,,77
1147,260,RB depth,,3901,Brandon Johnson,RB,FA,25,"6'2""",228,Penn State,39,1993-04-02,0,True,Inactive,,,,,9999999,0.0,0.0,0.0,0.0,0.0,0.0,0.0,0.0,0.0,0.0,0.0,0.0,0.0,0.0,0.0,0.0,0.0,0.0,0.0,0.0,0.0,0.0,0.0,0.0,0.0,0.0,348,,0,,,,,,,,
1577,310,TE bench,,1706,Jack Doyle,TE,IND,31,78,262,Western Kentucky,84,1990-05-05,9,False,Active,,,,,504,0.0,0.0,0.0,0.0,0.0,0.0,0.0,0.0,0.0,0.0,0.0,0.0,0.0,0.0,0.0,0.0,0.0,0.0,0.0,0.0,0.0,0.0,0.0,0.0,0.0,0.0,310,,0,,,,,,,,
1578,311,TE bench,,3588,Michael Miller,TE,FA,33,78,235,Taylor,0,1991-09-23,9,False,Active,,,,,9999999,0.0,0.0,0.0,0.0,0.0,0.0,0.0,0.0,0.0,0.0,0.0,0.0,0.0,0.0,0.0,0.0,0.0,0.0,0.0,0.0,0.0,0.0,0.0,0.0,0.0,0.0,311,,0,,,,,,,,
1579,188,QB bench,,4926,Nick Schuessler,QB,PIT,,"6'3""",200,Clemson,0,,1,False,Active,,,,,9999999,0.0,0.0,0.0,0.0,0.0,0.0,0.0,0.0,0.0,0.0,0.0,0.0,0.0,0.0,0.0,0.0,0.0,0.0,0.0,0.0,0.0,0.0,0.0,0.0,0.0,0.0,188,,0,,,,,,,,
1580,616,WR bench,,4829,Daniel Williams,WR,FA,26,75,200,Jackson State,6,1995-08-06,5,False,Active,,,,,9999999,0.0,0.0,0.0,0.0,0.0,0.0,0.0,0.0,0.0,0.0,0.0,0.0,0.0,0.0,0.0,0.0,0.0,0.0,0.0,0.0,0.0,0.0,0.0,0.0,0.0,0.0,616,,0,,,,,,,,
1581,312,TE bench,,2495,Nick O'Leary,TE,FA,29,75,252,Florida State,0,1992-08-31,7,False,Active,,,,,424,0.0,0.0,0.0,0.0,0.0,0.0,0.0,0.0,0.0,0.0,0.0,0.0,0.0,0.0,0.0,0.0,0.0,0.0,0.0,0.0,0.0,0.0,0.0,0.0,0.0,0.0,312,,0,,,,,,,,
730,153,RB depth,,6885,Ke'Shawn Vaughn,RB,FA,28,70,214,Vanderbilt,30,1997-05-04,5,False,Active,,,,,539,0.0,0.0,0.0,0.0,0.0,0.0,0.0,0.0,0.0,0.0,0.0,0.0,0.0,3.0,0.4,0.13,0.0,0.0,0.0,2.0,4.0,0.0,0.0,0.0,0.0,0.0,349,170.0,1,0,684,,,170.0,,,-73
1583,617,WR bench,,11387,Sean Ryan,WR,FA,25,75,200,Rutgers,82,1999-01-21,1,False,Active,,,,,328,0.0,0.0,0.0,0.0,0.0,0.0,0.0,0.0,0.0,0.0,0.0,0.0,0.0,0.0,0.0,0.0,0.0,0.0,0.0,0.0,0.0,0.0,0.0,0.0,0.0,0.0,617,,0,,,,,,,,
1584,350,RB bench,,2262,Trey Millard,RB,FA,30,74,255,Oklahoma,40,1991-07-21,8,False,Active,,,,,9999999,0.0,0.0,0.0,0.0,0.0,0.0,0.0,0.0,0.0,0.0,0.0,0.0,0.0,0.0,0.0,0.0,0.0,0.0,0.0,0.0,0.0,0.0,0.0,0.0,0.0,0.0,350,,0,,,,,,,,
1585,618,WR bench,,7426,Seth Dawkins,WR,FA,23,75,218,Louisville,13,1998-08-16,2,False,Inactive,,,,,9999999,0.0,0.0,0.0,0.0,0.0,0.0,0.0,0.0,0.0,0.0,0.0,0.0,0.0,0.0,0.0,0.0,0.0,0.0,0.0,0.0,0.0,0.0,0.0,0.0,0.0,0.0,618,,0,,,,,,,,
1586,86,K bench,,1974,Cody Parkey,K,FA,29,72,193,Auburn,0,1992-02-19,8,False,Active,,,,K1,522,0.0,0.0,0.0,0.0,0.0,0.0,0.0,0.0,0.0,0.0,0.0,0.0,0.0,0.0,0.0,0.0,0.0,0.0,0.0,0.0,0.0,0.0,0.0,0.0,0.0,0.0,86,,0,,,,,,,,
1587,87,K bench,,5386,Matt McCrane,K,FA,30,70,165,Kansas State,36,1994-09-08,6,False,Active,,,,K1,458,0.0,0.0,0.0,0.0,0.0,0.0,0.0,0.0,0.0,0.0,0.0,0.0,0.0,0.0,0.0,0.0,0.0,0.0,0.0,0.0,0.0,0.0,0.0,0.0,0.0,0.0,87,,0,,,,,,,,
1588,619,WR bench,,3599,Dez Stewart,WR,FA,28,74,200,Ohio Dominican,18,1993-04-18,6,False,Inactive,,,,,9999999,0.0,0.0,0.0,0.0,0.0,0.0,0.0,0.0,0.0,0.0,0.0,0.0,0.0,0.0,0.0,0.0,0.0,0.0,0.0,0.0,0.0,0.0,0.0,0.0,0.0,0.0,619,,0,,,,,,,,
731,154,RB depth,,11652,Louis Rees-Zammit,RB,FA,24,74,209,,89,2001-02-02,1,False,Active,,,,,366,0.0,0.0,0.0,0.0,0.0,0.0,0.0,0.0,0.0,0.0,0.0,0.0,0.0,0.0,0.0,0.0,0.0,0.0,0.0,0.0,0.0,0.0,0.0,0.0,0.0,0.0,351,170.0,1,0,512,,,170.0,,,-246
1590,313,TE bench,,7734,Bruno Labelle,TE,FA,24,76,248,Cincinnati,0,1997-06-03,1,False,Active,,,,,,0.0,0.0,0.0,0.0,0.0,0.0,0.0,0.0,0.0,0.0,0.0,0.0,0.0,0.0,0.0,0.0,0.0,0.0,0.0,0.0,0.0,0.0,0.0,0.0,0.0,0.0,313,,0,,,,,,,,
1591,88,K bench,,5247,David Marvin,K,FA,26,74,215,Georgia,1,1995-04-05,4,False,Active,,,,K1,9999999,0.0,0.0,0.0,0.0,0.0,0.0,0.0,0.0,0.0,0.0,0.0,0.0,0.0,0.0,0.0,0.0,0.0,0.0,0.0,0.0,0.0,0.0,0.0,0.0,0.0,0.0,88,,0,,,,,,,,
732,155,RB depth,,12656,Robbie Ouzts,RB,SEA,23,75,274,Alabama,40,2002-09-06,1,False,Active,Questionable,,8,RB8,999,12.0,0.0,0.0,0.0,0.0,0.0,0.0,0.0,0.0,0.0,0.0,0.0,0.0,0.0,0.0,0.0,0.0,0.0,0.0,0.0,0.0,0.0,0.0,0.0,0.0,0.0,352,170.0,1,0,654,,,170.0,,,-105
1148,261,RB depth,,14071,Grant Finley,RB,NYG,,76,270,Missouri Western,,,0,True,Active,,,,,9999999,0.0,0.0,0.0,0.0,0.0,0.0,0.0,0.0,0.0,0.0,0.0,0.0,0.0,0.0,0.0,0.0,0.0,0.0,0.0,0.0,0.0,0.0,0.0,0.0,0.0,0.0,353,,0,,,,,,,,
1594,620,WR bench,,5211,Jake Wieneke,WR,FA,27,76,215,South Dakota State,9,1994-09-14,4,False,Active,,,,,9999999,0.0,0.0,0.0,0.0,0.0,0.0,0.0,0.0,0.0,0.0,0.0,0.0,0.0,0.0,0.0,0.0,0.0,0.0,0.0,0.0,0.0,0.0,0.0,0.0,0.0,0.0,620,,0,,,,,,,,
733,101,QB depth,,5257,Tim Boyle,QB,FA,30,76,232,Eastern Kentucky,15,1994-10-03,7,False,Active,,,,,493,0.0,0.0,0.0,0.0,0.0,0.0,0.0,0.0,0.0,0.0,0.0,0.0,0.0,3.0,14.94,4.98,276.0,1.0,1.0,3.0,9.0,0.0,0.0,0.0,0.0,0.0,189,170.0,1,0,933,,,170.0,,,173
734,256,WR depth,,2750,DeAndre Carter,WR,FA,32,68,190,Sacramento State,2,1993-04-10,11,False,Active,Questionable,,,,999,4.0,0.0,0.0,0.0,0.0,0.0,0.0,0.0,0.0,0.0,0.0,0.0,0.0,13.0,14.2,1.09,0.0,0.0,0.0,0.0,0.0,0.0,9.0,14.0,72.0,0.0,621,170.0,1,0,954,,,170.0,,,193
345,38,K depth,,13149,Caden Davis,K,FA,24,73,208,Ole Miss,,2001-02-27,1,False,Active,,,,K1,575,0.0,0.0,0.0,0.0,0.0,0.0,0.0,0.0,0.0,0.0,0.0,0.0,0.0,0.0,0.0,0.0,0.0,0.0,0.0,0.0,0.0,0.0,0.0,0.0,0.0,0.0,89,169.9,1,0,250,,,169.9,,,-512
1149,222,TE depth,,13321,Dan Villari,TE,LAR,24,76,243,Syracuse,38,2002-06-29,0,True,Active,,,,,999,0.0,0.0,0.0,0.0,0.0,0.0,0.0,0.0,0.0,0.0,0.0,0.0,0.0,0.0,0.0,0.0,0.0,0.0,0.0,0.0,0.0,0.0,0.0,0.0,0.0,0.0,314,,0,,,,,,,,
1599,622,WR bench,,12019,Devin Carter,WR,FA,22,75,214,West Virginia,,2002-03-18,1,False,Active,,,,,9999999,0.0,0.0,0.0,0.0,0.0,0.0,0.0,0.0,0.0,0.0,0.0,0.0,0.0,0.0,0.0,0.0,0.0,0.0,0.0,0.0,0.0,0.0,0.0,0.0,0.0,0.0,622,,0,,,,,,,,
1150,62,K depth,,13968,Drew Stevens,K,WAS,22,73,213,Iowa,19,2003-12-09,0,True,Active,,,2,K2,9999999,0.0,0.0,0.0,0.0,0.0,0.0,0.0,0.0,0.0,0.0,0.0,0.0,0.0,0.0,0.0,0.0,0.0,0.0,0.0,0.0,0.0,0.0,0.0,0.0,0.0,0.0,90,,0,,,,,,,,
1601,623,WR bench,,4285,Robert Davis,WR,FA,26,75,210,Georgia State,14,1995-04-02,5,False,Active,,,,,1230,0.0,0.0,0.0,0.0,0.0,0.0,0.0,0.0,0.0,0.0,0.0,0.0,0.0,0.0,0.0,0.0,0.0,0.0,0.0,0.0,0.0,0.0,0.0,0.0,0.0,0.0,623,,0,,,,,,,,
1602,624,WR bench,,8248,Kalil Pimpleton,WR,FA,24,69,172,Central Michigan,81,1998-12-09,1,False,Active,,,,,9999999,0.0,0.0,0.0,0.0,0.0,0.0,0.0,0.0,0.0,0.0,0.0,0.0,0.0,0.0,0.0,0.0,0.0,0.0,0.0,0.0,0.0,0.0,0.0,0.0,0.0,0.0,624,,0,,,,,,,,
1603,625,WR bench,,5431,Shay Fields,WR,FA,25,71,185,Colorado,16,1996-06-22,4,False,Active,,,,,9999999,0.0,0.0,0.0,0.0,0.0,0.0,0.0,0.0,0.0,0.0,0.0,0.0,0.0,0.0,0.0,0.0,0.0,0.0,0.0,0.0,0.0,0.0,0.0,0.0,0.0,0.0,625,,0,,,,,,,,
1604,315,TE bench,,2397,Jeff Heuerman,TE,FA,29,77,255,Ohio State,82,1992-11-24,7,False,Active,,,,,883,0.0,0.0,0.0,0.0,0.0,0.0,0.0,0.0,0.0,0.0,0.0,0.0,0.0,0.0,0.0,0.0,0.0,0.0,0.0,0.0,0.0,0.0,0.0,0.0,0.0,0.0,315,,0,,,,,,,,
1605,190,QB bench,,5167,Dalton Sturm,QB,FA,26,74,205,Texas-San Antonio,1,1995-09-15,4,False,Active,,,,,9999999,0.0,0.0,0.0,0.0,0.0,0.0,0.0,0.0,0.0,0.0,0.0,0.0,0.0,0.0,0.0,0.0,0.0,0.0,0.0,0.0,0.0,0.0,0.0,0.0,0.0,0.0,190,,0,,,,,,,,
1606,316,TE bench,,13116,Tre Watson,TE,KC,23,77,250,Texas A&M,49,2002-10-12,1,False,Active,,,,,9999999,0.0,0.0,0.0,0.0,0.0,0.0,0.0,0.0,0.0,0.0,0.0,0.0,0.0,0.0,0.0,0.0,0.0,0.0,0.0,0.0,0.0,0.0,0.0,0.0,0.0,0.0,316,,0,,,,,,,,
1607,354,RB bench,,8189,Trestan Ebner,RB,FA,24,71,206,Baylor,25,1999-01-02,1,False,Active,,,,,9999999,0.0,0.0,0.0,0.0,0.0,0.0,0.0,0.0,0.0,0.0,0.0,0.0,0.0,0.0,0.0,0.0,0.0,0.0,0.0,0.0,0.0,0.0,0.0,0.0,0.0,0.0,354,,0,,,,,,,,
1608,355,RB bench,,3312,Jonathan Williams,RB,FA,30,72,217,Arkansas,18,1994-02-02,8,False,Active,,,,,664,0.0,0.0,0.0,0.0,0.0,0.0,0.0,0.0,0.0,0.0,0.0,0.0,0.0,0.0,0.0,0.0,0.0,0.0,0.0,0.0,0.0,0.0,0.0,0.0,0.0,0.0,355,,0,,,,,,,,
735,156,RB depth,,6996,JaMycal Hasty,RB,FA,29,68,205,Baylor,37,1996-09-12,6,False,Active,,,,,616,0.0,0.0,0.0,0.0,0.0,0.0,0.0,0.0,0.0,0.0,0.0,0.0,0.0,15.0,28.8,1.92,0.0,0.0,0.0,20.0,69.0,0.0,10.0,12.0,59.0,1.0,356,170.0,1,0,689,,,170.0,,,-74
1151,430,WR depth,,11614,Player Invalid,WR,FA,,,,,,,0,True,Inactive,,,,,,0.0,0.0,0.0,0.0,0.0,0.0,0.0,0.0,0.0,0.0,0.0,0.0,0.0,0.0,0.0,0.0,0.0,0.0,0.0,0.0,0.0,0.0,0.0,0.0,0.0,0.0,626,,0,,,,,,,,
1611,627,WR bench,,7191,Jaylon Moore,WR,FA,27,71,198,Tennessee-Martin,76,1997-07-01,4,False,Inactive,,,,,9999999,0.0,0.0,0.0,0.0,0.0,0.0,0.0,0.0,0.0,0.0,0.0,0.0,0.0,0.0,0.0,0.0,0.0,0.0,0.0,0.0,0.0,0.0,0.0,0.0,0.0,0.0,627,,0,,,,,,,,
1612,357,RB bench,,5976,Karan Higdon,RB,FA,25,70,202,Michigan,24,1996-09-08,3,False,Inactive,,,,,1549,0.0,0.0,0.0,0.0,0.0,0.0,0.0,0.0,0.0,0.0,0.0,0.0,0.0,0.0,0.0,0.0,0.0,0.0,0.0,0.0,0.0,0.0,0.0,0.0,0.0,0.0,357,,0,,,,,,,,
1613,317,TE bench,,6906,Antonio Gandy-Golden,TE,FA,24,76,223,Liberty,18,1998-04-11,2,False,Active,,,,,9999999,0.0,0.0,0.0,0.0,0.0,0.0,0.0,0.0,0.0,0.0,0.0,0.0,0.0,0.0,0.0,0.0,0.0,0.0,0.0,0.0,0.0,0.0,0.0,0.0,0.0,0.0,317,,0,,,,,,,,
1614,628,WR bench,,12245,Jelani Baker,WR,FA,24,72,187,Limestone,,2000-11-13,1,False,Active,,,,,9999999,0.0,0.0,0.0,0.0,0.0,0.0,0.0,0.0,0.0,0.0,0.0,0.0,0.0,0.0,0.0,0.0,0.0,0.0,0.0,0.0,0.0,0.0,0.0,0.0,0.0,0.0,628,,0,,,,,,,,
1615,318,TE bench,,12095,Jjay Mcafee,TE,FA,,75,240,Georgia Southern,,,1,False,Active,,,,,9999999,0.0,0.0,0.0,0.0,0.0,0.0,0.0,0.0,0.0,0.0,0.0,0.0,0.0,0.0,0.0,0.0,0.0,0.0,0.0,0.0,0.0,0.0,0.0,0.0,0.0,0.0,318,,0,,,,,,,,
1616,629,WR bench,,2673,Damiere Byrd,WR,FA,31,69,175,South Carolina,89,1993-01-27,9,False,Active,,,,,557,0.0,0.0,0.0,0.0,0.0,0.0,0.0,0.0,0.0,0.0,0.0,0.0,0.0,0.0,0.0,0.0,0.0,0.0,0.0,0.0,0.0,0.0,0.0,0.0,0.0,0.0,629,,0,,,,,,,,
1617,358,RB bench,,6710,Josh Caldwell,RB,FA,25,71,220,Northwest Missouri State,30,1996-05-28,3,False,Active,,,,,9999999,0.0,0.0,0.0,0.0,0.0,0.0,0.0,0.0,0.0,0.0,0.0,0.0,0.0,0.0,0.0,0.0,0.0,0.0,0.0,0.0,0.0,0.0,0.0,0.0,0.0,0.0,358,,0,,,,,,,,
1618,319,TE bench,,6926,Brycen Hopkins,TE,FA,27,76,245,Purdue,88,1997-03-27,4,False,Active,,,,,9999999,0.0,0.0,0.0,0.0,0.0,0.0,0.0,0.0,0.0,0.0,0.0,0.0,0.0,0.0,0.0,0.0,0.0,0.0,0.0,0.0,0.0,0.0,0.0,0.0,0.0,0.0,319,,0,,,,,,,,
1619,359,RB bench,,7893,Dedrick Mills,RB,FA,25,71,220,Nebraska,0,1996-12-27,1,False,Active,,,,,,0.0,0.0,0.0,0.0,0.0,0.0,0.0,0.0,0.0,0.0,0.0,0.0,0.0,0.0,0.0,0.0,0.0,0.0,0.0,0.0,0.0,0.0,0.0,0.0,0.0,0.0,359,,0,,,,,,,,
1620,360,RB bench,,3670,Will Ratelle,RB,FA,28,71,250,North Dakota,39,1993-03-01,6,False,Active,,,,,9999999,0.0,0.0,0.0,0.0,0.0,0.0,0.0,0.0,0.0,0.0,0.0,0.0,0.0,0.0,0.0,0.0,0.0,0.0,0.0,0.0,0.0,0.0,0.0,0.0,0.0,0.0,360,,0,,,,,,,,
736,257,WR depth,,7729,Dez Fitzpatrick,WR,FA,27,74,208,Louisville,87,1997-12-17,4,False,Inactive,Questionable,,,,688,0.0,0.0,0.0,0.0,0.0,0.0,0.0,0.0,0.0,0.0,0.0,0.0,0.0,1.0,0.0,0.0,0.0,0.0,0.0,0.0,0.0,0.0,0.0,0.0,0.0,0.0,630,170.0,1,0,836,,,170.0,,,72
1152,262,RB depth,,12465,Player Invalid,RB,FA,,,,,,,0,True,Inactive,,,,,,0.0,0.0,0.0,0.0,0.0,0.0,0.0,0.0,0.0,0.0,0.0,0.0,0.0,0.0,0.0,0.0,0.0,0.0,0.0,0.0,0.0,0.0,0.0,0.0,0.0,0.0,361,,0,,,,,,,,
1623,320,TE bench,,7439,Tommy Hudson,TE,FA,27,77,255,Arizona State,89,1997-02-22,4,False,Inactive,,,,,9999999,0.0,0.0,0.0,0.0,0.0,0.0,0.0,0.0,0.0,0.0,0.0,0.0,0.0,0.0,0.0,0.0,0.0,0.0,0.0,0.0,0.0,0.0,0.0,0.0,0.0,0.0,320,,0,,,,,,,,
186,69,WR depth,,13417,De'Zhaun Stribling,WR,SF,23,74,207,Ole Miss,15,2002-12-18,0,True,Active,Questionable,Soreness,4,WR4,150,0.0,0.0,0.0,0.0,0.0,0.0,0.0,0.0,0.0,0.0,0.0,0.0,0.0,0.0,0.0,0.0,0.0,0.0,0.0,0.0,0.0,0.0,0.0,0.0,0.0,0.0,631,162.6,2,21,184,,156.2,168.9,,,-581
1625,362,RB bench,,8077,Otis Anderson,RB,FA,23,71,174,Central Florida,0,1998-11-12,1,False,Active,,,,,374,0.0,0.0,0.0,0.0,0.0,0.0,0.0,0.0,0.0,0.0,0.0,0.0,0.0,0.0,0.0,0.0,0.0,0.0,0.0,0.0,0.0,0.0,0.0,0.0,0.0,0.0,362,,0,,,,,,,,
1626,632,WR bench,,2935,Ricky Collins,WR,FA,33,72,200,Texas A&M-Commerce,0,1992-03-05,10,False,Active,,,,,9999999,0.0,0.0,0.0,0.0,0.0,0.0,0.0,0.0,0.0,0.0,0.0,0.0,0.0,0.0,0.0,0.0,0.0,0.0,0.0,0.0,0.0,0.0,0.0,0.0,0.0,0.0,632,,0,,,,,,,,
1627,633,WR bench,,5722,Darvin Kidsy,WR,FA,26,72,180,Texas Southern,0,1995-03-19,4,False,Active,,,,,9999999,0.0,0.0,0.0,0.0,0.0,0.0,0.0,0.0,0.0,0.0,0.0,0.0,0.0,0.0,0.0,0.0,0.0,0.0,0.0,0.0,0.0,0.0,0.0,0.0,0.0,0.0,633,,0,,,,,,,,
1628,634,WR bench,,3328,Rashard Higgins,WR,FA,28,73,198,Colorado State,17,1994-10-07,7,False,Active,,,,,9999999,0.0,0.0,0.0,0.0,0.0,0.0,0.0,0.0,0.0,0.0,0.0,0.0,0.0,0.0,0.0,0.0,0.0,0.0,0.0,0.0,0.0,0.0,0.0,0.0,0.0,0.0,634,,0,,,,,,,,
737,145,TE depth,,10224,Brayden Willis,TE,SF,26,76,240,Oklahoma,9,1999-11-11,3,False,Active,,,6,TE6,999,6.0,0.0,0.0,0.0,0.0,0.0,0.0,0.0,0.0,0.0,1.0,0.0,0.0,10.0,0.0,0.0,0.0,0.0,0.0,0.0,0.0,0.0,0.0,2.0,0.0,0.0,321,170.0,1,0,603,,,170.0,,,-163
1153,263,RB depth,,12463,Player Invalid,RB,FA,,,,,,,0,True,Inactive,,,,,,0.0,0.0,0.0,0.0,0.0,0.0,0.0,0.0,0.0,0.0,0.0,0.0,0.0,0.0,0.0,0.0,0.0,0.0,0.0,0.0,0.0,0.0,0.0,0.0,0.0,0.0,363,,0,,,,,,,,
1631,322,TE bench,,2373,Clive Walford,TE,FA,30,76,252,Miami (FL),0,1991-10-01,7,False,Active,,,,,9999999,0.0,0.0,0.0,0.0,0.0,0.0,0.0,0.0,0.0,0.0,0.0,0.0,0.0,0.0,0.0,0.0,0.0,0.0,0.0,0.0,0.0,0.0,0.0,0.0,0.0,0.0,322,,0,,,,,,,,
1632,635,WR bench,,12906,Cam Camper,WR,NYJ,24,75,198,Boise State,88,2001-08-21,1,False,Active,,,,,999,0.0,0.0,0.0,0.0,0.0,0.0,0.0,0.0,0.0,0.0,0.0,0.0,0.0,0.0,0.0,0.0,0.0,0.0,0.0,0.0,0.0,0.0,0.0,0.0,0.0,0.0,635,,0,,,,,,,,
1633,636,WR bench,,7752,Kawaan Baker,WR,FA,27,73,210,South Alabama,17,1998-08-24,4,False,Active,,,,,368,0.0,0.0,0.0,0.0,0.0,0.0,0.0,0.0,0.0,0.0,0.0,0.0,0.0,0.0,0.0,0.0,0.0,0.0,0.0,0.0,0.0,0.0,0.0,0.0,0.0,0.0,636,,0,,,,,,,,
738,146,TE depth,,13307,Marlin Klein,TE,HOU,23,78,250,Michigan,83,2002-09-17,0,True,Active,,,2,TE2,999,0.0,0.0,0.0,0.0,0.0,0.0,0.0,0.0,0.0,0.0,0.0,0.0,0.0,0.0,0.0,0.0,0.0,0.0,0.0,0.0,0.0,0.0,0.0,0.0,0.0,0.0,323,170.0,1,0,540,,,170.0,,,-227
1635,191,QB bench,,3978,Jacob Huesman,QB,FA,28,74,220,Chattanooga,48,1993-02-27,5,False,Active,,,,,9999999,0.0,0.0,0.0,0.0,0.0,0.0,0.0,0.0,0.0,0.0,0.0,0.0,0.0,0.0,0.0,0.0,0.0,0.0,0.0,0.0,0.0,0.0,0.0,0.0,0.0,0.0,191,,0,,,,,,,,
1636,364,RB bench,,5238,Austin Ramesh,RB,FA,26,73,255,Wisconsin,0,1995-01-31,4,False,Active,,,,,1011,0.0,0.0,0.0,0.0,0.0,0.0,0.0,0.0,0.0,0.0,0.0,0.0,0.0,0.0,0.0,0.0,0.0,0.0,0.0,0.0,0.0,0.0,0.0,0.0,0.0,0.0,364,,0,,,,,,,,
1637,637,WR bench,,4738,Colby Pearson,WR,FA,26,72,203,Brigham Young,84,1995-01-19,5,False,Active,,,,,9999999,0.0,0.0,0.0,0.0,0.0,0.0,0.0,0.0,0.0,0.0,0.0,0.0,0.0,0.0,0.0,0.0,0.0,0.0,0.0,0.0,0.0,0.0,0.0,0.0,0.0,0.0,637,,0,,,,,,,,
1638,638,WR bench,,2487,Geremy Davis,WR,FA,30,75,211,Connecticut,12,1992-01-10,7,False,Active,,,,,901,0.0,0.0,0.0,0.0,0.0,0.0,0.0,0.0,0.0,0.0,0.0,0.0,0.0,0.0,0.0,0.0,0.0,0.0,0.0,0.0,0.0,0.0,0.0,0.0,0.0,0.0,638,,0,,,,,,,,
739,258,WR depth,,5937,Diontae Johnson,WR,FA,29,70,183,Toledo,16,1996-07-05,6,False,Active,,,,,250,0.0,0.0,0.0,0.0,0.0,0.0,0.0,0.0,0.0,0.0,0.0,0.0,0.0,12.0,89.1,7.42,0.0,0.0,0.0,2.0,6.0,0.0,33.0,67.0,375.0,3.0,639,170.0,1,0,812,,,170.0,,,44
1640,365,RB bench,,11102,Charles McClelland,RB,FA,24,70,192,Cincinnati,38,1999-04-10,1,False,Active,,,,,9999999,0.0,0.0,0.0,0.0,0.0,0.0,0.0,0.0,0.0,0.0,0.0,0.0,0.0,0.0,0.0,0.0,0.0,0.0,0.0,0.0,0.0,0.0,0.0,0.0,0.0,0.0,365,,0,,,,,,,,
1641,640,WR bench,,7056,Darrell Stewart,WR,FA,25,74,216,Michigan State,80,1996-07-14,2,False,Inactive,,,,,9999999,0.0,0.0,0.0,0.0,0.0,0.0,0.0,0.0,0.0,0.0,0.0,0.0,0.0,0.0,0.0,0.0,0.0,0.0,0.0,0.0,0.0,0.0,0.0,0.0,0.0,0.0,640,,0,,,,,,,,
1642,366,RB bench,,4263,Elijah McGuire,RB,KC,27,70,214,Louisiana-Lafayette,24,1994-06-01,5,False,Active,,,,,9999999,0.0,0.0,0.0,0.0,0.0,0.0,0.0,0.0,0.0,0.0,0.0,0.0,0.0,0.0,0.0,0.0,0.0,0.0,0.0,0.0,0.0,0.0,0.0,0.0,0.0,0.0,366,,0,,,,,,,,
740,259,WR depth,,12721,Kaden Prather,WR,GB,23,75,204,Maryland,89,2002-09-06,1,False,Active,,,7,WR7,999,0.0,0.0,0.0,0.0,0.0,0.0,0.0,0.0,0.0,0.0,0.0,0.0,0.0,0.0,0.0,0.0,0.0,0.0,0.0,0.0,0.0,0.0,0.0,0.0,0.0,0.0,641,170.0,1,0,432,,,170.0,,,-337
1644,642,WR bench,,11940,JaQuae Jackson,WR,LAC,26,73,184,Rutgers,82,2000-01-30,2,False,Active,,,,,999,0.0,0.0,0.0,0.0,0.0,0.0,0.0,0.0,0.0,0.0,0.0,0.0,0.0,0.0,0.0,0.0,0.0,0.0,0.0,0.0,0.0,0.0,0.0,0.0,0.0,0.0,642,,0,,,,,,,,
1645,367,RB bench,,3883,Romar Morris,RB,FA,29,70,190,North Carolina,30,1992-10-21,6,False,Active,,,,,9999999,0.0,0.0,0.0,0.0,0.0,0.0,0.0,0.0,0.0,0.0,0.0,0.0,0.0,0.0,0.0,0.0,0.0,0.0,0.0,0.0,0.0,0.0,0.0,0.0,0.0,0.0,367,,0,,,,,,,,
1646,643,WR bench,,4162,Ryan Switzer,WR,FA,27,68,185,North Carolina,0,1994-11-04,5,False,Active,,,,,9999999,0.0,0.0,0.0,0.0,0.0,0.0,0.0,0.0,0.0,0.0,0.0,0.0,0.0,0.0,0.0,0.0,0.0,0.0,0.0,0.0,0.0,0.0,0.0,0.0,0.0,0.0,643,,0,,,,,,,,
1647,644,WR bench,,11148,Tyler Hudson,WR,FA,22,74,197,Louisville,86,2000-09-11,1,False,Active,,,,,9999999,0.0,0.0,0.0,0.0,0.0,0.0,0.0,0.0,0.0,0.0,0.0,0.0,0.0,0.0,0.0,0.0,0.0,0.0,0.0,0.0,0.0,0.0,0.0,0.0,0.0,0.0,644,,0,,,,,,,,
1648,645,WR bench,,6967,Aaron Fuller,WR,FA,24,71,188,Washington,13,1997-09-30,2,False,Active,,,,,299,0.0,0.0,0.0,0.0,0.0,0.0,0.0,0.0,0.0,0.0,0.0,0.0,0.0,0.0,0.0,0.0,0.0,0.0,0.0,0.0,0.0,0.0,0.0,0.0,0.0,0.0,645,,0,,,,,,,,
1649,324,TE bench,,4678,Tyrone Swoopes,TE,FA,27,76,254,Texas,0,1994-11-14,5,False,Active,,,,,9999999,0.0,0.0,0.0,0.0,0.0,0.0,0.0,0.0,0.0,0.0,0.0,0.0,0.0,0.0,0.0,0.0,0.0,0.0,0.0,0.0,0.0,0.0,0.0,0.0,0.0,0.0,324,,0,,,,,,,,
1650,325,TE bench,,11351,Thomas Greaney,TE,FA,24,78,250,Albany,81,1998-11-16,1,False,Active,,,,,471,0.0,0.0,0.0,0.0,0.0,0.0,0.0,0.0,0.0,0.0,0.0,0.0,0.0,0.0,0.0,0.0,0.0,0.0,0.0,0.0,0.0,0.0,0.0,0.0,0.0,0.0,325,,0,,,,,,,,
1651,192,QB bench,,11163,Tim DeMorat,QB,FA,23,76,220,Fordham,16,1999-10-18,1,False,Active,,,,,403,0.0,0.0,0.0,0.0,0.0,0.0,0.0,0.0,0.0,0.0,0.0,0.0,0.0,0.0,0.0,0.0,0.0,0.0,0.0,0.0,0.0,0.0,0.0,0.0,0.0,0.0,192,,0,,,,,,,,
1154,431,WR depth,,14056,Kyre Duplessis,WR,FA,,71,193,Delaware,25,,0,True,Active,,,,,9999999,0.0,0.0,0.0,0.0,0.0,0.0,0.0,0.0,0.0,0.0,0.0,0.0,0.0,0.0,0.0,0.0,0.0,0.0,0.0,0.0,0.0,0.0,0.0,0.0,0.0,0.0,646,,0,,,,,,,,
1653,368,RB bench,,4455,Matt Breida,RB,FA,29,70,195,Georgia Southern,28,1995-02-28,7,False,Active,,,,,583,0.0,0.0,0.0,0.0,0.0,0.0,0.0,0.0,0.0,0.0,0.0,0.0,0.0,0.0,0.0,0.0,0.0,0.0,0.0,0.0,0.0,0.0,0.0,0.0,0.0,0.0,368,,0,,,,,,,,
1654,647,WR bench,,2291,Dontrelle Inman,WR,FA,32,75,205,Virginia,0,1989-01-31,11,False,Active,,,,,212,0.0,0.0,0.0,0.0,0.0,0.0,0.0,0.0,0.0,0.0,0.0,0.0,0.0,0.0,0.0,0.0,0.0,0.0,0.0,0.0,0.0,0.0,0.0,0.0,0.0,0.0,647,,0,,,,,,,,
1655,369,RB bench,,8240,BJ Baylor,RB,FA,24,70,202,Oregon State,36,1998-09-08,1,False,Active,,,,,433,0.0,0.0,0.0,0.0,0.0,0.0,0.0,0.0,0.0,0.0,0.0,0.0,0.0,0.0,0.0,0.0,0.0,0.0,0.0,0.0,0.0,0.0,0.0,0.0,0.0,0.0,369,,0,,,,,,,,
1656,648,WR bench,,8824,Samson Nacua,WR,FA,,75,206,BYU,89,,1,False,Active,,,,,412,0.0,0.0,0.0,0.0,0.0,0.0,0.0,0.0,0.0,0.0,0.0,0.0,0.0,0.0,0.0,0.0,0.0,0.0,0.0,0.0,0.0,0.0,0.0,0.0,0.0,0.0,648,,0,,,,,,,,
1657,326,TE bench,,6460,Cole Herdman,TE,FA,26,76,238,Purdue,88,1995-06-27,3,False,Active,,,,,9999999,0.0,0.0,0.0,0.0,0.0,0.0,0.0,0.0,0.0,0.0,0.0,0.0,0.0,0.0,0.0,0.0,0.0,0.0,0.0,0.0,0.0,0.0,0.0,0.0,0.0,0.0,326,,0,,,,,,,,
1658,649,WR bench,,5714,Tim Wilson,WR,FA,27,69,170,East Stroudsburg,84,1994-02-16,4,False,Active,,,,,9999999,0.0,0.0,0.0,0.0,0.0,0.0,0.0,0.0,0.0,0.0,0.0,0.0,0.0,0.0,0.0,0.0,0.0,0.0,0.0,0.0,0.0,0.0,0.0,0.0,0.0,0.0,649,,0,,,,,,,,
1659,650,WR bench,,12173,Jaxon Janke,WR,FA,25,75,210,South Dakota State,81,1999-11-10,1,False,Active,,,,,431,0.0,0.0,0.0,0.0,0.0,0.0,0.0,0.0,0.0,0.0,0.0,0.0,0.0,0.0,0.0,0.0,0.0,0.0,0.0,0.0,0.0,0.0,0.0,0.0,0.0,0.0,650,,0,,,,,,,,
1660,651,WR bench,,5134,Keith Kirkwood,WR,FA,31,75,210,Temple,18,1994-12-26,8,False,Active,,,,,644,0.0,0.0,0.0,0.0,0.0,0.0,0.0,0.0,0.0,0.0,0.0,0.0,0.0,0.0,0.0,0.0,0.0,0.0,0.0,0.0,0.0,0.0,0.0,0.0,0.0,0.0,651,,0,,,,,,,,
1661,652,WR bench,,3447,Cayleb Jones,WR,FA,28,74,209,Arizona,16,1993-03-21,6,False,Active,,,,,9999999,0.0,0.0,0.0,0.0,0.0,0.0,0.0,0.0,0.0,0.0,0.0,0.0,0.0,0.0,0.0,0.0,0.0,0.0,0.0,0.0,0.0,0.0,0.0,0.0,0.0,0.0,652,,0,,,,,,,,
346,39,K depth,,8258,Cade York,K,NYJ,25,73,206,LSU,36,2001-01-27,4,False,Active,,,2,K2,350,0.0,0.0,0.0,0.0,0.0,0.0,0.0,0.0,0.0,0.0,0.0,0.0,0.0,6.0,41.0,6.83,0.0,0.0,0.0,0.0,0.0,0.0,0.0,0.0,0.0,0.0,91,169.9,1,0,303,,,169.9,,,-467
741,260,WR depth,,2309,Amari Cooper,WR,FA,31,73,210,Alabama,19,1994-06-17,10,False,Active,,,,,183,0.0,0.0,0.0,0.0,0.0,0.0,0.0,0.0,0.0,0.0,0.0,0.0,0.0,14.0,122.7,8.76,0.0,0.0,0.0,0.0,0.0,0.0,44.0,85.0,547.0,4.0,653,170.0,1,0,943,,,170.0,,,172
1664,370,RB bench,,7771,Jake Funk,RB,FA,26,70,205,Maryland,36,1998-01-11,3,False,Active,,,,,466,0.0,0.0,0.0,0.0,0.0,0.0,0.0,0.0,0.0,0.0,0.0,0.0,0.0,0.0,0.0,0.0,0.0,0.0,0.0,0.0,0.0,0.0,0.0,0.0,0.0,0.0,370,,0,,,,,,,,
1665,371,RB bench,,3397,Keith Marshall,RB,FA,27,71,222,Georgia,39,1994-02-16,6,False,Active,,,,,9999999,0.0,0.0,0.0,0.0,0.0,0.0,0.0,0.0,0.0,0.0,0.0,0.0,0.0,0.0,0.0,0.0,0.0,0.0,0.0,0.0,0.0,0.0,0.0,0.0,0.0,0.0,371,,0,,,,,,,,
1666,654,WR bench,,4599,Michael Rector,WR,FA,28,73,189,Stanford,84,1993-12-16,5,False,Active,,,,,9999999,0.0,0.0,0.0,0.0,0.0,0.0,0.0,0.0,0.0,0.0,0.0,0.0,0.0,0.0,0.0,0.0,0.0,0.0,0.0,0.0,0.0,0.0,0.0,0.0,0.0,0.0,654,,0,,,,,,,,
1667,193,QB bench,,4406,Wes Lunt,QB,FA,28,77,225,Illinois,0,1993-10-07,5,False,Active,,,,,9999999,0.0,0.0,0.0,0.0,0.0,0.0,0.0,0.0,0.0,0.0,0.0,0.0,0.0,0.0,0.0,0.0,0.0,0.0,0.0,0.0,0.0,0.0,0.0,0.0,0.0,0.0,193,,0,,,,,,,,
1668,372,RB bench,,2378,Tevin Coleman,RB,FA,29,73,210,Indiana,28,1993-04-16,8,False,Active,,,,,9999999,0.0,0.0,0.0,0.0,0.0,0.0,0.0,0.0,0.0,0.0,0.0,0.0,0.0,0.0,0.0,0.0,0.0,0.0,0.0,0.0,0.0,0.0,0.0,0.0,0.0,0.0,372,,0,,,,,,,,
1669,327,TE bench,,8778,Justin Rigg,TE,FA,25,78,259,Kentucky,83,1998-03-13,2,False,Active,,,,,522,0.0,0.0,0.0,0.0,0.0,0.0,0.0,0.0,0.0,0.0,0.0,0.0,0.0,0.0,0.0,0.0,0.0,0.0,0.0,0.0,0.0,0.0,0.0,0.0,0.0,0.0,327,,0,,,,,,,,
1670,328,TE bench,,1500,Jordan Reed,TE,FA,31,74,242,Florida,0,1990-07-03,9,False,Injured Reserve,,,,,373,0.0,0.0,0.0,0.0,0.0,0.0,0.0,0.0,0.0,0.0,0.0,0.0,0.0,0.0,0.0,0.0,0.0,0.0,0.0,0.0,0.0,0.0,0.0,0.0,0.0,0.0,328,,0,,,,,,,,
1671,194,QB bench,,13217,Hunter Dekkers,QB,NO,25,73,210,Iowa Western,7,2001-07-04,1,False,Active,,,,,999,0.0,0.0,0.0,0.0,0.0,0.0,0.0,0.0,0.0,0.0,0.0,0.0,0.0,0.0,0.0,0.0,0.0,0.0,0.0,0.0,0.0,0.0,0.0,0.0,0.0,0.0,194,,0,,,,,,,,
1672,329,TE bench,,2921,Taylor Sloat,TE,FA,,75,240,UC Davis,0,,12,False,Active,,,,,9999999,0.0,0.0,0.0,0.0,0.0,0.0,0.0,0.0,0.0,0.0,0.0,0.0,0.0,0.0,0.0,0.0,0.0,0.0,0.0,0.0,0.0,0.0,0.0,0.0,0.0,0.0,329,,0,,,,,,,,
1673,373,RB bench,,8424,Kevin Marks,RB,FA,24,71,200,Buffalo,0,1998-03-31,1,False,Active,,,,,9999999,0.0,0.0,0.0,0.0,0.0,0.0,0.0,0.0,0.0,0.0,0.0,0.0,0.0,0.0,0.0,0.0,0.0,0.0,0.0,0.0,0.0,0.0,0.0,0.0,0.0,0.0,373,,0,,,,,,,,
1155,432,WR depth,,3672,David Richards,WR,FA,25,"6'3""",210,Arizona,12,1993-05-04,0,True,Inactive,,,,,9999999,0.0,0.0,0.0,0.0,0.0,0.0,0.0,0.0,0.0,0.0,0.0,0.0,0.0,0.0,0.0,0.0,0.0,0.0,0.0,0.0,0.0,0.0,0.0,0.0,0.0,0.0,655,,0,,,,,,,,
1675,374,RB bench,,8152,Kennedy Brooks,RB,FA,24,71,213,Oklahoma,34,1998-10-08,1,False,Active,,,,,9999999,0.0,0.0,0.0,0.0,0.0,0.0,0.0,0.0,0.0,0.0,0.0,0.0,0.0,0.0,0.0,0.0,0.0,0.0,0.0,0.0,0.0,0.0,0.0,0.0,0.0,0.0,374,,0,,,,,,,,
742,261,WR depth,,4068,Mike Williams,WR,FA,30,76,218,Clemson,81,1994-10-04,8,False,Active,DNR,,,,297,0.0,0.0,0.0,0.0,0.0,0.0,0.0,0.0,0.0,0.0,0.0,0.0,0.0,18.0,56.8,3.16,0.0,0.0,0.0,0.0,0.0,0.0,21.0,34.0,298.0,1.0,656,170.0,1,0,941,,,170.0,,,169
1677,657,WR bench,,12370,Praise Olatoke,WR,FA,24,74,205,Ohio State,86,2000-06-23,1,False,Active,,,,,999,0.0,0.0,0.0,0.0,0.0,0.0,0.0,0.0,0.0,0.0,0.0,0.0,0.0,0.0,0.0,0.0,0.0,0.0,0.0,0.0,0.0,0.0,0.0,0.0,0.0,0.0,657,,0,,,,,,,,
1678,658,WR bench,,12488,Kobe Hudson,WR,FA,,72,193,UCF,,,1,False,Active,,,,,613,0.0,0.0,0.0,0.0,0.0,0.0,0.0,0.0,0.0,0.0,0.0,0.0,0.0,0.0,0.0,0.0,0.0,0.0,0.0,0.0,0.0,0.0,0.0,0.0,0.0,0.0,658,,0,,,,,,,,
1679,375,RB bench,,1833,Damien Williams,RB,FA,31,71,221,Oklahoma,29,1992-04-03,9,False,Inactive,,,,,9999999,0.0,0.0,0.0,0.0,0.0,0.0,0.0,0.0,0.0,0.0,0.0,0.0,0.0,0.0,0.0,0.0,0.0,0.0,0.0,0.0,0.0,0.0,0.0,0.0,0.0,0.0,375,,0,,,,,,,,
1680,659,WR bench,,5787,Bryce Bobo,WR,FA,26,74,205,Colorado,13,1995-06-21,4,False,Active,,,,,9999999,0.0,0.0,0.0,0.0,0.0,0.0,0.0,0.0,0.0,0.0,0.0,0.0,0.0,0.0,0.0,0.0,0.0,0.0,0.0,0.0,0.0,0.0,0.0,0.0,0.0,0.0,659,,0,,,,,,,,
1681,376,RB bench,,4791,Darius Victor,RB,FA,27,68,217,Towson,32,1994-03-18,5,False,Active,,,,,9999999,0.0,0.0,0.0,0.0,0.0,0.0,0.0,0.0,0.0,0.0,0.0,0.0,0.0,0.0,0.0,0.0,0.0,0.0,0.0,0.0,0.0,0.0,0.0,0.0,0.0,0.0,376,,0,,,,,,,,
1156,433,WR depth,,8440,Player Invalid,WR,FA,,,,,,,0,True,Inactive,,,,,,0.0,0.0,0.0,0.0,0.0,0.0,0.0,0.0,0.0,0.0,0.0,0.0,0.0,0.0,0.0,0.0,0.0,0.0,0.0,0.0,0.0,0.0,0.0,0.0,0.0,0.0,660,,0,,,,,,,,
743,147,TE depth,,13110,Zach Horton,TE,DET,23,76,256,Indiana,43,2002-12-02,1,False,Active,,,,,9999999,2.0,0.0,0.0,0.0,0.0,0.0,0.0,0.0,0.0,0.0,0.0,0.0,0.0,0.0,0.0,0.0,0.0,0.0,0.0,0.0,0.0,0.0,0.0,0.0,0.0,0.0,330,170.0,1,0,795,,,170.0,,,22
1684,661,WR bench,,12144,Je'Quan Burton,WR,FA,24,69,177,Florida Atlantic,,2000-03-08,1,False,Active,,,,,999,0.0,0.0,0.0,0.0,0.0,0.0,0.0,0.0,0.0,0.0,0.0,0.0,0.0,0.0,0.0,0.0,0.0,0.0,0.0,0.0,0.0,0.0,0.0,0.0,0.0,0.0,661,,0,,,,,,,,
744,148,TE depth,,6662,Parker Hesse,TE,FA,29,75,255,Iowa,43,1995-05-26,5,False,Active,,,,,443,0.0,0.0,0.0,0.0,0.0,0.0,0.0,0.0,0.0,0.0,0.0,0.0,0.0,5.0,0.0,0.0,0.0,0.0,0.0,0.0,0.0,0.0,0.0,0.0,0.0,0.0,331,170.0,1,0,947,,,170.0,,,173
1686,377,RB bench,,12036,Ian Wheeler,RB,BUF,24,71,205,Howard,27,2001-09-15,2,False,Active,,,5,RB5,999,0.0,0.0,0.0,0.0,0.0,0.0,0.0,0.0,0.0,0.0,0.0,0.0,0.0,0.0,0.0,0.0,0.0,0.0,0.0,0.0,0.0,0.0,0.0,0.0,0.0,0.0,377,,0,,,,,,,,
1687,662,WR bench,,5140,Jaelon Acklin,WR,FA,26,74,190,Western Illinois,0,1995-08-10,4,False,Active,,,,,9999999,0.0,0.0,0.0,0.0,0.0,0.0,0.0,0.0,0.0,0.0,0.0,0.0,0.0,0.0,0.0,0.0,0.0,0.0,0.0,0.0,0.0,0.0,0.0,0.0,0.0,0.0,662,,0,,,,,,,,
1688,92,K bench,,3579,Marshall Morgan,K,FA,31,75,197,Georgia,0,1993-11-28,9,False,Active,,,,K1,9999999,0.0,0.0,0.0,0.0,0.0,0.0,0.0,0.0,0.0,0.0,0.0,0.0,0.0,0.0,0.0,0.0,0.0,0.0,0.0,0.0,0.0,0.0,0.0,0.0,0.0,0.0,92,,0,,,,,,,,
1689,663,WR bench,,4929,Ahmad Fulwood,WR,FA,,76,208,Florida,0,,5,False,Active,,,,,9999999,0.0,0.0,0.0,0.0,0.0,0.0,0.0,0.0,0.0,0.0,0.0,0.0,0.0,0.0,0.0,0.0,0.0,0.0,0.0,0.0,0.0,0.0,0.0,0.0,0.0,0.0,663,,0,,,,,,,,
1157,434,WR depth,,4825,Freddie Brown,WR,FA,34,"6'4""",215,Utah,1,1986-06-24,0,True,Inactive,NA,,,,9999999,0.0,0.0,0.0,0.0,0.0,0.0,0.0,0.0,0.0,0.0,0.0,0.0,0.0,0.0,0.0,0.0,0.0,0.0,0.0,0.0,0.0,0.0,0.0,0.0,0.0,0.0,664,,0,,,,,,,,
1691,665,WR bench,,1244,Josh Gordon,WR,FA,31,75,224,Baylor,19,1991-04-13,10,False,Active,,,,,450,0.0,0.0,0.0,0.0,0.0,0.0,0.0,0.0,0.0,0.0,0.0,0.0,0.0,0.0,0.0,0.0,0.0,0.0,0.0,0.0,0.0,0.0,0.0,0.0,0.0,0.0,665,,0,,,,,,,,
262,30,K depth,,5119,Jason Sanders,K,NYJ,30,71,186,New Mexico,19,1995-11-16,8,False,Active,,,1,K1,999,0.0,0.0,0.0,0.0,0.0,0.0,0.0,0.0,0.0,0.0,0.0,0.0,0.0,17.0,160.0,9.41,0.0,0.0,0.0,0.0,0.0,0.0,0.0,0.0,0.0,0.0,93,169.8,1,0,242,,,169.8,,,-533
1693,666,WR bench,,5384,Jonah Trinnaman,WR,FA,25,72,190,Brigham Young,9,1996-07-20,4,False,Inactive,,,,,9999999,0.0,0.0,0.0,0.0,0.0,0.0,0.0,0.0,0.0,0.0,0.0,0.0,0.0,0.0,0.0,0.0,0.0,0.0,0.0,0.0,0.0,0.0,0.0,0.0,0.0,0.0,666,,0,,,,,,,,
1694,667,WR bench,,695,Ted Ginn,WR,FA,36,71,180,Ohio State,0,1985-04-12,15,False,Injured Reserve,,,,,210,0.0,0.0,0.0,0.0,0.0,0.0,0.0,0.0,0.0,0.0,0.0,0.0,0.0,0.0,0.0,0.0,0.0,0.0,0.0,0.0,0.0,0.0,0.0,0.0,0.0,0.0,667,,0,,,,,,,,
1695,668,WR bench,,12756,Stephen Gosnell,WR,BUF,24,73,198,Virginia Tech,89,2001-10-22,1,False,Active,,,,,9999999,0.0,0.0,0.0,0.0,0.0,0.0,0.0,0.0,0.0,0.0,0.0,0.0,0.0,0.0,0.0,0.0,0.0,0.0,0.0,0.0,0.0,0.0,0.0,0.0,0.0,0.0,668,,0,,,,,,,,
745,262,WR depth,,12888,Dalen Cambre,WR,NYG,25,72,192,Louisiana,83,2001-04-10,1,False,Active,,,13,WR13,999,7.0,0.0,0.0,0.0,0.0,0.0,0.0,0.0,0.0,0.0,0.0,0.0,0.0,0.0,0.0,0.0,0.0,0.0,0.0,0.0,0.0,0.0,0.0,0.0,0.0,0.0,669,170.0,1,0,787,,,170.0,,,11
746,263,WR depth,,13353,Chris Brazzell,WR,CAR,22,76,198,Tennessee,19,2003-09-22,0,True,Inactive,IR,,5,WR5,400,0.0,0.0,0.0,0.0,0.0,0.0,0.0,0.0,0.0,0.0,0.0,0.0,0.0,0.0,0.0,0.0,0.0,0.0,0.0,0.0,0.0,0.0,0.0,0.0,0.0,0.0,670,170.0,1,0,878,,,170.0,,,101
1698,671,WR bench,,3454,Danny Anthrop,WR,FA,31,72,193,Purdue,0,1993-05-29,9,False,Active,,,,,9999999,0.0,0.0,0.0,0.0,0.0,0.0,0.0,0.0,0.0,0.0,0.0,0.0,0.0,0.0,0.0,0.0,0.0,0.0,0.0,0.0,0.0,0.0,0.0,0.0,0.0,0.0,671,,0,,,,,,,,
1699,672,WR bench,,11496,Braydon Johnson,WR,FA,24,71,195,Oklahoma State,15,1998-12-02,1,False,Active,,,,,9999999,0.0,0.0,0.0,0.0,0.0,0.0,0.0,0.0,0.0,0.0,0.0,0.0,0.0,0.0,0.0,0.0,0.0,0.0,0.0,0.0,0.0,0.0,0.0,0.0,0.0,0.0,672,,0,,,,,,,,
1700,332,TE bench,,7379,Rysen John,TE,FA,24,79,227,Simon Fraser (CAN),87,1997-12-20,2,False,Active,,,,,9999999,0.0,0.0,0.0,0.0,0.0,0.0,0.0,0.0,0.0,0.0,0.0,0.0,0.0,0.0,0.0,0.0,0.0,0.0,0.0,0.0,0.0,0.0,0.0,0.0,0.0,0.0,332,,0,,,,,,,,
1158,435,WR depth,,13696,Ja'Mori Maclin,WR,BUF,24,71,183,Kentucky,84,2001-09-08,0,True,Active,,,,,9999999,0.0,0.0,0.0,0.0,0.0,0.0,0.0,0.0,0.0,0.0,0.0,0.0,0.0,0.0,0.0,0.0,0.0,0.0,0.0,0.0,0.0,0.0,0.0,0.0,0.0,0.0,673,,0,,,,,,,,
1702,378,RB bench,,5916,Darrell Henderson,RB,FA,26,68,208,Memphis,27,1997-08-19,4,False,Active,,,,,9999999,0.0,0.0,0.0,0.0,0.0,0.0,0.0,0.0,0.0,0.0,0.0,0.0,0.0,0.0,0.0,0.0,0.0,0.0,0.0,0.0,0.0,0.0,0.0,0.0,0.0,0.0,378,,0,,,,,,,,
1703,674,WR bench,,6069,Stanley Morgan,WR,FA,28,72,205,Nebraska,82,1996-09-07,6,False,Active,,,,,414,0.0,0.0,0.0,0.0,0.0,0.0,0.0,0.0,0.0,0.0,0.0,0.0,0.0,0.0,0.0,0.0,0.0,0.0,0.0,0.0,0.0,0.0,0.0,0.0,0.0,0.0,674,,0,,,,,,,,
1704,333,TE bench,,3908,Eric Wallace,TE,FA,33,79,233,Seattle University,46,1988-12-13,6,False,Active,,,,,9999999,0.0,0.0,0.0,0.0,0.0,0.0,0.0,0.0,0.0,0.0,0.0,0.0,0.0,0.0,0.0,0.0,0.0,0.0,0.0,0.0,0.0,0.0,0.0,0.0,0.0,0.0,333,,0,,,,,,,,
1705,195,QB bench,,12165,Spencer Sanders,QB,FA,25,73,210,Oklahoma State,,1999-12-15,1,False,Active,,,,,9999999,0.0,0.0,0.0,0.0,0.0,0.0,0.0,0.0,0.0,0.0,0.0,0.0,0.0,0.0,0.0,0.0,0.0,0.0,0.0,0.0,0.0,0.0,0.0,0.0,0.0,0.0,195,,0,,,,,,,,
63,26,RB depth,,13286,Jadarian Price,RB,SEA,22,71,209,Notre Dame,8,2003-10-09,0,True,Active,,,1,RB1,63,0.0,0.0,0.0,0.0,0.0,0.0,0.0,0.0,0.0,0.0,0.0,0.0,0.0,0.0,0.0,0.0,0.0,0.0,0.0,0.0,0.0,0.0,0.0,0.0,0.0,0.0,379,72.4,2,4,64,,64.9,79.9,,,-714
1707,380,RB bench,,10211,Camerun Peoples,RB,FA,23,73,217,Appalachian State,32,1999-09-14,1,False,Active,,,,,292,0.0,0.0,0.0,0.0,0.0,0.0,0.0,0.0,0.0,0.0,0.0,0.0,0.0,0.0,0.0,0.0,0.0,0.0,0.0,0.0,0.0,0.0,0.0,0.0,0.0,0.0,380,,0,,,,,,,,
1708,675,WR bench,,6163,Alex Wesley,WR,FA,26,71,190,Northern Colorado,13,1995-10-27,3,False,Inactive,,,,,1617,0.0,0.0,0.0,0.0,0.0,0.0,0.0,0.0,0.0,0.0,0.0,0.0,0.0,0.0,0.0,0.0,0.0,0.0,0.0,0.0,0.0,0.0,0.0,0.0,0.0,0.0,675,,0,,,,,,,,
1709,381,RB bench,,6491,Adam Choice,RB,FA,26,69,220,Clemson,38,1995-11-30,3,False,Active,,,,,9999999,0.0,0.0,0.0,0.0,0.0,0.0,0.0,0.0,0.0,0.0,0.0,0.0,0.0,0.0,0.0,0.0,0.0,0.0,0.0,0.0,0.0,0.0,0.0,0.0,0.0,0.0,381,,0,,,,,,,,
1159,264,RB depth,,13339,Davon Booth,RB,CLE,24,68,192,Mississippi State,29,2002-01-23,0,True,Active,,,,,999,0.0,0.0,0.0,0.0,0.0,0.0,0.0,0.0,0.0,0.0,0.0,0.0,0.0,0.0,0.0,0.0,0.0,0.0,0.0,0.0,0.0,0.0,0.0,0.0,0.0,0.0,382,,0,,,,,,,,
1711,334,TE bench,,11298,Ryan Jones,TE,FA,24,75,247,East Carolina,49,1999-08-20,1,False,Active,,,,,9999999,0.0,0.0,0.0,0.0,0.0,0.0,0.0,0.0,0.0,0.0,0.0,0.0,0.0,0.0,0.0,0.0,0.0,0.0,0.0,0.0,0.0,0.0,0.0,0.0,0.0,0.0,334,,0,,,,,,,,
1712,676,WR bench,,2465,Kenny Bell,WR,FA,29,73,197,Nebraska,85,1992-02-25,7,False,Inactive,,,,,9999999,0.0,0.0,0.0,0.0,0.0,0.0,0.0,0.0,0.0,0.0,0.0,0.0,0.0,0.0,0.0,0.0,0.0,0.0,0.0,0.0,0.0,0.0,0.0,0.0,0.0,0.0,676,,0,,,,,,,,
747,157,RB depth,,7045,Joshua Kelley,RB,FA,27,71,212,UCLA,25,1997-11-20,5,False,Active,,,,,9999999,0.0,0.0,0.0,0.0,0.0,0.0,0.0,0.0,0.0,0.0,0.0,0.0,0.0,3.0,0.2,0.07,0.0,0.0,0.0,1.0,2.0,0.0,0.0,0.0,0.0,0.0,383,170.0,1,0,686,,,170.0,,,-93
1714,677,WR bench,,7086,John Hightower,WR,FA,27,74,190,Boise State,84,1996-05-31,3,False,Active,,,,,9999999,0.0,0.0,0.0,0.0,0.0,0.0,0.0,0.0,0.0,0.0,0.0,0.0,0.0,0.0,0.0,0.0,0.0,0.0,0.0,0.0,0.0,0.0,0.0,0.0,0.0,0.0,677,,0,,,,,,,,
1715,678,WR bench,,7616,Kai Locksley,WR,FA,25,75,202,Texas-El Paso,0,1996-11-17,1,False,Active,,,,,,0.0,0.0,0.0,0.0,0.0,0.0,0.0,0.0,0.0,0.0,0.0,0.0,0.0,0.0,0.0,0.0,0.0,0.0,0.0,0.0,0.0,0.0,0.0,0.0,0.0,0.0,678,,0,,,,,,,,
1716,384,RB bench,,6548,Marcus Marshall,RB,FA,24,70,200,James Madison,38,1997-02-23,3,False,Inactive,,,,,9999999,0.0,0.0,0.0,0.0,0.0,0.0,0.0,0.0,0.0,0.0,0.0,0.0,0.0,0.0,0.0,0.0,0.0,0.0,0.0,0.0,0.0,0.0,0.0,0.0,0.0,0.0,384,,0,,,,,,,,
1160,436,WR depth,,11634,Player Invalid,WR,FA,,,,,,,0,True,Inactive,,,,,,0.0,0.0,0.0,0.0,0.0,0.0,0.0,0.0,0.0,0.0,0.0,0.0,0.0,0.0,0.0,0.0,0.0,0.0,0.0,0.0,0.0,0.0,0.0,0.0,0.0,0.0,679,,0,,,,,,,,
1161,437,WR depth,,13309,Aaron Anderson,WR,CLE,23,68,198,LSU,85,2002-12-02,0,True,Inactive,IR,,,,999,0.0,0.0,0.0,0.0,0.0,0.0,0.0,0.0,0.0,0.0,0.0,0.0,0.0,0.0,0.0,0.0,0.0,0.0,0.0,0.0,0.0,0.0,0.0,0.0,0.0,0.0,680,,0,,,,,,,,
1719,681,WR bench,,7210,Kendall Hinton,WR,FA,26,72,195,Wake Forest,9,1997-02-19,3,False,Active,,,,,9999999,0.0,0.0,0.0,0.0,0.0,0.0,0.0,0.0,0.0,0.0,0.0,0.0,0.0,0.0,0.0,0.0,0.0,0.0,0.0,0.0,0.0,0.0,0.0,0.0,0.0,0.0,681,,0,,,,,,,,
1720,385,RB bench,,2875,Tony Creecy,RB,FA,32,72,200,North Carolina State,0,1992-05-22,10,False,Active,,,,,9999999,0.0,0.0,0.0,0.0,0.0,0.0,0.0,0.0,0.0,0.0,0.0,0.0,0.0,0.0,0.0,0.0,0.0,0.0,0.0,0.0,0.0,0.0,0.0,0.0,0.0,0.0,385,,0,,,,,,,,
1721,94,K bench,,11532,Matthew Trickett,K,FA,23,72,198,Minnesota,31,1999-09-23,1,False,Active,,,,K1,355,0.0,0.0,0.0,0.0,0.0,0.0,0.0,0.0,0.0,0.0,0.0,0.0,0.0,0.0,0.0,0.0,0.0,0.0,0.0,0.0,0.0,0.0,0.0,0.0,0.0,0.0,94,,0,,,,,,,,
748,149,TE depth,,6964,Sean McKeon,TE,IND,28,77,255,Michigan,49,1997-12-28,6,False,Active,,,5,TE5,9999999,1.0,0.0,0.0,0.0,0.0,0.0,0.0,0.0,0.0,0.0,0.0,0.0,0.0,0.0,0.0,0.0,0.0,0.0,0.0,0.0,0.0,0.0,0.0,0.0,0.0,0.0,335,170.0,1,0,737,,,170.0,,,-43
1162,438,WR depth,,5109,Duplicate Player,WR,FA,,,203,Notre Dame,6,,0,True,Inactive,,,,,9999999,0.0,0.0,0.0,0.0,0.0,0.0,0.0,0.0,0.0,0.0,0.0,0.0,0.0,0.0,0.0,0.0,0.0,0.0,0.0,0.0,0.0,0.0,0.0,0.0,0.0,0.0,682,,0,,,,,,,,
1163,145,QB depth,,3863,Joe Licata,QB,FA,25,"6'2""",210,Buffalo,8,1992-11-16,0,True,Inactive,,,,,9999999,0.0,0.0,0.0,0.0,0.0,0.0,0.0,0.0,0.0,0.0,0.0,0.0,0.0,0.0,0.0,0.0,0.0,0.0,0.0,0.0,0.0,0.0,0.0,0.0,0.0,0.0,196,,0,,,,,,,,
1725,386,RB bench,,7336,James Gilbert,RB,FA,26,69,198,Kansas State,49,1995-11-10,2,False,Active,,,,,9999999,0.0,0.0,0.0,0.0,0.0,0.0,0.0,0.0,0.0,0.0,0.0,0.0,0.0,0.0,0.0,0.0,0.0,0.0,0.0,0.0,0.0,0.0,0.0,0.0,0.0,0.0,386,,0,,,,,,,,
1726,683,WR bench,,12254,Phillip Brooks,WR,FA,25,67,175,Kansas State,,1999-09-19,1,False,Active,,,,,552,0.0,0.0,0.0,0.0,0.0,0.0,0.0,0.0,0.0,0.0,0.0,0.0,0.0,0.0,0.0,0.0,0.0,0.0,0.0,0.0,0.0,0.0,0.0,0.0,0.0,0.0,683,,0,,,,,,,,
1727,336,TE bench,,5277,Deon Yelder,TE,FA,27,76,255,Western Kentucky,81,1995-03-06,4,False,Active,,,,,9999999,0.0,0.0,0.0,0.0,0.0,0.0,0.0,0.0,0.0,0.0,0.0,0.0,0.0,0.0,0.0,0.0,0.0,0.0,0.0,0.0,0.0,0.0,0.0,0.0,0.0,0.0,336,,0,,,,,,,,
1728,684,WR bench,,2925,Darius Davis,WR,FA,,70,212,Henderson State,0,,11,False,Active,,,,,9999999,0.0,0.0,0.0,0.0,0.0,0.0,0.0,0.0,0.0,0.0,0.0,0.0,0.0,0.0,0.0,0.0,0.0,0.0,0.0,0.0,0.0,0.0,0.0,0.0,0.0,0.0,684,,0,,,,,,,,
1164,63,K depth,,6754,Josh Gable,K,FA,35,70,175,,0,1990-09-12,0,True,Active,,,,K1,9999999,0.0,0.0,0.0,0.0,0.0,0.0,0.0,0.0,0.0,0.0,0.0,0.0,0.0,0.0,0.0,0.0,0.0,0.0,0.0,0.0,0.0,0.0,0.0,0.0,0.0,0.0,95,,0,,,,,,,,
1165,265,RB depth,,13416,Roman Hemby,RB,LV,23,72,210,Indiana,,2002-08-16,0,True,Active,,,,,999,0.0,0.0,0.0,0.0,0.0,0.0,0.0,0.0,0.0,0.0,0.0,0.0,0.0,0.0,0.0,0.0,0.0,0.0,0.0,0.0,0.0,0.0,0.0,0.0,0.0,0.0,387,,0,,,,,,,,
1731,337,TE bench,,12215,Kevin Foelsch,TE,FA,24,76,250,New Haven,84,2001-04-13,1,False,Active,,,,,663,0.0,0.0,0.0,0.0,0.0,0.0,0.0,0.0,0.0,0.0,0.0,0.0,0.0,0.0,0.0,0.0,0.0,0.0,0.0,0.0,0.0,0.0,0.0,0.0,0.0,0.0,337,,0,,,,,,,,
1732,685,WR bench,,7584,Brennan Eagles,WR,FA,,76,229,Texas,0,,1,False,Active,,,,,,0.0,0.0,0.0,0.0,0.0,0.0,0.0,0.0,0.0,0.0,0.0,0.0,0.0,0.0,0.0,0.0,0.0,0.0,0.0,0.0,0.0,0.0,0.0,0.0,0.0,0.0,685,,0,,,,,,,,
1166,439,WR depth,,13356,Trebor Pena,WR,JAX,24,70,187,Penn State,86,2002-02-21,0,True,Active,,,5,WR5,999,0.0,0.0,0.0,0.0,0.0,0.0,0.0,0.0,0.0,0.0,0.0,0.0,0.0,0.0,0.0,0.0,0.0,0.0,0.0,0.0,0.0,0.0,0.0,0.0,0.0,0.0,686,,0,,,,,,,,
1734,197,QB bench,,8164,Matt Corral,QB,FA,25,74,205,Ole Miss,17,1999-01-31,2,False,Active,,,,,521,0.0,0.0,0.0,0.0,0.0,0.0,0.0,0.0,0.0,0.0,0.0,0.0,0.0,0.0,0.0,0.0,0.0,0.0,0.0,0.0,0.0,0.0,0.0,0.0,0.0,0.0,197,,0,,,,,,,,
1167,440,WR depth,,13674,Chris Hilton,WR,WAS,23,72,188,LSU,10,2002-10-11,0,True,Active,,,,,9999999,0.0,0.0,0.0,0.0,0.0,0.0,0.0,0.0,0.0,0.0,0.0,0.0,0.0,0.0,0.0,0.0,0.0,0.0,0.0,0.0,0.0,0.0,0.0,0.0,0.0,0.0,687,,0,,,,,,,,
749,150,TE depth,,11605,Jaheim Bell,TE,PIT,25,74,241,Florida State,82,2001-06-14,2,False,Active,,,3,TE3,9999999,0.0,0.0,0.0,0.0,0.0,0.0,0.0,0.0,0.0,0.0,0.0,0.0,0.0,15.0,4.0,0.27,0.0,0.0,0.0,0.0,0.0,0.0,2.0,3.0,20.0,0.0,338,170.0,1,0,766,,,170.0,,,-15
1168,223,TE depth,,13839,Chase Curtis,TE,NYJ,,77,235,TCU,87,,0,True,Active,,,,,9999999,0.0,0.0,0.0,0.0,0.0,0.0,0.0,0.0,0.0,0.0,0.0,0.0,0.0,0.0,0.0,0.0,0.0,0.0,0.0,0.0,0.0,0.0,0.0,0.0,0.0,0.0,339,,0,,,,,,,,
1738,688,WR bench,,5207,Marchie Murdock,WR,FA,27,73,205,Iowa State,0,1995-01-07,4,False,Active,,,,,9999999,0.0,0.0,0.0,0.0,0.0,0.0,0.0,0.0,0.0,0.0,0.0,0.0,0.0,0.0,0.0,0.0,0.0,0.0,0.0,0.0,0.0,0.0,0.0,0.0,0.0,0.0,688,,0,,,,,,,,
1739,198,QB bench,,7897,Roland Rivers,QB,FA,,75,230,Slippery Rock,0,,1,False,Inactive,,,,,,0.0,0.0,0.0,0.0,0.0,0.0,0.0,0.0,0.0,0.0,0.0,0.0,0.0,0.0,0.0,0.0,0.0,0.0,0.0,0.0,0.0,0.0,0.0,0.0,0.0,0.0,198,,0,,,,,,,,
1740,689,WR bench,,8700,Savon Scarver,WR,FA,,71,184,Utah State,0,,1,False,Active,,,,,9999999,0.0,0.0,0.0,0.0,0.0,0.0,0.0,0.0,0.0,0.0,0.0,0.0,0.0,0.0,0.0,0.0,0.0,0.0,0.0,0.0,0.0,0.0,0.0,0.0,0.0,0.0,689,,0,,,,,,,,
1741,690,WR bench,,11329,Josh Vann,WR,FA,23,70,190,South Carolina,87,2000-03-10,1,False,Active,,,,,646,0.0,0.0,0.0,0.0,0.0,0.0,0.0,0.0,0.0,0.0,0.0,0.0,0.0,0.0,0.0,0.0,0.0,0.0,0.0,0.0,0.0,0.0,0.0,0.0,0.0,0.0,690,,0,,,,,,,,
1169,441,WR depth,,13670,Harrison Wallace,WR,ARI,23,72,192,Ole Miss,30,2003-04-23,0,True,Active,,,,,9999999,0.0,0.0,0.0,0.0,0.0,0.0,0.0,0.0,0.0,0.0,0.0,0.0,0.0,0.0,0.0,0.0,0.0,0.0,0.0,0.0,0.0,0.0,0.0,0.0,0.0,0.0,691,,0,,,,,,,,
1170,224,TE depth,,3856,Braxton Deaver,TE,FA,26,"6'5""",237,Duke,48,1992-05-08,0,True,Inactive,,,,,9999999,0.0,0.0,0.0,0.0,0.0,0.0,0.0,0.0,0.0,0.0,0.0,0.0,0.0,0.0,0.0,0.0,0.0,0.0,0.0,0.0,0.0,0.0,0.0,0.0,0.0,0.0,340,,0,,,,,,,,
1744,692,WR bench,,6524,Jamire Jordan,WR,FA,,71,170,Fresno State,0,,3,False,Active,,,,,9999999,0.0,0.0,0.0,0.0,0.0,0.0,0.0,0.0,0.0,0.0,0.0,0.0,0.0,0.0,0.0,0.0,0.0,0.0,0.0,0.0,0.0,0.0,0.0,0.0,0.0,0.0,692,,0,,,,,,,,
750,158,RB depth,,3164,Ezekiel Elliott,RB,FA,29,72,225,Ohio State,24,1995-07-22,9,False,Active,,,,,111,0.0,0.0,0.0,0.0,0.0,0.0,0.0,0.0,0.0,0.0,0.0,0.0,0.0,15.0,57.5,3.83,0.0,0.0,0.0,74.0,226.0,3.0,12.0,15.0,69.0,0.0,388,170.0,1,0,499,,,170.0,,,-283
1746,693,WR bench,,6227,Nick Easley,WR,FA,24,71,205,Iowa,86,1997-01-14,3,False,Active,,,,,9999999,0.0,0.0,0.0,0.0,0.0,0.0,0.0,0.0,0.0,0.0,0.0,0.0,0.0,0.0,0.0,0.0,0.0,0.0,0.0,0.0,0.0,0.0,0.0,0.0,0.0,0.0,693,,0,,,,,,,,
1747,199,QB bench,,8087,K.J. Costello,QB,FA,25,77,225,Mississippi State,19,1997-06-07,1,False,Active,,,,,9999999,0.0,0.0,0.0,0.0,0.0,0.0,0.0,0.0,0.0,0.0,0.0,0.0,0.0,0.0,0.0,0.0,0.0,0.0,0.0,0.0,0.0,0.0,0.0,0.0,0.0,0.0,199,,0,,,,,,,,
1748,694,WR bench,,3052,Kendrick Ings,WR,FA,35,70,180,,17,1990-06-17,11,False,Active,,,,,9999999,0.0,0.0,0.0,0.0,0.0,0.0,0.0,0.0,0.0,0.0,0.0,0.0,0.0,0.0,0.0,0.0,0.0,0.0,0.0,0.0,0.0,0.0,0.0,0.0,0.0,0.0,694,,0,,,,,,,,
1749,200,QB bench,,5903,Will Grier,QB,FA,31,73,220,West Virginia,14,1995-04-03,7,False,Active,NA,,,,999,0.0,0.0,0.0,0.0,0.0,0.0,0.0,0.0,0.0,0.0,0.0,0.0,0.0,0.0,0.0,0.0,0.0,0.0,0.0,0.0,0.0,0.0,0.0,0.0,0.0,0.0,200,,0,,,,,,,,
1750,695,WR bench,,6886,Chase Claypool,WR,FA,26,76,238,Notre Dame,14,1998-07-07,4,False,Inactive,,,,,279,0.0,0.0,0.0,0.0,0.0,0.0,0.0,0.0,0.0,0.0,0.0,0.0,0.0,0.0,0.0,0.0,0.0,0.0,0.0,0.0,0.0,0.0,0.0,0.0,0.0,0.0,695,,0,,,,,,,,
1751,201,QB bench,,954,Cam Newton,QB,FA,32,77,245,Auburn,1,1989-05-11,11,False,Active,,,,,220,0.0,0.0,0.0,0.0,0.0,0.0,0.0,0.0,0.0,0.0,0.0,0.0,0.0,0.0,0.0,0.0,0.0,0.0,0.0,0.0,0.0,0.0,0.0,0.0,0.0,0.0,201,,0,,,,,,,,
1752,202,QB bench,,4704,Tyler Ferguson,QB,FA,28,74,224,Western Kentucky,5,1994-01-07,5,False,Active,,,,,9999999,0.0,0.0,0.0,0.0,0.0,0.0,0.0,0.0,0.0,0.0,0.0,0.0,0.0,0.0,0.0,0.0,0.0,0.0,0.0,0.0,0.0,0.0,0.0,0.0,0.0,0.0,202,,0,,,,,,,,
1171,442,WR depth,,3711,Quinshad Davis,WR,FA,24,"6'3""",210,North Carolina,1,1994-05-24,0,True,Inactive,,,,,9999999,0.0,0.0,0.0,0.0,0.0,0.0,0.0,0.0,0.0,0.0,0.0,0.0,0.0,0.0,0.0,0.0,0.0,0.0,0.0,0.0,0.0,0.0,0.0,0.0,0.0,0.0,696,,0,,,,,,,,
1754,341,TE bench,,6932,Charlie Taumoepeau,TE,FA,23,75,245,Portland State,43,1998-03-25,2,False,Active,,,,,9999999,0.0,0.0,0.0,0.0,0.0,0.0,0.0,0.0,0.0,0.0,0.0,0.0,0.0,0.0,0.0,0.0,0.0,0.0,0.0,0.0,0.0,0.0,0.0,0.0,0.0,0.0,341,,0,,,,,,,,
1755,389,RB bench,,5144,Malik Williams,RB,FA,25,75,221,Louisville,39,1996-06-20,4,False,Active,,,,,9999999,0.0,0.0,0.0,0.0,0.0,0.0,0.0,0.0,0.0,0.0,0.0,0.0,0.0,0.0,0.0,0.0,0.0,0.0,0.0,0.0,0.0,0.0,0.0,0.0,0.0,0.0,389,,0,,,,,,,,
751,151,TE depth,,8227,Teagan Quitoriano,TE,ARI,26,78,259,Oregon State,47,2000-03-15,4,False,Active,,,3,TE3,999,17.0,0.0,0.0,0.0,0.0,0.0,0.0,0.0,0.0,0.0,0.0,0.0,0.0,7.0,0.0,0.0,0.0,0.0,0.0,0.0,0.0,0.0,0.0,0.0,0.0,0.0,342,170.0,1,0,572,,,170.0,,,-211
1757,390,RB bench,,9223,Tiyon Evans,RB,FA,22,71,210,Louisville,39,2001-06-17,1,False,Active,,,,,428,0.0,0.0,0.0,0.0,0.0,0.0,0.0,0.0,0.0,0.0,0.0,0.0,0.0,0.0,0.0,0.0,0.0,0.0,0.0,0.0,0.0,0.0,0.0,0.0,0.0,0.0,390,,0,,,,,,,,
1758,697,WR bench,,8232,Jaquarii Roberson,WR,FA,24,73,182,Wake Forest,84,1998-07-28,1,False,Active,,,,,9999999,0.0,0.0,0.0,0.0,0.0,0.0,0.0,0.0,0.0,0.0,0.0,0.0,0.0,0.0,0.0,0.0,0.0,0.0,0.0,0.0,0.0,0.0,0.0,0.0,0.0,0.0,697,,0,,,,,,,,
1759,698,WR bench,,11111,Sy Barnett,WR,FA,25,72,192,Davenport,81,1997-12-05,1,False,Active,,,,,9999999,0.0,0.0,0.0,0.0,0.0,0.0,0.0,0.0,0.0,0.0,0.0,0.0,0.0,0.0,0.0,0.0,0.0,0.0,0.0,0.0,0.0,0.0,0.0,0.0,0.0,0.0,698,,0,,,,,,,,
1760,699,WR bench,,3148,Anthony Dable,WR,FA,33,76,221,No College,16,1988-09-25,6,False,Active,,,,,9999999,0.0,0.0,0.0,0.0,0.0,0.0,0.0,0.0,0.0,0.0,0.0,0.0,0.0,0.0,0.0,0.0,0.0,0.0,0.0,0.0,0.0,0.0,0.0,0.0,0.0,0.0,699,,0,,,,,,,,
1761,343,TE bench,,2898,Cameron Clear,TE,FA,32,78,277,Texas A&M,0,1993-02-25,10,False,Active,,,,,9999999,0.0,0.0,0.0,0.0,0.0,0.0,0.0,0.0,0.0,0.0,0.0,0.0,0.0,0.0,0.0,0.0,0.0,0.0,0.0,0.0,0.0,0.0,0.0,0.0,0.0,0.0,343,,0,,,,,,,,
1762,700,WR bench,,6362,Dredrick Snelson,WR,FA,23,72,205,Central Florida,0,1998-03-28,3,False,Inactive,,,,,9999999,0.0,0.0,0.0,0.0,0.0,0.0,0.0,0.0,0.0,0.0,0.0,0.0,0.0,0.0,0.0,0.0,0.0,0.0,0.0,0.0,0.0,0.0,0.0,0.0,0.0,0.0,700,,0,,,,,,,,
1763,203,QB bench,,11859,John Rhys Plumlee,QB,FA,25,72,200,UCF,82,2001-01-02,2,False,Active,,,,,999,0.0,0.0,0.0,0.0,0.0,0.0,0.0,0.0,0.0,0.0,0.0,0.0,0.0,0.0,0.0,0.0,0.0,0.0,0.0,0.0,0.0,0.0,0.0,0.0,0.0,0.0,203,,0,,,,,,,,
1764,701,WR bench,,8171,Kyle Philips,WR,FA,26,71,179,UCLA,15,1999-06-17,3,False,Active,,,,,999,0.0,0.0,0.0,0.0,0.0,0.0,0.0,0.0,0.0,0.0,0.0,0.0,0.0,0.0,0.0,0.0,0.0,0.0,0.0,0.0,0.0,0.0,0.0,0.0,0.0,0.0,701,,0,,,,,,,,
1765,391,RB bench,,6385,Matt Colburn,RB,FA,25,70,201,Wake Forest,37,1997-07-27,3,False,Active,,,,,9999999,0.0,0.0,0.0,0.0,0.0,0.0,0.0,0.0,0.0,0.0,0.0,0.0,0.0,0.0,0.0,0.0,0.0,0.0,0.0,0.0,0.0,0.0,0.0,0.0,0.0,0.0,391,,0,,,,,,,,
752,159,RB depth,,8220,Sincere McCormick,RB,SF,25,68,204,UTSA,35,2000-09-10,4,False,Active,,,8,RB8,999,0.0,0.0,0.0,0.0,0.0,0.0,0.0,0.0,0.0,0.0,0.0,0.0,0.0,5.0,27.2,5.44,0.0,0.0,0.0,39.0,183.0,0.0,6.0,7.0,29.0,0.0,392,170.0,1,0,769,,,170.0,,,-15
1767,393,RB bench,,12039,TD Ayo-Durojaiye,RB,FA,,71,210,Villanova,,,1,False,Active,,,,,9999999,0.0,0.0,0.0,0.0,0.0,0.0,0.0,0.0,0.0,0.0,0.0,0.0,0.0,0.0,0.0,0.0,0.0,0.0,0.0,0.0,0.0,0.0,0.0,0.0,0.0,0.0,393,,0,,,,,,,,
1768,204,QB bench,,490,Chase Daniel,QB,FA,36,72,229,Missouri,4,1986-10-07,14,False,Active,,,,,9999999,0.0,0.0,0.0,0.0,0.0,0.0,0.0,0.0,0.0,0.0,0.0,0.0,0.0,0.0,0.0,0.0,0.0,0.0,0.0,0.0,0.0,0.0,0.0,0.0,0.0,0.0,204,,0,,,,,,,,
347,121,WR depth,,13285,Malachi Fields,WR,NYG,22,76,222,Notre Dame,0,2003-08-26,0,True,Active,,,6,WR6,210,0.0,0.0,0.0,0.0,0.0,0.0,0.0,0.0,0.0,0.0,0.0,0.0,0.0,0.0,0.0,0.0,0.0,0.0,0.0,0.0,0.0,0.0,0.0,0.0,0.0,0.0,702,169.9,1,0,288,,,169.9,,,-497
1770,344,TE bench,,5756,Garrett Dickerson,TE,FA,26,75,248,Northwestern,0,1995-12-30,4,False,Active,,,,,1505,0.0,0.0,0.0,0.0,0.0,0.0,0.0,0.0,0.0,0.0,0.0,0.0,0.0,0.0,0.0,0.0,0.0,0.0,0.0,0.0,0.0,0.0,0.0,0.0,0.0,0.0,344,,0,,,,,,,,
1172,443,WR depth,,13392,Jeff Caldwell,WR,KC,23,77,215,Cincinnati,8,2003-03-02,0,True,Active,,,,,999,0.0,0.0,0.0,0.0,0.0,0.0,0.0,0.0,0.0,0.0,0.0,0.0,0.0,0.0,0.0,0.0,0.0,0.0,0.0,0.0,0.0,0.0,0.0,0.0,0.0,0.0,703,,0,,,,,,,,
1772,205,QB bench,,11848,Casey Bauman,QB,FA,24,78,238,Augustana ,,2000-05-18,1,False,Active,,,,,387,0.0,0.0,0.0,0.0,0.0,0.0,0.0,0.0,0.0,0.0,0.0,0.0,0.0,0.0,0.0,0.0,0.0,0.0,0.0,0.0,0.0,0.0,0.0,0.0,0.0,0.0,205,,0,,,,,,,,
753,264,WR depth,,11885,Ramel Keyton,WR,FA,24,74,191,Tennessee,14,2000-09-14,1,False,Active,,,,,9999999,0.0,0.0,0.0,0.0,0.0,0.0,0.0,0.0,0.0,0.0,0.0,0.0,0.0,8.0,1.7,0.21,0.0,0.0,0.0,0.0,0.0,0.0,1.0,3.0,7.0,0.0,704,170.0,1,0,718,,,170.0,,,-68
1173,444,WR depth,,8133,Player Invalid,WR,FA,,,,,,,0,True,Inactive,,,,,,0.0,0.0,0.0,0.0,0.0,0.0,0.0,0.0,0.0,0.0,0.0,0.0,0.0,0.0,0.0,0.0,0.0,0.0,0.0,0.0,0.0,0.0,0.0,0.0,0.0,0.0,705,,0,,,,,,,,
1775,706,WR bench,,6866,KJ Hill,WR,LAC,24,72,196,Ohio State,84,1997-09-15,2,False,Active,,,,,545,0.0,0.0,0.0,0.0,0.0,0.0,0.0,0.0,0.0,0.0,0.0,0.0,0.0,0.0,0.0,0.0,0.0,0.0,0.0,0.0,0.0,0.0,0.0,0.0,0.0,0.0,706,,0,,,,,,,,
1776,345,TE bench,,2756,Andrew Gleichert,TE,FA,33,77,264,Michigan State,0,1992-01-13,10,False,Active,,,,,9999999,0.0,0.0,0.0,0.0,0.0,0.0,0.0,0.0,0.0,0.0,0.0,0.0,0.0,0.0,0.0,0.0,0.0,0.0,0.0,0.0,0.0,0.0,0.0,0.0,0.0,0.0,345,,0,,,,,,,,
754,53,K depth,,6219,Austin Seibert,K,FA,28,69,211,Oklahoma,3,1996-11-15,6,False,Active,,,,K1,663,0.0,0.0,0.0,0.0,0.0,0.0,0.0,0.0,0.0,0.0,0.0,0.0,0.0,9.0,110.0,12.22,0.0,0.0,0.0,0.0,0.0,0.0,0.0,0.0,0.0,0.0,96,170.0,1,0,498,,,170.0,,,-289
1778,707,WR bench,,4416,Austin Carr,WR,FA,28,73,195,Northwestern,80,1993-12-25,5,False,Inactive,,,,,1246,0.0,0.0,0.0,0.0,0.0,0.0,0.0,0.0,0.0,0.0,0.0,0.0,0.0,0.0,0.0,0.0,0.0,0.0,0.0,0.0,0.0,0.0,0.0,0.0,0.0,0.0,707,,0,,,,,,,,
1779,708,WR bench,,12086,Cam Johnson,WR,FA,25,72,205,Northwestern,,1999-04-12,1,False,Active,,,,,9999999,0.0,0.0,0.0,0.0,0.0,0.0,0.0,0.0,0.0,0.0,0.0,0.0,0.0,0.0,0.0,0.0,0.0,0.0,0.0,0.0,0.0,0.0,0.0,0.0,0.0,0.0,708,,0,,,,,,,,
1780,206,QB bench,,2651,Phillip Sims,QB,FA,32,76,210,Winston-Salem State,0,1992-08-15,10,False,Active,,,,,9999999,0.0,0.0,0.0,0.0,0.0,0.0,0.0,0.0,0.0,0.0,0.0,0.0,0.0,0.0,0.0,0.0,0.0,0.0,0.0,0.0,0.0,0.0,0.0,0.0,0.0,0.0,206,,0,,,,,,,,
1781,346,TE bench,,4660,Sean Culkin,TE,FA,28,77,255,Missouri,84,1993-06-11,5,False,Inactive,,,,,1275,0.0,0.0,0.0,0.0,0.0,0.0,0.0,0.0,0.0,0.0,0.0,0.0,0.0,0.0,0.0,0.0,0.0,0.0,0.0,0.0,0.0,0.0,0.0,0.0,0.0,0.0,346,,0,,,,,,,,
1174,266,RB depth,,13300,Le'Veon Moss,RB,FA,,71,210,,37,,0,True,Active,NA,,,,999,0.0,0.0,0.0,0.0,0.0,0.0,0.0,0.0,0.0,0.0,0.0,0.0,0.0,0.0,0.0,0.0,0.0,0.0,0.0,0.0,0.0,0.0,0.0,0.0,0.0,0.0,394,,0,,,,,,,,
1783,709,WR bench,,3516,Mitch Mathews,WR,FA,30,78,215,Brigham Young,85,1991-04-15,6,False,Active,,,,,9999999,0.0,0.0,0.0,0.0,0.0,0.0,0.0,0.0,0.0,0.0,0.0,0.0,0.0,0.0,0.0,0.0,0.0,0.0,0.0,0.0,0.0,0.0,0.0,0.0,0.0,0.0,709,,0,,,,,,,,
1784,347,TE bench,,12118,Jacob Warren,TE,FA,24,78,251,Tennessee,,2000-04-13,1,False,Active,,,,,574,0.0,0.0,0.0,0.0,0.0,0.0,0.0,0.0,0.0,0.0,0.0,0.0,0.0,0.0,0.0,0.0,0.0,0.0,0.0,0.0,0.0,0.0,0.0,0.0,0.0,0.0,347,,0,,,,,,,,
1785,710,WR bench,,4827,Germone Hopper,WR,FA,28,72,180,Clemson,16,1993-10-22,5,False,Active,,,,,9999999,0.0,0.0,0.0,0.0,0.0,0.0,0.0,0.0,0.0,0.0,0.0,0.0,0.0,0.0,0.0,0.0,0.0,0.0,0.0,0.0,0.0,0.0,0.0,0.0,0.0,0.0,710,,0,,,,,,,,
1786,395,RB bench,,8428,Zander Horvath,RB,FA,25,75,230,Purdue,26,1998-12-10,2,False,Active,,,,,555,0.0,0.0,0.0,0.0,0.0,0.0,0.0,0.0,0.0,0.0,0.0,0.0,0.0,0.0,0.0,0.0,0.0,0.0,0.0,0.0,0.0,0.0,0.0,0.0,0.0,0.0,395,,0,,,,,,,,
1175,267,RB depth,,13780,Terion Stewart,RB,KC,24,69,222,Virginia Tech,,2001-11-29,0,True,Active,,,,,9999999,0.0,0.0,0.0,0.0,0.0,0.0,0.0,0.0,0.0,0.0,0.0,0.0,0.0,0.0,0.0,0.0,0.0,0.0,0.0,0.0,0.0,0.0,0.0,0.0,0.0,0.0,396,,0,,,,,,,,
1788,711,WR bench,,12880,Silas Bolden,WR,FA,24,68,160,Texas,,2001-11-09,1,False,Active,,,,,696,0.0,0.0,0.0,0.0,0.0,0.0,0.0,0.0,0.0,0.0,0.0,0.0,0.0,0.0,0.0,0.0,0.0,0.0,0.0,0.0,0.0,0.0,0.0,0.0,0.0,0.0,711,,0,,,,,,,,
1789,207,QB bench,,4051,Chad Kelly,QB,FA,27,74,216,Ole Miss,0,1994-03-26,5,False,Active,,,,,1114,0.0,0.0,0.0,0.0,0.0,0.0,0.0,0.0,0.0,0.0,0.0,0.0,0.0,0.0,0.0,0.0,0.0,0.0,0.0,0.0,0.0,0.0,0.0,0.0,0.0,0.0,207,,0,,,,,,,,
1790,348,TE bench,,4563,Taylor McNamara,TE,FA,27,77,245,USC,0,1994-08-12,5,False,Active,,,,,9999999,0.0,0.0,0.0,0.0,0.0,0.0,0.0,0.0,0.0,0.0,0.0,0.0,0.0,0.0,0.0,0.0,0.0,0.0,0.0,0.0,0.0,0.0,0.0,0.0,0.0,0.0,348,,0,,,,,,,,
1791,397,RB bench,,5271,Buddy Howell,RB,FA,26,73,225,Florida Atlantic,38,1996-03-27,4,False,Active,,,,,9999999,0.0,0.0,0.0,0.0,0.0,0.0,0.0,0.0,0.0,0.0,0.0,0.0,0.0,0.0,0.0,0.0,0.0,0.0,0.0,0.0,0.0,0.0,0.0,0.0,0.0,0.0,397,,0,,,,,,,,
1792,398,RB bench,,4985,Rashaad Penny,RB,FA,28,71,220,San Diego State,28,1996-02-02,6,False,Active,,,,,362,0.0,0.0,0.0,0.0,0.0,0.0,0.0,0.0,0.0,0.0,0.0,0.0,0.0,0.0,0.0,0.0,0.0,0.0,0.0,0.0,0.0,0.0,0.0,0.0,0.0,0.0,398,,0,,,,,,,,
1793,349,TE bench,,4725,Phazahn Odom,TE,FA,27,80,250,Fordham,87,1994-06-08,5,False,Active,,,,,9999999,0.0,0.0,0.0,0.0,0.0,0.0,0.0,0.0,0.0,0.0,0.0,0.0,0.0,0.0,0.0,0.0,0.0,0.0,0.0,0.0,0.0,0.0,0.0,0.0,0.0,0.0,349,,0,,,,,,,,
1176,268,RB depth,,13277,CJ Donaldson,RB,NO,22,73,230,Ohio State,43,2004-07-09,0,True,Active,,,,,999,0.0,0.0,0.0,0.0,0.0,0.0,0.0,0.0,0.0,0.0,0.0,0.0,0.0,0.0,0.0,0.0,0.0,0.0,0.0,0.0,0.0,0.0,0.0,0.0,0.0,0.0,399,,0,,,,,,,,
1795,400,RB bench,,2945,Lee Ward,RB,FA,33,73,247,Stanford,0,1991-11-07,10,False,Active,,,,,9999999,0.0,0.0,0.0,0.0,0.0,0.0,0.0,0.0,0.0,0.0,0.0,0.0,0.0,0.0,0.0,0.0,0.0,0.0,0.0,0.0,0.0,0.0,0.0,0.0,0.0,0.0,400,,0,,,,,,,,
1796,712,WR bench,,12460,Antwane Wells,WR,ATL,25,72,205,Ole Miss,82,2001-04-02,1,False,Active,,,5,WR5,999,0.0,0.0,0.0,0.0,0.0,0.0,0.0,0.0,0.0,0.0,0.0,0.0,0.0,0.0,0.0,0.0,0.0,0.0,0.0,0.0,0.0,0.0,0.0,0.0,0.0,0.0,712,,0,,,,,,,,
1797,713,WR bench,,12849,Traeshon Holden,WR,DAL,24,74,208,Oregon,80,2001-08-12,1,False,Active,,,,,9999999,0.0,0.0,0.0,0.0,0.0,0.0,0.0,0.0,0.0,0.0,0.0,0.0,0.0,0.0,0.0,0.0,0.0,0.0,0.0,0.0,0.0,0.0,0.0,0.0,0.0,0.0,713,,0,,,,,,,,
1798,350,TE bench,,616,Jimmy Graham,TE,FA,37,79,265,Miami (FL),80,1986-11-24,14,False,Active,,,,,410,0.0,0.0,0.0,0.0,0.0,0.0,0.0,0.0,0.0,0.0,0.0,0.0,0.0,0.0,0.0,0.0,0.0,0.0,0.0,0.0,0.0,0.0,0.0,0.0,0.0,0.0,350,,0,,,,,,,,
1177,445,WR depth,,13334,C.J. Charleston,WR,FA,,72,190,,,,0,True,Active,,,,,,0.0,0.0,0.0,0.0,0.0,0.0,0.0,0.0,0.0,0.0,0.0,0.0,0.0,0.0,0.0,0.0,0.0,0.0,0.0,0.0,0.0,0.0,0.0,0.0,0.0,0.0,714,,0,,,,,,,,
1800,715,WR bench,,4434,Brisly Estime,WR,FA,29,69,186,Syracuse,3,1992-12-10,5,False,Active,,,,,9999999,0.0,0.0,0.0,0.0,0.0,0.0,0.0,0.0,0.0,0.0,0.0,0.0,0.0,0.0,0.0,0.0,0.0,0.0,0.0,0.0,0.0,0.0,0.0,0.0,0.0,0.0,715,,0,,,,,,,,
1801,351,TE bench,,3045,Gannon Sinclair,TE,FA,28,79,270,Missouri State,0,1993-02-05,7,False,Active,,,,,9999999,0.0,0.0,0.0,0.0,0.0,0.0,0.0,0.0,0.0,0.0,0.0,0.0,0.0,0.0,0.0,0.0,0.0,0.0,0.0,0.0,0.0,0.0,0.0,0.0,0.0,0.0,351,,0,,,,,,,,
1802,401,RB bench,,2923,Connor Neighbors,RB,FA,33,71,229,LSU,0,1991-12-13,10,False,Active,,,,,9999999,0.0,0.0,0.0,0.0,0.0,0.0,0.0,0.0,0.0,0.0,0.0,0.0,0.0,0.0,0.0,0.0,0.0,0.0,0.0,0.0,0.0,0.0,0.0,0.0,0.0,0.0,401,,0,,,,,,,,
1803,402,RB bench,,1693,Zach Line,RB,FA,31,73,233,Southern Methodist,0,1990-04-26,9,False,Injured Reserve,,,,,764,0.0,0.0,0.0,0.0,0.0,0.0,0.0,0.0,0.0,0.0,0.0,0.0,0.0,0.0,0.0,0.0,0.0,0.0,0.0,0.0,0.0,0.0,0.0,0.0,0.0,0.0,402,,0,,,,,,,,
1804,716,WR bench,,5176,Davon Grayson,WR,FA,26,74,187,East Carolina,0,1995-09-05,4,False,Active,,,,,9999999,0.0,0.0,0.0,0.0,0.0,0.0,0.0,0.0,0.0,0.0,0.0,0.0,0.0,0.0,0.0,0.0,0.0,0.0,0.0,0.0,0.0,0.0,0.0,0.0,0.0,0.0,716,,0,,,,,,,,
1178,446,WR depth,,14031,Kyron Hudson,WR,CHI,24,73,212,Penn State,20,2002-05-16,0,True,Active,,,,,9999999,0.0,0.0,0.0,0.0,0.0,0.0,0.0,0.0,0.0,0.0,0.0,0.0,0.0,0.0,0.0,0.0,0.0,0.0,0.0,0.0,0.0,0.0,0.0,0.0,0.0,0.0,717,,0,,,,,,,,
1806,718,WR bench,,1943,Lacoltan Bester,WR,FA,,75,208,Oklahoma,12,,12,False,Active,,,,,9999999,0.0,0.0,0.0,0.0,0.0,0.0,0.0,0.0,0.0,0.0,0.0,0.0,0.0,0.0,0.0,0.0,0.0,0.0,0.0,0.0,0.0,0.0,0.0,0.0,0.0,0.0,718,,0,,,,,,,,
1807,719,WR bench,,6701,Fred Trevillion,WR,FA,27,74,200,San Diego State,0,1994-10-13,3,False,Inactive,,,,,9999999,0.0,0.0,0.0,0.0,0.0,0.0,0.0,0.0,0.0,0.0,0.0,0.0,0.0,0.0,0.0,0.0,0.0,0.0,0.0,0.0,0.0,0.0,0.0,0.0,0.0,0.0,719,,0,,,,,,,,
1808,403,RB bench,,6031,Alex Barnes,RB,FA,25,72,226,Kansas State,39,1996-10-27,3,False,Active,,,,,9999999,0.0,0.0,0.0,0.0,0.0,0.0,0.0,0.0,0.0,0.0,0.0,0.0,0.0,0.0,0.0,0.0,0.0,0.0,0.0,0.0,0.0,0.0,0.0,0.0,0.0,0.0,403,,0,,,,,,,,
1809,352,TE bench,,1696,Brandon Williams,TE,FA,29,72,200,Texas A&amp;M,28,1992-09-09,6,False,Active,,,,,9999999,0.0,0.0,0.0,0.0,0.0,0.0,0.0,0.0,0.0,0.0,0.0,0.0,0.0,0.0,0.0,0.0,0.0,0.0,0.0,0.0,0.0,0.0,0.0,0.0,0.0,0.0,352,,0,,,,,,,,
1810,404,RB bench,,11182,Ronald Awatt,RB,FA,25,71,205,UTEP,35,1997-10-30,1,False,Active,,,,,9999999,0.0,0.0,0.0,0.0,0.0,0.0,0.0,0.0,0.0,0.0,0.0,0.0,0.0,0.0,0.0,0.0,0.0,0.0,0.0,0.0,0.0,0.0,0.0,0.0,0.0,0.0,404,,0,,,,,,,,
1811,720,WR bench,,13042,Xavier Guillory,WR,BAL,25,74,210,Arizona State,16,2001-07-13,1,False,Active,,,,,999,0.0,0.0,0.0,0.0,0.0,0.0,0.0,0.0,0.0,0.0,0.0,0.0,0.0,0.0,0.0,0.0,0.0,0.0,0.0,0.0,0.0,0.0,0.0,0.0,0.0,0.0,720,,0,,,,,,,,
1812,721,WR bench,,7556,Marquez Stevenson,WR,FA,25,70,180,Houston,13,1998-03-26,2,False,Active,,,,,9999999,0.0,0.0,0.0,0.0,0.0,0.0,0.0,0.0,0.0,0.0,0.0,0.0,0.0,0.0,0.0,0.0,0.0,0.0,0.0,0.0,0.0,0.0,0.0,0.0,0.0,0.0,721,,0,,,,,,,,
1813,722,WR bench,,3462,Jared Dangerfield,WR,FA,32,75,200,Western Kentucky,0,1992-08-09,9,False,Active,,,,,9999999,0.0,0.0,0.0,0.0,0.0,0.0,0.0,0.0,0.0,0.0,0.0,0.0,0.0,0.0,0.0,0.0,0.0,0.0,0.0,0.0,0.0,0.0,0.0,0.0,0.0,0.0,722,,0,,,,,,,,
1814,405,RB bench,,4273,Chris Carson,RB,FA,27,71,222,Oklahoma State,32,1994-09-16,5,False,Active,,,,,200,0.0,0.0,0.0,0.0,0.0,0.0,0.0,0.0,0.0,0.0,0.0,0.0,0.0,0.0,0.0,0.0,0.0,0.0,0.0,0.0,0.0,0.0,0.0,0.0,0.0,0.0,405,,0,,,,,,,,
1815,723,WR bench,,4708,KeVonn Mabon,WR,FA,28,74,215,Ball State,80,1993-10-02,5,False,Active,,,,,9999999,0.0,0.0,0.0,0.0,0.0,0.0,0.0,0.0,0.0,0.0,0.0,0.0,0.0,0.0,0.0,0.0,0.0,0.0,0.0,0.0,0.0,0.0,0.0,0.0,0.0,0.0,723,,0,,,,,,,,
1816,208,QB bench,,3205,Cody Kessler,QB,FA,28,73,215,Southern California,6,1993-05-11,6,False,Active,,,,,9999999,0.0,0.0,0.0,0.0,0.0,0.0,0.0,0.0,0.0,0.0,0.0,0.0,0.0,0.0,0.0,0.0,0.0,0.0,0.0,0.0,0.0,0.0,0.0,0.0,0.0,0.0,208,,0,,,,,,,,
1817,724,WR bench,,6692,Joe Horn,WR,FA,27,70,174,Missouri Western,87,1994-09-16,3,False,Active,,,,,9999999,0.0,0.0,0.0,0.0,0.0,0.0,0.0,0.0,0.0,0.0,0.0,0.0,0.0,0.0,0.0,0.0,0.0,0.0,0.0,0.0,0.0,0.0,0.0,0.0,0.0,0.0,724,,0,,,,,,,,
1818,725,WR bench,,13043,Chris Tyree,WR,FA,24,70,192,Virginia,,2001-12-05,1,False,Active,,,,,698,0.0,0.0,0.0,0.0,0.0,0.0,0.0,0.0,0.0,0.0,0.0,0.0,0.0,0.0,0.0,0.0,0.0,0.0,0.0,0.0,0.0,0.0,0.0,0.0,0.0,0.0,725,,0,,,,,,,,
1179,225,TE depth,,13160,Reggie Brown,TE,FA,,75,245,Tulane,,,0,True,Active,,,,,9999999,0.0,0.0,0.0,0.0,0.0,0.0,0.0,0.0,0.0,0.0,0.0,0.0,0.0,0.0,0.0,0.0,0.0,0.0,0.0,0.0,0.0,0.0,0.0,0.0,0.0,0.0,353,,0,,,,,,,,
1820,354,TE bench,,2886,Justin Sinz,TE,FA,33,76,250,Purdue,0,1991-11-03,10,False,Active,,,,,9999999,0.0,0.0,0.0,0.0,0.0,0.0,0.0,0.0,0.0,0.0,0.0,0.0,0.0,0.0,0.0,0.0,0.0,0.0,0.0,0.0,0.0,0.0,0.0,0.0,0.0,0.0,354,,0,,,,,,,,
1821,726,WR bench,,5799,Darius Prince,WR,FA,31,73,185,Penn State - Beaver,1,1990-04-23,10,False,Active,,,,,9999999,0.0,0.0,0.0,0.0,0.0,0.0,0.0,0.0,0.0,0.0,0.0,0.0,0.0,0.0,0.0,0.0,0.0,0.0,0.0,0.0,0.0,0.0,0.0,0.0,0.0,0.0,726,,0,,,,,,,,
1822,727,WR bench,,8705,Landon Lenoir,WR,FA,24,71,186,Southern Illinois,0,1998-08-11,1,False,Active,,,,,9999999,0.0,0.0,0.0,0.0,0.0,0.0,0.0,0.0,0.0,0.0,0.0,0.0,0.0,0.0,0.0,0.0,0.0,0.0,0.0,0.0,0.0,0.0,0.0,0.0,0.0,0.0,727,,0,,,,,,,,
198,53,RB depth,,13414,Kaelon Black,RB,SF,24,70,208,Indiana,26,2001-10-17,0,True,Active,Questionable,,3,RB3,999,0.0,0.0,0.0,0.0,0.0,0.0,0.0,0.0,0.0,0.0,0.0,0.0,0.0,0.0,0.0,0.0,0.0,0.0,0.0,0.0,0.0,0.0,0.0,0.0,0.0,0.0,406,164.8,2,788,587,,159.4,170.2,,,-201
1824,728,WR bench,,12231,JJ Laap,WR,FA,23,73,177,SUNY-Cortland,,2001-01-28,1,False,Active,,,,,498,0.0,0.0,0.0,0.0,0.0,0.0,0.0,0.0,0.0,0.0,0.0,0.0,0.0,0.0,0.0,0.0,0.0,0.0,0.0,0.0,0.0,0.0,0.0,0.0,0.0,0.0,728,,0,,,,,,,,
1825,355,TE bench,,12085,Alec Holler,TE,FA,25,75,242,UCF,,1999-07-19,1,False,Active,,,,,418,0.0,0.0,0.0,0.0,0.0,0.0,0.0,0.0,0.0,0.0,0.0,0.0,0.0,0.0,0.0,0.0,0.0,0.0,0.0,0.0,0.0,0.0,0.0,0.0,0.0,0.0,355,,0,,,,,,,,
1826,729,WR bench,,12033,OJ Hiliare,WR,FA,23,72,185,Bowling Green,,2001-02-12,1,False,Active,,,,,352,0.0,0.0,0.0,0.0,0.0,0.0,0.0,0.0,0.0,0.0,0.0,0.0,0.0,0.0,0.0,0.0,0.0,0.0,0.0,0.0,0.0,0.0,0.0,0.0,0.0,0.0,729,,0,,,,,,,,
1827,407,RB bench,,8233,Mataeo Durant,RB,FA,23,73,195,Duke,0,1999-12-04,1,False,Active,,,,,491,0.0,0.0,0.0,0.0,0.0,0.0,0.0,0.0,0.0,0.0,0.0,0.0,0.0,0.0,0.0,0.0,0.0,0.0,0.0,0.0,0.0,0.0,0.0,0.0,0.0,0.0,407,,0,,,,,,,,
755,265,WR depth,,8755,Kaden Davis,WR,CHI,27,73,193,Northwest Missouri State,27,1998-09-25,4,False,Active,,,8,WR8,9999999,2.0,0.0,0.0,0.0,0.0,0.0,0.0,0.0,0.0,0.0,0.0,0.0,0.0,1.0,0.0,0.0,0.0,0.0,0.0,0.0,0.0,0.0,0.0,0.0,0.0,0.0,730,170.0,1,0,484,,,170.0,,,-305
1829,731,WR bench,,12392,Tre Mosley,WR,FA,23,73,196,Michigan State,,2001-09-25,1,False,Active,,,,,9999999,0.0,0.0,0.0,0.0,0.0,0.0,0.0,0.0,0.0,0.0,0.0,0.0,0.0,0.0,0.0,0.0,0.0,0.0,0.0,0.0,0.0,0.0,0.0,0.0,0.0,0.0,731,,0,,,,,,,,
1830,732,WR bench,,5292,Devin Ross,WR,FA,28,69,192,Colorado,89,1995-08-12,5,False,Active,,,,,343,0.0,0.0,0.0,0.0,0.0,0.0,0.0,0.0,0.0,0.0,0.0,0.0,0.0,0.0,0.0,0.0,0.0,0.0,0.0,0.0,0.0,0.0,0.0,0.0,0.0,0.0,732,,0,,,,,,,,
756,54,K depth,,11949,Brayden Narveson,K,FA,25,71,215,North Carolina State,,1999-09-28,1,False,Active,,,,K1,588,0.0,0.0,0.0,0.0,0.0,0.0,0.0,0.0,0.0,0.0,0.0,0.0,0.0,7.0,53.0,7.57,0.0,0.0,0.0,0.0,0.0,0.0,0.0,0.0,0.0,0.0,97,170.0,1,0,379,,,170.0,,,-411
1832,98,K bench,,8056,Jake Verity,K,FA,25,74,197,East Carolina,15,1997-12-23,2,False,Active,,,,K1,9999999,0.0,0.0,0.0,0.0,0.0,0.0,0.0,0.0,0.0,0.0,0.0,0.0,0.0,0.0,0.0,0.0,0.0,0.0,0.0,0.0,0.0,0.0,0.0,0.0,0.0,0.0,98,,0,,,,,,,,
1833,408,RB bench,,6955,James Robinson,RB,FA,26,69,219,Illinois State,26,1998-08-09,4,False,Active,,,,,573,0.0,0.0,0.0,0.0,0.0,0.0,0.0,0.0,0.0,0.0,0.0,0.0,0.0,0.0,0.0,0.0,0.0,0.0,0.0,0.0,0.0,0.0,0.0,0.0,0.0,0.0,408,,0,,,,,,,,
1834,209,QB bench,,6606,Nick Fitzgerald,QB,FA,25,77,226,Mississippi State,0,1996-01-14,3,False,Active,,,,,9999999,0.0,0.0,0.0,0.0,0.0,0.0,0.0,0.0,0.0,0.0,0.0,0.0,0.0,0.0,0.0,0.0,0.0,0.0,0.0,0.0,0.0,0.0,0.0,0.0,0.0,0.0,209,,0,,,,,,,,
1835,409,RB bench,,5068,Kerryon Johnson,RB,FA,24,71,212,Auburn,0,1997-06-30,4,False,Active,,,,,550,0.0,0.0,0.0,0.0,0.0,0.0,0.0,0.0,0.0,0.0,0.0,0.0,0.0,0.0,0.0,0.0,0.0,0.0,0.0,0.0,0.0,0.0,0.0,0.0,0.0,0.0,409,,0,,,,,,,,
1836,733,WR bench,,2121,T.J. Jones,WR,FA,29,72,190,Notre Dame,80,1992-07-19,8,False,Active,,,,,9999999,0.0,0.0,0.0,0.0,0.0,0.0,0.0,0.0,0.0,0.0,0.0,0.0,0.0,0.0,0.0,0.0,0.0,0.0,0.0,0.0,0.0,0.0,0.0,0.0,0.0,0.0,733,,0,,,,,,,,
1837,734,WR bench,,7387,George Campbell,WR,FA,25,76,183,West Virginia,6,1996-10-27,2,False,Inactive,,,,,9999999,0.0,0.0,0.0,0.0,0.0,0.0,0.0,0.0,0.0,0.0,0.0,0.0,0.0,0.0,0.0,0.0,0.0,0.0,0.0,0.0,0.0,0.0,0.0,0.0,0.0,0.0,734,,0,,,,,,,,
1838,735,WR bench,,11941,Isaiah Wooden,WR,FA,26,69,170,Southern Utah,85,2000-02-03,2,False,Active,,,,,999,0.0,0.0,0.0,0.0,0.0,0.0,0.0,0.0,0.0,0.0,0.0,0.0,0.0,0.0,0.0,0.0,0.0,0.0,0.0,0.0,0.0,0.0,0.0,0.0,0.0,0.0,735,,0,,,,,,,,
1180,226,TE depth,,14055,Louis Hansen,TE,FA,,77,240,UConn,47,,0,True,Active,,,,,9999999,0.0,0.0,0.0,0.0,0.0,0.0,0.0,0.0,0.0,0.0,0.0,0.0,0.0,0.0,0.0,0.0,0.0,0.0,0.0,0.0,0.0,0.0,0.0,0.0,0.0,0.0,356,,0,,,,,,,,
1840,410,RB bench,,1170,Alfred Morris,RB,FA,33,70,224,Florida Atlantic,41,1988-12-12,10,False,Active,,,,,9999999,0.0,0.0,0.0,0.0,0.0,0.0,0.0,0.0,0.0,0.0,0.0,0.0,0.0,0.0,0.0,0.0,0.0,0.0,0.0,0.0,0.0,0.0,0.0,0.0,0.0,0.0,410,,0,,,,,,,,
1841,411,RB bench,,2174,Roosevelt Nix,RB,FA,29,71,248,Kent State,0,1992-03-30,8,False,Injured Reserve,,,,,833,0.0,0.0,0.0,0.0,0.0,0.0,0.0,0.0,0.0,0.0,0.0,0.0,0.0,0.0,0.0,0.0,0.0,0.0,0.0,0.0,0.0,0.0,0.0,0.0,0.0,0.0,411,,0,,,,,,,,
1842,736,WR bench,,5102,Daurice Fountain,WR,FA,28,74,210,Northern Iowa,12,1995-12-22,6,False,Active,,,,,367,0.0,0.0,0.0,0.0,0.0,0.0,0.0,0.0,0.0,0.0,0.0,0.0,0.0,0.0,0.0,0.0,0.0,0.0,0.0,0.0,0.0,0.0,0.0,0.0,0.0,0.0,736,,0,,,,,,,,
1843,737,WR bench,,5261,Jester Weah,WR,FA,26,75,210,Pittsburgh,82,1995-02-07,4,False,Active,,,,,1445,0.0,0.0,0.0,0.0,0.0,0.0,0.0,0.0,0.0,0.0,0.0,0.0,0.0,0.0,0.0,0.0,0.0,0.0,0.0,0.0,0.0,0.0,0.0,0.0,0.0,0.0,737,,0,,,,,,,,
1844,412,RB bench,,6187,Aca'Cedric Ware,RB,FA,24,72,205,Southern California,33,1997-06-29,3,False,Active,,,,,9999999,0.0,0.0,0.0,0.0,0.0,0.0,0.0,0.0,0.0,0.0,0.0,0.0,0.0,0.0,0.0,0.0,0.0,0.0,0.0,0.0,0.0,0.0,0.0,0.0,0.0,0.0,412,,0,,,,,,,,
1845,99,K bench,,127,Matt Bryant,K,FA,46,69,203,Baylor,3,1975-05-29,20,False,Active,,,,K1,9999999,0.0,0.0,0.0,0.0,0.0,0.0,0.0,0.0,0.0,0.0,0.0,0.0,0.0,0.0,0.0,0.0,0.0,0.0,0.0,0.0,0.0,0.0,0.0,0.0,0.0,0.0,99,,0,,,,,,,,
1846,738,WR bench,,7586,Dazz Newsome,WR,FA,24,70,184,North Carolina,84,1999-05-15,2,False,Active,,,,,9999999,0.0,0.0,0.0,0.0,0.0,0.0,0.0,0.0,0.0,0.0,0.0,0.0,0.0,0.0,0.0,0.0,0.0,0.0,0.0,0.0,0.0,0.0,0.0,0.0,0.0,0.0,738,,0,,,,,,,,
1847,739,WR bench,,4125,Taywan Taylor,WR,FA,26,71,203,Western Kentucky,0,1995-03-02,5,False,Active,,,,,528,0.0,0.0,0.0,0.0,0.0,0.0,0.0,0.0,0.0,0.0,0.0,0.0,0.0,0.0,0.0,0.0,0.0,0.0,0.0,0.0,0.0,0.0,0.0,0.0,0.0,0.0,739,,0,,,,,,,,
1848,413,RB bench,,5919,Elijah Holyfield,RB,FA,25,70,219,Georgia,36,1997-11-30,4,False,Active,,,,,9999999,0.0,0.0,0.0,0.0,0.0,0.0,0.0,0.0,0.0,0.0,0.0,0.0,0.0,0.0,0.0,0.0,0.0,0.0,0.0,0.0,0.0,0.0,0.0,0.0,0.0,0.0,413,,0,,,,,,,,
1849,740,WR bench,,4364,Karel Hamilton,WR,FA,26,73,202,Samford,13,1995-03-30,5,False,Active,,,,,9999999,0.0,0.0,0.0,0.0,0.0,0.0,0.0,0.0,0.0,0.0,0.0,0.0,0.0,0.0,0.0,0.0,0.0,0.0,0.0,0.0,0.0,0.0,0.0,0.0,0.0,0.0,740,,0,,,,,,,,
1850,741,WR bench,,3727,Dennis Parks,WR,FA,30,74,200,Rice,0,1994-07-27,9,False,Active,,,,,9999999,0.0,0.0,0.0,0.0,0.0,0.0,0.0,0.0,0.0,0.0,0.0,0.0,0.0,0.0,0.0,0.0,0.0,0.0,0.0,0.0,0.0,0.0,0.0,0.0,0.0,0.0,741,,0,,,,,,,,
1851,742,WR bench,,11544,Avery Davis,WR,FA,24,71,198,Notre Dame,84,1998-09-26,1,False,Active,,,,,276,0.0,0.0,0.0,0.0,0.0,0.0,0.0,0.0,0.0,0.0,0.0,0.0,0.0,0.0,0.0,0.0,0.0,0.0,0.0,0.0,0.0,0.0,0.0,0.0,0.0,0.0,742,,0,,,,,,,,
1852,743,WR bench,,4497,Tony Stevens,WR,FA,26,76,212,Auburn,1,1995-03-14,5,False,Active,,,,,9999999,0.0,0.0,0.0,0.0,0.0,0.0,0.0,0.0,0.0,0.0,0.0,0.0,0.0,0.0,0.0,0.0,0.0,0.0,0.0,0.0,0.0,0.0,0.0,0.0,0.0,0.0,743,,0,,,,,,,,
1853,744,WR bench,,5005,Jaleel Scott,WR,FA,26,77,210,New Mexico State,18,1995-02-23,4,False,Inactive,,,,,1344,0.0,0.0,0.0,0.0,0.0,0.0,0.0,0.0,0.0,0.0,0.0,0.0,0.0,0.0,0.0,0.0,0.0,0.0,0.0,0.0,0.0,0.0,0.0,0.0,0.0,0.0,744,,0,,,,,,,,
1854,414,RB bench,,1794,David Fluellen,RB,FA,29,71,224,Toledo,32,1992-01-28,8,False,Active,,,,,769,0.0,0.0,0.0,0.0,0.0,0.0,0.0,0.0,0.0,0.0,0.0,0.0,0.0,0.0,0.0,0.0,0.0,0.0,0.0,0.0,0.0,0.0,0.0,0.0,0.0,0.0,414,,0,,,,,,,,
1181,447,WR depth,,13354,Eric McAlister,WR,FA,,75,205,,,,0,True,Active,Questionable,Fracture,,,,0.0,0.0,0.0,0.0,0.0,0.0,0.0,0.0,0.0,0.0,0.0,0.0,0.0,0.0,0.0,0.0,0.0,0.0,0.0,0.0,0.0,0.0,0.0,0.0,0.0,0.0,745,,0,,,,,,,,
1856,746,WR bench,,8825,Kekoa Crawford,WR,FA,25,72,192,California,89,1998-02-10,2,False,Active,,,,,9999999,0.0,0.0,0.0,0.0,0.0,0.0,0.0,0.0,0.0,0.0,0.0,0.0,0.0,0.0,0.0,0.0,0.0,0.0,0.0,0.0,0.0,0.0,0.0,0.0,0.0,0.0,746,,0,,,,,,,,
757,266,WR depth,,5695,Brandon Powell,WR,FA,29,68,185,Florida,4,1995-09-12,7,False,Active,,,,,9999999,0.0,0.0,0.0,0.0,0.0,0.0,0.0,0.0,0.0,0.0,0.0,0.0,0.0,17.0,14.1,0.83,0.0,0.0,0.0,0.0,0.0,0.0,7.0,10.0,71.0,0.0,747,170.0,1,0,914,,,170.0,,,123
1858,357,TE bench,,12260,Mason Fairchild,TE,FA,23,76,260,Kansas,,2001-08-30,1,False,Active,,,,,406,0.0,0.0,0.0,0.0,0.0,0.0,0.0,0.0,0.0,0.0,0.0,0.0,0.0,0.0,0.0,0.0,0.0,0.0,0.0,0.0,0.0,0.0,0.0,0.0,0.0,0.0,357,,0,,,,,,,,
1859,748,WR bench,,12863,Andrew Armstrong,WR,KC,25,76,210,Arkansas,85,2000-10-31,1,False,Active,,,,,9999999,0.0,0.0,0.0,0.0,0.0,0.0,0.0,0.0,0.0,0.0,0.0,0.0,0.0,0.0,0.0,0.0,0.0,0.0,0.0,0.0,0.0,0.0,0.0,0.0,0.0,0.0,748,,0,,,,,,,,
1182,269,RB depth,,7104,Shannon Brooks,RB,FA,,"6'0""",215,Minnesota,,,0,True,Inactive,NA,,,,9999999,0.0,0.0,0.0,0.0,0.0,0.0,0.0,0.0,0.0,0.0,0.0,0.0,0.0,0.0,0.0,0.0,0.0,0.0,0.0,0.0,0.0,0.0,0.0,0.0,0.0,0.0,415,,0,,,,,,,,
1861,100,K bench,,12372,Vincent Blanchard,K,FA,,73,210,Laval,,,1,False,Active,,,,K1,9999999,0.0,0.0,0.0,0.0,0.0,0.0,0.0,0.0,0.0,0.0,0.0,0.0,0.0,0.0,0.0,0.0,0.0,0.0,0.0,0.0,0.0,0.0,0.0,0.0,0.0,0.0,100,,0,,,,,,,,
1862,749,WR bench,,12852,Monaray Baldwin,WR,FA,23,69,170,Baylor,,2002-12-17,1,False,Active,,,,,641,0.0,0.0,0.0,0.0,0.0,0.0,0.0,0.0,0.0,0.0,0.0,0.0,0.0,0.0,0.0,0.0,0.0,0.0,0.0,0.0,0.0,0.0,0.0,0.0,0.0,0.0,749,,0,,,,,,,,
1183,227,TE depth,,13100,Eli Wilson,TE,FA,,75,240,Appalachian State,,,0,True,Active,,,,,9999999,0.0,0.0,0.0,0.0,0.0,0.0,0.0,0.0,0.0,0.0,0.0,0.0,0.0,0.0,0.0,0.0,0.0,0.0,0.0,0.0,0.0,0.0,0.0,0.0,0.0,0.0,358,,0,,,,,,,,
1864,750,WR bench,,5734,C.J. Duncan,WR,FA,26,71,203,Vanderbilt,82,1995-03-24,4,False,Active,,,,,9999999,0.0,0.0,0.0,0.0,0.0,0.0,0.0,0.0,0.0,0.0,0.0,0.0,0.0,0.0,0.0,0.0,0.0,0.0,0.0,0.0,0.0,0.0,0.0,0.0,0.0,0.0,750,,0,,,,,,,,
1865,751,WR bench,,6370,Damion Jeanpiere,WR,FA,25,73,185,Nicholls State,83,1996-12-08,3,False,Active,,,,,9999999,0.0,0.0,0.0,0.0,0.0,0.0,0.0,0.0,0.0,0.0,0.0,0.0,0.0,0.0,0.0,0.0,0.0,0.0,0.0,0.0,0.0,0.0,0.0,0.0,0.0,0.0,751,,0,,,,,,,,
1866,359,TE bench,,11140,Leonard Taylor,TE,FA,24,77,260,Cincinnati,49,1999-08-26,1,False,Inactive,,,,,9999999,0.0,0.0,0.0,0.0,0.0,0.0,0.0,0.0,0.0,0.0,0.0,0.0,0.0,0.0,0.0,0.0,0.0,0.0,0.0,0.0,0.0,0.0,0.0,0.0,0.0,0.0,359,,0,,,,,,,,
1867,416,RB bench,,11176,Khalan Laborn,RB,FA,24,70,204,Marshall,36,1999-06-01,1,False,Active,,,,,9999999,0.0,0.0,0.0,0.0,0.0,0.0,0.0,0.0,0.0,0.0,0.0,0.0,0.0,0.0,0.0,0.0,0.0,0.0,0.0,0.0,0.0,0.0,0.0,0.0,0.0,0.0,416,,0,,,,,,,,
758,160,RB depth,,8221,Keaontay Ingram,RB,FA,26,72,220,USC,38,1999-10-26,4,False,Active,,,,,999,0.0,0.0,0.0,0.0,0.0,0.0,0.0,0.0,0.0,0.0,0.0,0.0,0.0,1.0,0.0,0.0,0.0,0.0,0.0,0.0,0.0,0.0,0.0,0.0,0.0,0.0,417,170.0,1,0,845,,,170.0,,,53
1869,752,WR bench,,7885,Bailey Gaither,WR,FA,26,72,189,San Jose State,0,1997-01-11,2,False,Active,,,,,9999999,0.0,0.0,0.0,0.0,0.0,0.0,0.0,0.0,0.0,0.0,0.0,0.0,0.0,0.0,0.0,0.0,0.0,0.0,0.0,0.0,0.0,0.0,0.0,0.0,0.0,0.0,752,,0,,,,,,,,
1870,360,TE bench,,12320,Treyton Pickering,TE,FA,,76,246,Montana State,,,1,False,Active,,,,,9999999,0.0,0.0,0.0,0.0,0.0,0.0,0.0,0.0,0.0,0.0,0.0,0.0,0.0,0.0,0.0,0.0,0.0,0.0,0.0,0.0,0.0,0.0,0.0,0.0,0.0,0.0,360,,0,,,,,,,,
1871,418,RB bench,,3646,Quayvon Hicks,RB,FA,27,74,251,Georgia,36,1994-07-17,5,False,Active,,,,,9999999,0.0,0.0,0.0,0.0,0.0,0.0,0.0,0.0,0.0,0.0,0.0,0.0,0.0,0.0,0.0,0.0,0.0,0.0,0.0,0.0,0.0,0.0,0.0,0.0,0.0,0.0,418,,0,,,,,,,,
1872,361,TE bench,,12901,Patrick Herbert,TE,JAX,25,77,255,Oregon,88,2000-10-18,1,False,Active,,,,,999,0.0,0.0,0.0,0.0,0.0,0.0,0.0,0.0,0.0,0.0,0.0,0.0,0.0,0.0,0.0,0.0,0.0,0.0,0.0,0.0,0.0,0.0,0.0,0.0,0.0,0.0,361,,0,,,,,,,,
1873,753,WR bench,,12291,Dakota Caton,WR,FA,,70,185,Indiana State,,,1,False,Active,,,,,9999999,0.0,0.0,0.0,0.0,0.0,0.0,0.0,0.0,0.0,0.0,0.0,0.0,0.0,0.0,0.0,0.0,0.0,0.0,0.0,0.0,0.0,0.0,0.0,0.0,0.0,0.0,753,,0,,,,,,,,
1874,754,WR bench,,7901,Rico Bussey,WR,FA,24,74,190,Hawaii,84,1998-02-25,1,False,Active,,,,,9999999,0.0,0.0,0.0,0.0,0.0,0.0,0.0,0.0,0.0,0.0,0.0,0.0,0.0,0.0,0.0,0.0,0.0,0.0,0.0,0.0,0.0,0.0,0.0,0.0,0.0,0.0,754,,0,,,,,,,,
1184,270,RB depth,,1766,Jonathan Amosa,RB,FA,27,"5'11""",247,Washington,44,1990-10-16,0,True,Inactive,,,,,9999999,0.0,0.0,0.0,0.0,0.0,0.0,0.0,0.0,0.0,0.0,0.0,0.0,0.0,0.0,0.0,0.0,0.0,0.0,0.0,0.0,0.0,0.0,0.0,0.0,0.0,0.0,419,,0,,,,,,,,
1876,755,WR bench,,7573,Damon Hazelton,WR,FA,25,75,215,Missouri,86,1997-02-28,1,False,Active,,,,,9999999,0.0,0.0,0.0,0.0,0.0,0.0,0.0,0.0,0.0,0.0,0.0,0.0,0.0,0.0,0.0,0.0,0.0,0.0,0.0,0.0,0.0,0.0,0.0,0.0,0.0,0.0,755,,0,,,,,,,,
1877,756,WR bench,,8881,Willie Johnson,WR,FA,26,72,178,Marshall,0,1996-12-23,1,False,Active,,,,,9999999,0.0,0.0,0.0,0.0,0.0,0.0,0.0,0.0,0.0,0.0,0.0,0.0,0.0,0.0,0.0,0.0,0.0,0.0,0.0,0.0,0.0,0.0,0.0,0.0,0.0,0.0,756,,0,,,,,,,,
1878,420,RB bench,,7466,Nathan Cottrell,RB,FA,26,71,193,Georgia Tech,31,1996-08-02,2,False,Active,,,,,9999999,0.0,0.0,0.0,0.0,0.0,0.0,0.0,0.0,0.0,0.0,0.0,0.0,0.0,0.0,0.0,0.0,0.0,0.0,0.0,0.0,0.0,0.0,0.0,0.0,0.0,0.0,420,,0,,,,,,,,
1879,757,WR bench,,3050,Myles White,WR,NYJ,27,"6'0""",182,Louisiana Tech,16,1990-03-03,3,False,Active,,,4,WR4,699,0.0,0.0,0.0,0.0,0.0,0.0,0.0,0.0,0.0,0.0,0.0,0.0,0.0,0.0,0.0,0.0,0.0,0.0,0.0,0.0,0.0,0.0,0.0,0.0,0.0,0.0,757,,0,,,,,,,,
1880,421,RB bench,,1451,C.J. Anderson,RB,FA,30,68,224,California,26,1991-02-10,9,False,Active,,,,,9999999,0.0,0.0,0.0,0.0,0.0,0.0,0.0,0.0,0.0,0.0,0.0,0.0,0.0,0.0,0.0,0.0,0.0,0.0,0.0,0.0,0.0,0.0,0.0,0.0,0.0,0.0,421,,0,,,,,,,,
1881,758,WR bench,,7161,Shane Leatherbury,WR,FA,24,71,190,Towson,0,1997-12-10,2,False,Active,,,,,9999999,0.0,0.0,0.0,0.0,0.0,0.0,0.0,0.0,0.0,0.0,0.0,0.0,0.0,0.0,0.0,0.0,0.0,0.0,0.0,0.0,0.0,0.0,0.0,0.0,0.0,0.0,758,,0,,,,,,,,
1882,759,WR bench,,4208,Rodney Adams,WR,FA,27,73,189,South Florida,13,1994-09-15,5,False,Active,,,,,9999999,0.0,0.0,0.0,0.0,0.0,0.0,0.0,0.0,0.0,0.0,0.0,0.0,0.0,0.0,0.0,0.0,0.0,0.0,0.0,0.0,0.0,0.0,0.0,0.0,0.0,0.0,759,,0,,,,,,,,
1883,210,QB bench,,12776,Connor Bazelak,QB,TB,25,75,225,Bowling Green,16,2000-09-22,1,False,Active,,,3,QB3,999,0.0,0.0,0.0,0.0,0.0,0.0,0.0,0.0,0.0,0.0,0.0,0.0,0.0,0.0,0.0,0.0,0.0,0.0,0.0,0.0,0.0,0.0,0.0,0.0,0.0,0.0,210,,0,,,,,,,,
1884,760,WR bench,,6685,Jalen Greene,WR,FA,25,74,205,Utah State,3,1996-06-13,3,False,Active,,,,,9999999,0.0,0.0,0.0,0.0,0.0,0.0,0.0,0.0,0.0,0.0,0.0,0.0,0.0,0.0,0.0,0.0,0.0,0.0,0.0,0.0,0.0,0.0,0.0,0.0,0.0,0.0,760,,0,,,,,,,,
1885,362,TE bench,,6956,Devin Asiasi,TE,FA,26,75,260,UCLA,87,1997-08-14,4,False,Active,,,,,9999999,0.0,0.0,0.0,0.0,0.0,0.0,0.0,0.0,0.0,0.0,0.0,0.0,0.0,0.0,0.0,0.0,0.0,0.0,0.0,0.0,0.0,0.0,0.0,0.0,0.0,0.0,362,,0,,,,,,,,
1185,448,WR depth,,3918,TJ Thorpe,WR,FA,25,"5'11""",206,Virginia,6,1993-05-26,0,True,Inactive,,,4,WR4,9999999,0.0,0.0,0.0,0.0,0.0,0.0,0.0,0.0,0.0,0.0,0.0,0.0,0.0,0.0,0.0,0.0,0.0,0.0,0.0,0.0,0.0,0.0,0.0,0.0,0.0,0.0,761,,0,,,,,,,,
1887,422,RB bench,,5536,Dontrell Hilliard,RB,FA,28,71,202,Tulane,40,1995-02-26,5,False,Inactive,,,,,337,0.0,0.0,0.0,0.0,0.0,0.0,0.0,0.0,0.0,0.0,0.0,0.0,0.0,0.0,0.0,0.0,0.0,0.0,0.0,0.0,0.0,0.0,0.0,0.0,0.0,0.0,422,,0,,,,,,,,
1888,762,WR bench,,5243,Detrich Clark,WR,FA,27,70,180,Colorado State,0,1994-02-15,4,False,Active,,,,,1016,0.0,0.0,0.0,0.0,0.0,0.0,0.0,0.0,0.0,0.0,0.0,0.0,0.0,0.0,0.0,0.0,0.0,0.0,0.0,0.0,0.0,0.0,0.0,0.0,0.0,0.0,762,,0,,,,,,,,
1889,363,TE bench,,4362,Cethan Carter,TE,FA,27,75,243,Nebraska,82,1995-09-05,6,False,Inactive,,,,,402,0.0,0.0,0.0,0.0,0.0,0.0,0.0,0.0,0.0,0.0,0.0,0.0,0.0,0.0,0.0,0.0,0.0,0.0,0.0,0.0,0.0,0.0,0.0,0.0,0.0,0.0,363,,0,,,,,,,,
759,152,TE depth,,4973,Hayden Hurst,TE,FA,31,76,245,South Carolina,88,1993-08-24,7,False,Active,,,,,513,0.0,0.0,0.0,0.0,0.0,0.0,0.0,0.0,0.0,0.0,0.0,0.0,0.0,9.0,15.3,1.7,0.0,0.0,0.0,0.0,0.0,0.0,8.0,13.0,73.0,0.0,364,170.0,1,0,810,,,170.0,,,17
1891,365,TE bench,,12905,John Copenhaver,TE,FA,,75,240,North Carolina,,,1,False,Active,,,,,663,0.0,0.0,0.0,0.0,0.0,0.0,0.0,0.0,0.0,0.0,0.0,0.0,0.0,0.0,0.0,0.0,0.0,0.0,0.0,0.0,0.0,0.0,0.0,0.0,0.0,0.0,365,,0,,,,,,,,
1892,366,TE bench,,4535,Steven Wroblewski,TE,FA,29,79,265,Southern Utah,0,1992-11-20,5,False,Active,,,,,9999999,0.0,0.0,0.0,0.0,0.0,0.0,0.0,0.0,0.0,0.0,0.0,0.0,0.0,0.0,0.0,0.0,0.0,0.0,0.0,0.0,0.0,0.0,0.0,0.0,0.0,0.0,366,,0,,,,,,,,
1893,423,RB bench,,2382,Duke Johnson,RB,FA,29,69,210,Miami (FL),22,1993-09-23,8,False,Active,,,,,670,0.0,0.0,0.0,0.0,0.0,0.0,0.0,0.0,0.0,0.0,0.0,0.0,0.0,0.0,0.0,0.0,0.0,0.0,0.0,0.0,0.0,0.0,0.0,0.0,0.0,0.0,423,,0,,,,,,,,
1894,424,RB bench,,6878,Anthony McFarland,RB,FA,25,68,193,Maryland,16,1999-03-04,4,False,Active,,,,,280,0.0,0.0,0.0,0.0,0.0,0.0,0.0,0.0,0.0,0.0,0.0,0.0,0.0,0.0,0.0,0.0,0.0,0.0,0.0,0.0,0.0,0.0,0.0,0.0,0.0,0.0,424,,0,,,,,,,,
1895,425,RB bench,,7993,Trey Ragas,RB,FA,25,70,214,Louisiana,25,1996-11-07,1,False,Active,,,,,292,0.0,0.0,0.0,0.0,0.0,0.0,0.0,0.0,0.0,0.0,0.0,0.0,0.0,0.0,0.0,0.0,0.0,0.0,0.0,0.0,0.0,0.0,0.0,0.0,0.0,0.0,425,,0,,,,,,,,
1896,426,RB bench,,8184,D'Vonte Price,RB,FA,23,73,210,Florida International,27,1999-06-02,1,False,Inactive,,,,,9999999,0.0,0.0,0.0,0.0,0.0,0.0,0.0,0.0,0.0,0.0,0.0,0.0,0.0,0.0,0.0,0.0,0.0,0.0,0.0,0.0,0.0,0.0,0.0,0.0,0.0,0.0,426,,0,,,,,,,,
66,29,WR3,,13279,Carnell Tate,WR,TEN,21,74,192,Ohio State,14,2005-01-19,0,True,Active,,,1,WR1,61,0.0,0.0,0.0,0.0,0.0,0.0,0.0,0.0,0.0,0.0,0.0,0.0,0.0,0.0,0.0,0.0,0.0,0.0,0.0,0.0,0.0,0.0,0.0,0.0,0.0,0.0,763,72.7,2,20,66,,75.8,69.5,,,-728
1898,211,QB bench,,4665,Eli Jenkins,QB,FA,27,74,210,Jacksonville State,0,1994-08-07,5,False,Active,,,,,9999999,0.0,0.0,0.0,0.0,0.0,0.0,0.0,0.0,0.0,0.0,0.0,0.0,0.0,0.0,0.0,0.0,0.0,0.0,0.0,0.0,0.0,0.0,0.0,0.0,0.0,0.0,211,,0,,,,,,,,
1899,367,TE bench,,12070,McCallan Castles,TE,GB,26,76,244,Tennessee,47,1999-12-03,2,False,Active,,,5,TE5,999,0.0,0.0,0.0,0.0,0.0,0.0,0.0,0.0,0.0,0.0,0.0,0.0,0.0,0.0,0.0,0.0,0.0,0.0,0.0,0.0,0.0,0.0,0.0,0.0,0.0,0.0,367,,0,,,,,,,,
1900,764,WR bench,,4613,Shaq Hill,WR,FA,28,70,180,Eastern Washington,89,1993-05-12,5,False,Active,,,,,9999999,0.0,0.0,0.0,0.0,0.0,0.0,0.0,0.0,0.0,0.0,0.0,0.0,0.0,0.0,0.0,0.0,0.0,0.0,0.0,0.0,0.0,0.0,0.0,0.0,0.0,0.0,764,,0,,,,,,,,
1901,765,WR bench,,4367,Monty Madaris,WR,FA,28,73,207,Michigan State,0,1993-09-08,5,False,Active,,,,,9999999,0.0,0.0,0.0,0.0,0.0,0.0,0.0,0.0,0.0,0.0,0.0,0.0,0.0,0.0,0.0,0.0,0.0,0.0,0.0,0.0,0.0,0.0,0.0,0.0,0.0,0.0,765,,0,,,,,,,,
1902,766,WR bench,,6394,Romell Guerrier,WR,FA,,70,184,Florida Tech,0,,3,False,Inactive,,,,,9999999,0.0,0.0,0.0,0.0,0.0,0.0,0.0,0.0,0.0,0.0,0.0,0.0,0.0,0.0,0.0,0.0,0.0,0.0,0.0,0.0,0.0,0.0,0.0,0.0,0.0,0.0,766,,0,,,,,,,,
1903,427,RB bench,,3572,Andrew Bonnet,RB,FA,29,75,250,North Dakota State,40,1992-12-27,6,False,Active,,,,,9999999,0.0,0.0,0.0,0.0,0.0,0.0,0.0,0.0,0.0,0.0,0.0,0.0,0.0,0.0,0.0,0.0,0.0,0.0,0.0,0.0,0.0,0.0,0.0,0.0,0.0,0.0,427,,0,,,,,,,,
1904,368,TE bench,,7848,Scooter Harrington,TE,FA,24,77,250,Stanford,0,1997-09-23,1,False,Active,,,,,,0.0,0.0,0.0,0.0,0.0,0.0,0.0,0.0,0.0,0.0,0.0,0.0,0.0,0.0,0.0,0.0,0.0,0.0,0.0,0.0,0.0,0.0,0.0,0.0,0.0,0.0,368,,0,,,,,,,,
1905,369,TE bench,,12113,Thomas Yassmin,TE,GB,26,77,245,Utah,84,1999-10-21,2,False,Active,,,,,999,0.0,0.0,0.0,0.0,0.0,0.0,0.0,0.0,0.0,0.0,0.0,0.0,0.0,0.0,0.0,0.0,0.0,0.0,0.0,0.0,0.0,0.0,0.0,0.0,0.0,0.0,369,,0,,,,,,,,
760,161,RB depth,,5248,Gus Edwards,RB,FA,29,73,238,Rutgers,4,1995-04-13,7,False,Active,,,,,104,0.0,0.0,0.0,0.0,0.0,0.0,0.0,0.0,0.0,0.0,0.0,0.0,0.0,11.0,64.1,5.83,0.0,0.0,0.0,101.0,365.0,4.0,3.0,5.0,6.0,0.0,428,170.0,1,0,886,,,170.0,,,91
761,153,TE depth,,2755,Eric Tomlinson,TE,FA,32,78,263,UTEP,83,1992-04-22,10,False,Active,,,,,290,0.0,0.0,0.0,0.0,0.0,0.0,0.0,0.0,0.0,0.0,0.0,0.0,0.0,9.0,2.9,0.32,0.0,0.0,0.0,0.0,0.0,0.0,2.0,4.0,9.0,0.0,370,170.0,1,0,918,,,170.0,,,122
1186,228,TE depth,,3649,Michael Cooper,TE,FA,25,"6'5""",257,Indiana,49,1992-10-21,0,True,Inactive,,,,,9999999,0.0,0.0,0.0,0.0,0.0,0.0,0.0,0.0,0.0,0.0,0.0,0.0,0.0,0.0,0.0,0.0,0.0,0.0,0.0,0.0,0.0,0.0,0.0,0.0,0.0,0.0,371,,0,,,,,,,,
1909,372,TE bench,,7735,Cary Angeline,TE,FA,24,78,250,North Carolina State,0,1997-09-07,1,False,Active,,,,,,0.0,0.0,0.0,0.0,0.0,0.0,0.0,0.0,0.0,0.0,0.0,0.0,0.0,0.0,0.0,0.0,0.0,0.0,0.0,0.0,0.0,0.0,0.0,0.0,0.0,0.0,372,,0,,,,,,,,
1910,767,WR bench,,1273,Francis Owusu,WR,FA,27,75,219,Stanford,82,1994-12-27,5,False,Active,,,,,9999999,0.0,0.0,0.0,0.0,0.0,0.0,0.0,0.0,0.0,0.0,0.0,0.0,0.0,0.0,0.0,0.0,0.0,0.0,0.0,0.0,0.0,0.0,0.0,0.0,0.0,0.0,767,,0,,,,,,,,
762,162,RB depth,,13403,Jam Miller,RB,NE,,70,209,Alabama,30,,0,True,Active,,,4,RB4,999,0.0,0.0,0.0,0.0,0.0,0.0,0.0,0.0,0.0,0.0,0.0,0.0,0.0,0.0,0.0,0.0,0.0,0.0,0.0,0.0,0.0,0.0,0.0,0.0,0.0,0.0,429,170.0,1,0,494,,,170.0,,,-303
1912,768,WR bench,,2191,Marcus Lucas,WR,FA,29,76,250,Missouri,80,1992-03-01,8,False,Active,,,,,9999999,0.0,0.0,0.0,0.0,0.0,0.0,0.0,0.0,0.0,0.0,0.0,0.0,0.0,0.0,0.0,0.0,0.0,0.0,0.0,0.0,0.0,0.0,0.0,0.0,0.0,0.0,768,,0,,,,,,,,
1913,373,TE bench,,6493,Justin Johnson,TE,FA,25,75,245,Mississippi State,0,1996-11-08,3,False,Active,,,,,9999999,0.0,0.0,0.0,0.0,0.0,0.0,0.0,0.0,0.0,0.0,0.0,0.0,0.0,0.0,0.0,0.0,0.0,0.0,0.0,0.0,0.0,0.0,0.0,0.0,0.0,0.0,373,,0,,,,,,,,
1914,374,TE bench,,1592,Darren Fells,TE,TB,35,79,281,California-Irvine,88,1986-04-22,9,False,Active,,,,,9999999,0.0,0.0,0.0,0.0,0.0,0.0,0.0,0.0,0.0,0.0,0.0,0.0,0.0,0.0,0.0,0.0,0.0,0.0,0.0,0.0,0.0,0.0,0.0,0.0,0.0,0.0,374,,0,,,,,,,,
1187,229,TE depth,,6393,Elkanah Dillon,TE,FA,,,256,Oregon,85,,0,True,Inactive,,,,,9999999,0.0,0.0,0.0,0.0,0.0,0.0,0.0,0.0,0.0,0.0,0.0,0.0,0.0,0.0,0.0,0.0,0.0,0.0,0.0,0.0,0.0,0.0,0.0,0.0,0.0,0.0,375,,0,,,,,,,,
1916,430,RB bench,,3868,Jalen Richard,RB,LV,28,68,207,Southern Miss,30,1993-10-15,6,False,Active,,,,,637,0.0,0.0,0.0,0.0,0.0,0.0,0.0,0.0,0.0,0.0,0.0,0.0,0.0,0.0,0.0,0.0,0.0,0.0,0.0,0.0,0.0,0.0,0.0,0.0,0.0,0.0,430,,0,,,,,,,,
763,267,WR depth,,5323,Equanimeous St. Brown,WR,FA,28,77,214,Notre Dame,7,1996-09-30,7,False,Inactive,Questionable,,,,576,0.0,0.0,0.0,0.0,0.0,0.0,0.0,0.0,0.0,0.0,0.0,0.0,0.0,2.0,0.0,0.0,0.0,0.0,0.0,0.0,0.0,0.0,0.0,0.0,0.0,0.0,769,170.0,1,0,497,,,170.0,,,-301
764,154,TE depth,,13151,Nick Kallerup,TE,SEA,25,77,266,Minnesota,89,2001-03-27,1,False,Active,,,4,TE4,999,9.0,0.0,0.0,0.0,0.0,0.0,0.0,0.0,0.0,0.0,1.0,0.0,0.0,0.0,0.0,0.0,0.0,0.0,0.0,0.0,0.0,0.0,0.0,0.0,0.0,0.0,376,170.0,1,0,790,,,170.0,,,-9
1919,770,WR bench,,5166,Da'Mari Scott,WR,FA,26,73,210,Fresno State,18,1995-08-08,4,False,Inactive,,,,,1422,0.0,0.0,0.0,0.0,0.0,0.0,0.0,0.0,0.0,0.0,0.0,0.0,0.0,0.0,0.0,0.0,0.0,0.0,0.0,0.0,0.0,0.0,0.0,0.0,0.0,0.0,770,,0,,,,,,,,
21,12,RB1,,13287,Jeremiyah Love,RB,ARI,21,72,212,Notre Dame,4,2005-05-31,0,True,Active,,,1,RB1,15,0.0,0.0,0.0,0.0,0.0,0.0,0.0,0.0,0.0,0.0,0.0,0.0,0.0,0.0,0.0,0.0,0.0,0.0,0.0,0.0,0.0,0.0,0.0,0.0,0.0,0.0,431,22.3,2,8,20,,25.1,19.5,,,-780
1188,271,RB depth,,13946,Jamal Haynes,RB,CIN,23,67,195,Georgia Tech,24,2002-10-05,0,True,Active,,,4,RB4,9999999,0.0,0.0,0.0,0.0,0.0,0.0,0.0,0.0,0.0,0.0,0.0,0.0,0.0,0.0,0.0,0.0,0.0,0.0,0.0,0.0,0.0,0.0,0.0,0.0,0.0,0.0,432,,0,,,,,,,,
1922,377,TE bench,,6982,Cheyenne O'Grady,TE,FA,25,76,256,Arkansas,0,1996-09-20,1,False,Active,,,,,9999999,0.0,0.0,0.0,0.0,0.0,0.0,0.0,0.0,0.0,0.0,0.0,0.0,0.0,0.0,0.0,0.0,0.0,0.0,0.0,0.0,0.0,0.0,0.0,0.0,0.0,0.0,377,,0,,,,,,,,
1923,212,QB bench,,533,Colt McCoy,QB,FA,36,73,212,Texas,12,1986-09-05,13,False,Active,,,,,274,0.0,0.0,0.0,0.0,0.0,0.0,0.0,0.0,0.0,0.0,0.0,0.0,0.0,0.0,0.0,0.0,0.0,0.0,0.0,0.0,0.0,0.0,0.0,0.0,0.0,0.0,212,,0,,,,,,,,
1924,771,WR bench,,13212,Cade McDonald,WR,FA,24,70,196,Miami (OH),,2001-05-07,1,False,Active,,,,,674,0.0,0.0,0.0,0.0,0.0,0.0,0.0,0.0,0.0,0.0,0.0,0.0,0.0,0.0,0.0,0.0,0.0,0.0,0.0,0.0,0.0,0.0,0.0,0.0,0.0,0.0,771,,0,,,,,,,,
1925,772,WR bench,,4641,Keeon Johnson,WR,FA,27,74,211,Virginia,0,1994-12-31,5,False,Active,,,,,9999999,0.0,0.0,0.0,0.0,0.0,0.0,0.0,0.0,0.0,0.0,0.0,0.0,0.0,0.0,0.0,0.0,0.0,0.0,0.0,0.0,0.0,0.0,0.0,0.0,0.0,0.0,772,,0,,,,,,,,
1926,378,TE bench,,1388,Tyler Eifert,TE,FA,31,78,255,Notre Dame,88,1990-09-08,9,False,Inactive,,,,,339,0.0,0.0,0.0,0.0,0.0,0.0,0.0,0.0,0.0,0.0,0.0,0.0,0.0,0.0,0.0,0.0,0.0,0.0,0.0,0.0,0.0,0.0,0.0,0.0,0.0,0.0,378,,0,,,,,,,,
1927,773,WR bench,,344,Julian Edelman,WR,FA,35,70,200,Kent State,0,1986-05-22,13,False,Injured Reserve,,,,,92,0.0,0.0,0.0,0.0,0.0,0.0,0.0,0.0,0.0,0.0,0.0,0.0,0.0,0.0,0.0,0.0,0.0,0.0,0.0,0.0,0.0,0.0,0.0,0.0,0.0,0.0,773,,0,,,,,,,,
1189,146,QB depth,,13427,Diego Pavia,QB,FA,24,70,203,Vanderbilt,,2002-02-16,0,True,Active,,,,,9999999,0.0,0.0,0.0,0.0,0.0,0.0,0.0,0.0,0.0,0.0,0.0,0.0,0.0,0.0,0.0,0.0,0.0,0.0,0.0,0.0,0.0,0.0,0.0,0.0,0.0,0.0,213,,0,,,,,,,,
765,163,RB depth,,11654,Dante Miller,RB,NYG,27,69,200,South Carolina,25,1999-05-14,2,False,Active,,,6,RB6,9999999,0.0,0.0,0.0,0.0,0.0,0.0,0.0,0.0,0.0,0.0,0.0,0.0,0.0,2.0,0.0,0.0,0.0,0.0,0.0,0.0,0.0,0.0,0.0,0.0,0.0,0.0,433,170.0,1,0,768,,,170.0,,,-33
1930,774,WR bench,,4175,Chad Hansen,WR,FA,27,73,202,California,83,1995-01-18,5,False,Active,,,,,9999999,0.0,0.0,0.0,0.0,0.0,0.0,0.0,0.0,0.0,0.0,0.0,0.0,0.0,0.0,0.0,0.0,0.0,0.0,0.0,0.0,0.0,0.0,0.0,0.0,0.0,0.0,774,,0,,,,,,,,
1931,434,RB bench,,6108,Jacques Patrick,RB,FA,27,74,231,Florida State,31,1997-01-07,4,False,Active,,,,,9999999,0.0,0.0,0.0,0.0,0.0,0.0,0.0,0.0,0.0,0.0,0.0,0.0,0.0,0.0,0.0,0.0,0.0,0.0,0.0,0.0,0.0,0.0,0.0,0.0,0.0,0.0,434,,0,,,,,,,,
1190,147,QB depth,,13017,Hajj-Malik Williams,QB,FA,26,73,205,UNLV,,1999-11-25,0,True,Active,,,,,9999999,0.0,0.0,0.0,0.0,0.0,0.0,0.0,0.0,0.0,0.0,0.0,0.0,0.0,0.0,0.0,0.0,0.0,0.0,0.0,0.0,0.0,0.0,0.0,0.0,0.0,0.0,214,,0,,,,,,,,
1933,775,WR bench,,13256,Roderick Daniels,WR,FA,,69,186,SMU,,,1,False,Active,,,,,663,0.0,0.0,0.0,0.0,0.0,0.0,0.0,0.0,0.0,0.0,0.0,0.0,0.0,0.0,0.0,0.0,0.0,0.0,0.0,0.0,0.0,0.0,0.0,0.0,0.0,0.0,775,,0,,,,,,,,
1191,449,WR depth,,13830,Kyle Dixon,WR,NE,25,74,220,Culver-Stockton,83,2000-09-14,0,True,Active,,,,,9999999,0.0,0.0,0.0,0.0,0.0,0.0,0.0,0.0,0.0,0.0,0.0,0.0,0.0,0.0,0.0,0.0,0.0,0.0,0.0,0.0,0.0,0.0,0.0,0.0,0.0,0.0,776,,0,,,,,,,,
1935,777,WR bench,,4480,Bobo Wilson,WR,FA,26,69,186,Florida State,85,1995-01-25,5,False,Active,,,,,9999999,0.0,0.0,0.0,0.0,0.0,0.0,0.0,0.0,0.0,0.0,0.0,0.0,0.0,0.0,0.0,0.0,0.0,0.0,0.0,0.0,0.0,0.0,0.0,0.0,0.0,0.0,777,,0,,,,,,,,
1192,272,RB depth,,13923,Joshua Pitsenberger,RB,HOU,,72,215,Yale,31,,0,True,Active,,,,,9999999,0.0,0.0,0.0,0.0,0.0,0.0,0.0,0.0,0.0,0.0,0.0,0.0,0.0,0.0,0.0,0.0,0.0,0.0,0.0,0.0,0.0,0.0,0.0,0.0,0.0,0.0,435,,0,,,,,,,,
1937,436,RB bench,,6115,Wes Hills,RB,FA,26,72,218,Slippery Rock,36,1995-06-05,3,False,Inactive,,,,,1551,0.0,0.0,0.0,0.0,0.0,0.0,0.0,0.0,0.0,0.0,0.0,0.0,0.0,0.0,0.0,0.0,0.0,0.0,0.0,0.0,0.0,0.0,0.0,0.0,0.0,0.0,436,,0,,,,,,,,
766,268,WR depth,,6234,Deonte Harty,WR,FA,27,66,170,Assumption,3,1997-12-04,6,False,Active,Questionable,,,,694,0.0,0.0,0.0,0.0,0.0,0.0,0.0,0.0,0.0,0.0,0.0,0.0,0.0,5.0,0.0,0.0,0.0,0.0,0.0,0.0,0.0,0.0,0.0,0.0,0.0,0.0,778,170.0,1,0,822,,,170.0,,,20
1193,148,QB depth,,8156,Player Invalid,QB,FA,,,,,,,0,True,Inactive,,,,,,0.0,0.0,0.0,0.0,0.0,0.0,0.0,0.0,0.0,0.0,0.0,0.0,0.0,0.0,0.0,0.0,0.0,0.0,0.0,0.0,0.0,0.0,0.0,0.0,0.0,0.0,215,,0,,,,,,,,
1940,779,WR bench,,2918,Demetrius Wilson,WR,FA,33,75,198,Arkansas,0,1991-05-01,10,False,Active,,,,,9999999,0.0,0.0,0.0,0.0,0.0,0.0,0.0,0.0,0.0,0.0,0.0,0.0,0.0,0.0,0.0,0.0,0.0,0.0,0.0,0.0,0.0,0.0,0.0,0.0,0.0,0.0,779,,0,,,,,,,,
1941,780,WR bench,,2573,DaVaris Daniels,WR,FA,32,73,201,Notre Dame,0,1992-12-18,10,False,Active,,,,,9999999,0.0,0.0,0.0,0.0,0.0,0.0,0.0,0.0,0.0,0.0,0.0,0.0,0.0,0.0,0.0,0.0,0.0,0.0,0.0,0.0,0.0,0.0,0.0,0.0,0.0,0.0,780,,0,,,,,,,,
348,44,QB depth,,11292,Tommy DeVito,QB,NE,27,74,210,Illinois,16,1998-08-07,3,False,Active,,,2,QB2,999,0.0,0.0,0.0,0.0,0.0,0.0,0.0,0.0,0.0,0.0,0.0,0.0,0.0,3.0,13.48,4.49,257.0,0.0,0.0,8.0,32.0,0.0,0.0,0.0,0.0,0.0,216,169.9,1,0,257,,,169.9,,,-546
1943,379,TE bench,,8433,Cade Brewer,TE,FA,24,74,238,Texas,0,1998-10-09,1,False,Active,,,,,9999999,0.0,0.0,0.0,0.0,0.0,0.0,0.0,0.0,0.0,0.0,0.0,0.0,0.0,0.0,0.0,0.0,0.0,0.0,0.0,0.0,0.0,0.0,0.0,0.0,0.0,0.0,379,,0,,,,,,,,
1944,781,WR bench,,8595,Kyric McGowan,WR,FA,24,71,198,Georgia Tech,87,1999-11-01,2,False,Active,,,,,577,0.0,0.0,0.0,0.0,0.0,0.0,0.0,0.0,0.0,0.0,0.0,0.0,0.0,0.0,0.0,0.0,0.0,0.0,0.0,0.0,0.0,0.0,0.0,0.0,0.0,0.0,781,,0,,,,,,,,
1945,380,TE bench,,3894,Garrett Griffin,TE,FA,29,76,246,Air Force,86,1994-03-04,7,False,Active,,,,,9999999,0.0,0.0,0.0,0.0,0.0,0.0,0.0,0.0,0.0,0.0,0.0,0.0,0.0,0.0,0.0,0.0,0.0,0.0,0.0,0.0,0.0,0.0,0.0,0.0,0.0,0.0,380,,0,,,,,,,,
349,45,QB depth,,12511,Will Howard,QB,PIT,24,76,235,Ohio State,18,2001-09-24,1,False,Active,,,4,QB4,372,0.0,0.0,0.0,0.0,0.0,0.0,0.0,0.0,0.0,0.0,0.0,0.0,0.0,0.0,0.0,0.0,0.0,0.0,0.0,0.0,0.0,0.0,0.0,0.0,0.0,0.0,217,169.9,1,0,283,,,169.9,,,-521
767,269,WR depth,,11554,Chase Cota,WR,FA,24,76,200,Oregon,13,1999-11-09,1,False,Active,,,,,9999999,0.0,0.0,0.0,0.0,0.0,0.0,0.0,0.0,0.0,0.0,0.0,0.0,0.0,0.0,0.0,0.0,0.0,0.0,0.0,0.0,0.0,0.0,0.0,0.0,0.0,0.0,782,170.0,1,0,708,,,170.0,,,-97
1948,783,WR bench,,7540,Amari Rodgers,WR,FA,24,69,212,Clemson,3,1999-09-23,2,False,Active,,,,,9999999,0.0,0.0,0.0,0.0,0.0,0.0,0.0,0.0,0.0,0.0,0.0,0.0,0.0,0.0,0.0,0.0,0.0,0.0,0.0,0.0,0.0,0.0,0.0,0.0,0.0,0.0,783,,0,,,,,,,,
1194,273,RB depth,,13937,Jackson Acker,RB,BUF,23,73,247,Wisconsin,40,2002-11-15,0,True,Active,,,,,9999999,0.0,0.0,0.0,0.0,0.0,0.0,0.0,0.0,0.0,0.0,0.0,0.0,0.0,0.0,0.0,0.0,0.0,0.0,0.0,0.0,0.0,0.0,0.0,0.0,0.0,0.0,437,,0,,,,,,,,
768,270,WR depth,,8118,David Bell,WR,FA,24,73,212,Purdue,18,2000-12-14,3,False,Active,,,,,303,0.0,0.0,0.0,0.0,0.0,0.0,0.0,0.0,0.0,0.0,0.0,0.0,0.0,1.0,5.7,5.7,0.0,0.0,0.0,0.0,0.0,0.0,3.0,3.0,27.0,0.0,784,170.0,1,0,844,,,170.0,,,38
1195,230,TE depth,,13355,DJ Rogers,TE,DAL,24,76,245,TCU,49,2001-10-10,0,True,Active,,,,,999,0.0,0.0,0.0,0.0,0.0,0.0,0.0,0.0,0.0,0.0,0.0,0.0,0.0,0.0,0.0,0.0,0.0,0.0,0.0,0.0,0.0,0.0,0.0,0.0,0.0,0.0,381,,0,,,,,,,,
1196,274,RB depth,,8426,Player Invalid,RB,FA,,,,,,,0,True,Inactive,,,,,,0.0,0.0,0.0,0.0,0.0,0.0,0.0,0.0,0.0,0.0,0.0,0.0,0.0,0.0,0.0,0.0,0.0,0.0,0.0,0.0,0.0,0.0,0.0,0.0,0.0,0.0,438,,0,,,,,,,,
1953,382,TE bench,,4864,Jevoni Robinson,TE,FA,29,80,225,Barry,81,1992-11-16,5,False,Inactive,,,,,9999999,0.0,0.0,0.0,0.0,0.0,0.0,0.0,0.0,0.0,0.0,0.0,0.0,0.0,0.0,0.0,0.0,0.0,0.0,0.0,0.0,0.0,0.0,0.0,0.0,0.0,0.0,382,,0,,,,,,,,
1954,439,RB bench,,2632,Desmond Martin,RB,FA,32,72,221,Wayne State (MI),0,1992-03-20,10,False,Active,,,,,9999999,0.0,0.0,0.0,0.0,0.0,0.0,0.0,0.0,0.0,0.0,0.0,0.0,0.0,0.0,0.0,0.0,0.0,0.0,0.0,0.0,0.0,0.0,0.0,0.0,0.0,0.0,439,,0,,,,,,,,
1955,218,QB bench,,3343,Nate Sudfeld,QB,FA,31,78,230,Indiana,4,1993-10-07,9,False,Active,,,,,468,0.0,0.0,0.0,0.0,0.0,0.0,0.0,0.0,0.0,0.0,0.0,0.0,0.0,0.0,0.0,0.0,0.0,0.0,0.0,0.0,0.0,0.0,0.0,0.0,0.0,0.0,218,,0,,,,,,,,
1956,785,WR bench,,6165,Antoine Wesley,WR,FA,25,76,206,Texas Tech,88,1997-10-22,4,False,Active,,,,,9999999,0.0,0.0,0.0,0.0,0.0,0.0,0.0,0.0,0.0,0.0,0.0,0.0,0.0,0.0,0.0,0.0,0.0,0.0,0.0,0.0,0.0,0.0,0.0,0.0,0.0,0.0,785,,0,,,,,,,,
1957,383,TE bench,,8769,Josh Bist,TE,FA,,74,240,Colorado Mesa,0,,1,False,Active,,,,,9999999,0.0,0.0,0.0,0.0,0.0,0.0,0.0,0.0,0.0,0.0,0.0,0.0,0.0,0.0,0.0,0.0,0.0,0.0,0.0,0.0,0.0,0.0,0.0,0.0,0.0,0.0,383,,0,,,,,,,,
1958,440,RB bench,,11123,Tyler Hoosman,RB,FA,24,71,214,North Dakota,44,1999-05-07,1,False,Active,,,,,9999999,0.0,0.0,0.0,0.0,0.0,0.0,0.0,0.0,0.0,0.0,0.0,0.0,0.0,0.0,0.0,0.0,0.0,0.0,0.0,0.0,0.0,0.0,0.0,0.0,0.0,0.0,440,,0,,,,,,,,
1197,64,K depth,,13211,John Hoyland,K,FA,,70,201,Wyoming,,,0,True,Active,,,,K1,552,0.0,0.0,0.0,0.0,0.0,0.0,0.0,0.0,0.0,0.0,0.0,0.0,0.0,0.0,0.0,0.0,0.0,0.0,0.0,0.0,0.0,0.0,0.0,0.0,0.0,0.0,101,,0,,,,,,,,
769,271,WR depth,,12478,Nick Nash,WR,WAS,26,75,195,San Jose State,19,2000-08-02,1,False,Active,,,9,WR9,999,0.0,0.0,0.0,0.0,0.0,0.0,0.0,0.0,0.0,0.0,0.0,0.0,0.0,0.0,0.0,0.0,0.0,0.0,0.0,0.0,0.0,0.0,0.0,0.0,0.0,0.0,786,170.0,1,0,780,,,170.0,,,-27
1961,787,WR bench,,7578,Myron Mitchell,WR,FA,24,73,185,UAB,87,1998-06-17,1,False,Active,,,,,529,0.0,0.0,0.0,0.0,0.0,0.0,0.0,0.0,0.0,0.0,0.0,0.0,0.0,0.0,0.0,0.0,0.0,0.0,0.0,0.0,0.0,0.0,0.0,0.0,0.0,0.0,787,,0,,,,,,,,
1962,788,WR bench,,7548,Tyler Vaughns,WR,FA,25,74,184,USC,80,1997-06-01,1,False,Active,,,,,579,0.0,0.0,0.0,0.0,0.0,0.0,0.0,0.0,0.0,0.0,0.0,0.0,0.0,0.0,0.0,0.0,0.0,0.0,0.0,0.0,0.0,0.0,0.0,0.0,0.0,0.0,788,,0,,,,,,,,
1198,450,WR depth,,13859,Jalen Walthall,WR,NYJ,23,72,191,Incarnate Word,39,2002-10-14,0,True,Inactive,IR,,,,9999999,0.0,0.0,0.0,0.0,0.0,0.0,0.0,0.0,0.0,0.0,0.0,0.0,0.0,0.0,0.0,0.0,0.0,0.0,0.0,0.0,0.0,0.0,0.0,0.0,0.0,0.0,789,,0,,,,,,,,
1964,102,K bench,,12548,Lenny Krieg,K,FA,23,73,210,,18,2002-08-05,4,False,Active,,,,K1,9999999,0.0,0.0,0.0,0.0,0.0,0.0,0.0,0.0,0.0,0.0,0.0,0.0,0.0,0.0,0.0,0.0,0.0,0.0,0.0,0.0,0.0,0.0,0.0,0.0,0.0,0.0,102,,0,,,,,,,,
1965,441,RB bench,,4373,Stanley Williams,RB,FA,26,69,195,Kentucky,30,1995-09-30,5,False,Active,,,,,9999999,0.0,0.0,0.0,0.0,0.0,0.0,0.0,0.0,0.0,0.0,0.0,0.0,0.0,0.0,0.0,0.0,0.0,0.0,0.0,0.0,0.0,0.0,0.0,0.0,0.0,0.0,441,,0,,,,,,,,
1966,790,WR bench,,3475,Keyarris Garrett,WR,FA,29,75,215,Tulsa,0,1992-09-26,6,False,Active,,,,,9999999,0.0,0.0,0.0,0.0,0.0,0.0,0.0,0.0,0.0,0.0,0.0,0.0,0.0,0.0,0.0,0.0,0.0,0.0,0.0,0.0,0.0,0.0,0.0,0.0,0.0,0.0,790,,0,,,,,,,,
1967,791,WR bench,,6049,Tyre Brady,WR,FA,26,75,211,Marshall,19,1995-04-19,3,False,Active,,,,,9999999,0.0,0.0,0.0,0.0,0.0,0.0,0.0,0.0,0.0,0.0,0.0,0.0,0.0,0.0,0.0,0.0,0.0,0.0,0.0,0.0,0.0,0.0,0.0,0.0,0.0,0.0,791,,0,,,,,,,,
1968,219,QB bench,,8212,Dustin Crum,QB,FA,24,73,210,Kent State,0,1999-01-05,1,False,Active,,,,,293,0.0,0.0,0.0,0.0,0.0,0.0,0.0,0.0,0.0,0.0,0.0,0.0,0.0,0.0,0.0,0.0,0.0,0.0,0.0,0.0,0.0,0.0,0.0,0.0,0.0,0.0,219,,0,,,,,,,,
1969,792,WR bench,,4699,Kevin Snead,WR,FA,30,72,190,Carson-Newman,0,1991-11-22,5,False,Active,,,,,9999999,0.0,0.0,0.0,0.0,0.0,0.0,0.0,0.0,0.0,0.0,0.0,0.0,0.0,0.0,0.0,0.0,0.0,0.0,0.0,0.0,0.0,0.0,0.0,0.0,0.0,0.0,792,,0,,,,,,,,
1199,451,WR depth,,12966,Moose Muhammad,WR,FA,24,73,195,Texas A&M,,2001-05-05,0,True,Active,,,,,351,0.0,0.0,0.0,0.0,0.0,0.0,0.0,0.0,0.0,0.0,0.0,0.0,0.0,0.0,0.0,0.0,0.0,0.0,0.0,0.0,0.0,0.0,0.0,0.0,0.0,0.0,793,,0,,,,,,,,
1971,794,WR bench,,2238,John Brown,WR,FA,32,71,178,Pittsburg State,16,1990-04-03,9,False,Active,,,,,9999999,0.0,0.0,0.0,0.0,0.0,0.0,0.0,0.0,0.0,0.0,0.0,0.0,0.0,0.0,0.0,0.0,0.0,0.0,0.0,0.0,0.0,0.0,0.0,0.0,0.0,0.0,794,,0,,,,,,,,
1972,220,QB bench,,6954,Cole McDonald,QB,FA,23,76,220,Hawaii,9,1998-05-21,2,False,Inactive,,,,,1790,0.0,0.0,0.0,0.0,0.0,0.0,0.0,0.0,0.0,0.0,0.0,0.0,0.0,0.0,0.0,0.0,0.0,0.0,0.0,0.0,0.0,0.0,0.0,0.0,0.0,0.0,220,,0,,,,,,,,
770,272,WR depth,,1992,Allen Robinson,WR,FA,31,74,210,Penn State,8,1993-08-24,11,False,Active,,,,,518,0.0,0.0,0.0,0.0,0.0,0.0,0.0,0.0,0.0,0.0,0.0,0.0,0.0,12.0,6.0,0.5,0.0,0.0,0.0,0.0,0.0,0.0,3.0,7.0,30.0,0.0,795,170.0,1,0,944,,,170.0,,,136
771,102,QB depth,,2028,Derek Carr,QB,FA,34,75,215,Fresno State,4,1991-03-28,11,False,Active,NA,,,,201,0.0,0.0,0.0,0.0,0.0,0.0,0.0,0.0,0.0,0.0,0.0,0.0,0.0,10.0,155.9,15.59,2145.0,15.0,5.0,17.0,71.0,1.0,0.0,0.0,0.0,0.0,221,170.0,1,0,818,,,170.0,,,9
1975,796,WR bench,,12168,Zach Mathis,WR,FA,24,79,203,North Dakota State,,2000-02-29,1,False,Active,,,,,300,0.0,0.0,0.0,0.0,0.0,0.0,0.0,0.0,0.0,0.0,0.0,0.0,0.0,0.0,0.0,0.0,0.0,0.0,0.0,0.0,0.0,0.0,0.0,0.0,0.0,0.0,796,,0,,,,,,,,
1200,452,WR depth,,13113,Dante Wright,WR,FA,,69,180,Temple,,,0,True,Inactive,,,,,9999999,0.0,0.0,0.0,0.0,0.0,0.0,0.0,0.0,0.0,0.0,0.0,0.0,0.0,0.0,0.0,0.0,0.0,0.0,0.0,0.0,0.0,0.0,0.0,0.0,0.0,0.0,797,,0,,,,,,,,
1977,798,WR bench,,8438,Corey Sutton,WR,FA,25,75,205,Appalachian State,0,1997-10-30,1,False,Injured Reserve,,,,,395,0.0,0.0,0.0,0.0,0.0,0.0,0.0,0.0,0.0,0.0,0.0,0.0,0.0,0.0,0.0,0.0,0.0,0.0,0.0,0.0,0.0,0.0,0.0,0.0,0.0,0.0,798,,0,,,,,,,,
1978,799,WR bench,,13001,Mario Williams,WR,LAR,23,69,178,Tulane,14,2003-01-21,1,False,Active,,,,,9999999,0.0,0.0,0.0,0.0,0.0,0.0,0.0,0.0,0.0,0.0,0.0,0.0,0.0,0.0,0.0,0.0,0.0,0.0,0.0,0.0,0.0,0.0,0.0,0.0,0.0,0.0,799,,0,,,,,,,,
1979,442,RB bench,,6021,Nick Brossette,RB,FA,25,72,212,Louisiana State,0,1996-03-02,3,False,Active,,,,,9999999,0.0,0.0,0.0,0.0,0.0,0.0,0.0,0.0,0.0,0.0,0.0,0.0,0.0,0.0,0.0,0.0,0.0,0.0,0.0,0.0,0.0,0.0,0.0,0.0,0.0,0.0,442,,0,,,,,,,,
772,164,RB depth,,9512,DeWayne McBride,RB,FA,23,70,209,UAB,27,2001-07-08,1,False,Active,,,,,619,0.0,0.0,0.0,0.0,0.0,0.0,0.0,0.0,0.0,0.0,0.0,0.0,0.0,0.0,0.0,0.0,0.0,0.0,0.0,0.0,0.0,0.0,0.0,0.0,0.0,0.0,443,170.0,1,0,427,,,170.0,,,-383
1981,800,WR bench,,8435,Kwamie Lassiter,WR,FA,26,71,185,Kansas,18,1998-01-21,2,False,Active,,,,,571,0.0,0.0,0.0,0.0,0.0,0.0,0.0,0.0,0.0,0.0,0.0,0.0,0.0,0.0,0.0,0.0,0.0,0.0,0.0,0.0,0.0,0.0,0.0,0.0,0.0,0.0,800,,0,,,,,,,,
1982,801,WR bench,,4358,Austin Duke,WR,FA,28,69,161,North Carolina-Charlotte,8,1993-08-03,5,False,Active,,,,,9999999,0.0,0.0,0.0,0.0,0.0,0.0,0.0,0.0,0.0,0.0,0.0,0.0,0.0,0.0,0.0,0.0,0.0,0.0,0.0,0.0,0.0,0.0,0.0,0.0,0.0,0.0,801,,0,,,,,,,,
1983,802,WR bench,,12757,Hal Presley,WR,FA,24,75,210,Baylor,11,2002-01-22,1,False,Active,,,,,9999999,0.0,0.0,0.0,0.0,0.0,0.0,0.0,0.0,0.0,0.0,0.0,0.0,0.0,0.0,0.0,0.0,0.0,0.0,0.0,0.0,0.0,0.0,0.0,0.0,0.0,0.0,802,,0,,,,,,,,
1201,453,WR depth,,13850,Octavian Smith,WR,BAL,23,71,184,Maryland,87,2003-05-12,0,True,Active,,,,,9999999,0.0,0.0,0.0,0.0,0.0,0.0,0.0,0.0,0.0,0.0,0.0,0.0,0.0,0.0,0.0,0.0,0.0,0.0,0.0,0.0,0.0,0.0,0.0,0.0,0.0,0.0,803,,0,,,,,,,,
1202,454,WR depth,,13825,Malik McClain,WR,NYJ,,76,195,Arizona State,84,,0,True,Active,,,,,9999999,0.0,0.0,0.0,0.0,0.0,0.0,0.0,0.0,0.0,0.0,0.0,0.0,0.0,0.0,0.0,0.0,0.0,0.0,0.0,0.0,0.0,0.0,0.0,0.0,0.0,0.0,804,,0,,,,,,,,
1986,222,QB bench,,6723,Vincent Testaverde,QB,FA,25,73,211,Albany,0,1996-07-20,3,False,Active,,,,,9999999,0.0,0.0,0.0,0.0,0.0,0.0,0.0,0.0,0.0,0.0,0.0,0.0,0.0,0.0,0.0,0.0,0.0,0.0,0.0,0.0,0.0,0.0,0.0,0.0,0.0,0.0,222,,0,,,,,,,,
1987,444,RB bench,,12983,Brock Lampe,RB,FA,23,73,249,Northern Illinois,46,2003-03-31,1,False,Active,,,,,999,0.0,0.0,0.0,0.0,0.0,0.0,0.0,0.0,0.0,0.0,0.0,0.0,0.0,0.0,0.0,0.0,0.0,0.0,0.0,0.0,0.0,0.0,0.0,0.0,0.0,0.0,444,,0,,,,,,,,
1988,805,WR bench,,1854,Quincy Enunwa,WR,FA,29,74,225,Nebraska,81,1992-05-31,8,False,Active,,,,,774,0.0,0.0,0.0,0.0,0.0,0.0,0.0,0.0,0.0,0.0,0.0,0.0,0.0,0.0,0.0,0.0,0.0,0.0,0.0,0.0,0.0,0.0,0.0,0.0,0.0,0.0,805,,0,,,,,,,,
1989,384,TE bench,,7980,John Raine,TE,FA,25,73,230,Northwestern,41,1998-03-27,2,False,Active,,,,,388,0.0,0.0,0.0,0.0,0.0,0.0,0.0,0.0,0.0,0.0,0.0,0.0,0.0,0.0,0.0,0.0,0.0,0.0,0.0,0.0,0.0,0.0,0.0,0.0,0.0,0.0,384,,0,,,,,,,,
1990,223,QB bench,,11169,Dresser Winn,QB,FA,26,75,215,Tennessee-Martin,4,1998-11-11,2,False,Active,,,,,683,0.0,0.0,0.0,0.0,0.0,0.0,0.0,0.0,0.0,0.0,0.0,0.0,0.0,0.0,0.0,0.0,0.0,0.0,0.0,0.0,0.0,0.0,0.0,0.0,0.0,0.0,223,,0,,,,,,,,
1991,445,RB bench,,8246,Bryant Koback,RB,FA,26,72,210,Toledo,40,1998-04-06,2,False,Inactive,,,,,619,0.0,0.0,0.0,0.0,0.0,0.0,0.0,0.0,0.0,0.0,0.0,0.0,0.0,0.0,0.0,0.0,0.0,0.0,0.0,0.0,0.0,0.0,0.0,0.0,0.0,0.0,445,,0,,,,,,,,
1992,103,K bench,,12824,Maddux Trujillo,K,FA,23,73,170,Temple,48,2003-04-12,1,False,Active,,,,K1,999,0.0,0.0,0.0,0.0,0.0,0.0,0.0,0.0,0.0,0.0,0.0,0.0,0.0,0.0,0.0,0.0,0.0,0.0,0.0,0.0,0.0,0.0,0.0,0.0,0.0,0.0,103,,0,,,,,,,,
773,273,WR depth,,6598,Trenton Irwin,WR,SF,30,74,204,Stanford,82,1995-12-10,7,False,Active,,,9,WR9,999,0.0,0.0,0.0,0.0,0.0,0.0,0.0,0.0,0.0,0.0,0.0,0.0,0.0,7.0,4.5,0.64,0.0,0.0,0.0,0.0,0.0,0.0,3.0,10.0,15.0,0.0,806,170.0,1,0,823,,,170.0,,,12
1994,807,WR bench,,12090,Corey Crooms,WR,FA,23,71,180,Minnesota,,2001-04-17,1,False,Active,,,,,454,0.0,0.0,0.0,0.0,0.0,0.0,0.0,0.0,0.0,0.0,0.0,0.0,0.0,0.0,0.0,0.0,0.0,0.0,0.0,0.0,0.0,0.0,0.0,0.0,0.0,0.0,807,,0,,,,,,,,
1203,455,WR depth,,13662,Will Pauling,WR,SF,23,69,183,Notre Dame,4,2003-03-04,0,True,Active,,,,,9999999,0.0,0.0,0.0,0.0,0.0,0.0,0.0,0.0,0.0,0.0,0.0,0.0,0.0,0.0,0.0,0.0,0.0,0.0,0.0,0.0,0.0,0.0,0.0,0.0,0.0,0.0,808,,0,,,,,,,,
1996,446,RB bench,,7101,Rodney Smith,RB,FA,25,71,210,Minnesota,0,1996-02-28,2,False,Active,,,,,420,0.0,0.0,0.0,0.0,0.0,0.0,0.0,0.0,0.0,0.0,0.0,0.0,0.0,0.0,0.0,0.0,0.0,0.0,0.0,0.0,0.0,0.0,0.0,0.0,0.0,0.0,446,,0,,,,,,,,
774,155,TE depth,,12715,Thomas Fidone,TE,NYG,23,78,255,Nebraska,86,2002-09-20,1,False,Active,,,4,TE4,999,7.0,0.0,0.0,0.0,0.0,0.0,0.0,0.0,0.0,0.0,0.0,0.0,0.0,0.0,0.0,0.0,0.0,0.0,0.0,0.0,0.0,0.0,0.0,0.0,0.0,0.0,385,170.0,1,0,649,,,170.0,,,-163
1998,386,TE bench,,4650,Billy Brown,TE,FA,28,76,238,Shepherd,48,1993-03-20,5,False,Active,,,,,9999999,0.0,0.0,0.0,0.0,0.0,0.0,0.0,0.0,0.0,0.0,0.0,0.0,0.0,0.0,0.0,0.0,0.0,0.0,0.0,0.0,0.0,0.0,0.0,0.0,0.0,0.0,386,,0,,,,,,,,
1204,275,RB depth,,13328,Anthony Hankerson,RB,MIA,22,68,204,Oregon State,30,2004-02-03,0,True,Active,,,,,999,0.0,0.0,0.0,0.0,0.0,0.0,0.0,0.0,0.0,0.0,0.0,0.0,0.0,0.0,0.0,0.0,0.0,0.0,0.0,0.0,0.0,0.0,0.0,0.0,0.0,0.0,447,,0,,,,,,,,
350,46,QB depth,,10857,Stetson Bennett,QB,LAR,28,71,192,Georgia,13,1997-10-28,3,False,Active,,,3,QB3,9999999,0.0,0.0,0.0,0.0,0.0,0.0,0.0,0.0,0.0,0.0,0.0,0.0,0.0,0.0,0.0,0.0,0.0,0.0,0.0,0.0,0.0,0.0,0.0,0.0,0.0,0.0,224,169.9,1,0,321,,,169.9,,,-492
2001,809,WR bench,,2733,Kasey Closs,WR,FA,32,75,205,Portland State,3,1992-04-07,10,False,Active,,,,,9999999,0.0,0.0,0.0,0.0,0.0,0.0,0.0,0.0,0.0,0.0,0.0,0.0,0.0,0.0,0.0,0.0,0.0,0.0,0.0,0.0,0.0,0.0,0.0,0.0,0.0,0.0,809,,0,,,,,,,,
2002,104,K bench,,12312,Noah Rauschenberg,K,FA,,72,198,North Texas,,,1,False,Active,,,,K1,9999999,0.0,0.0,0.0,0.0,0.0,0.0,0.0,0.0,0.0,0.0,0.0,0.0,0.0,0.0,0.0,0.0,0.0,0.0,0.0,0.0,0.0,0.0,0.0,0.0,0.0,0.0,104,,0,,,,,,,,
2003,810,WR bench,,8624,Changa Hodge,WR,FA,24,73,200,Virginia Tech,0,1998-05-24,1,False,Active,,,,,9999999,0.0,0.0,0.0,0.0,0.0,0.0,0.0,0.0,0.0,0.0,0.0,0.0,0.0,0.0,0.0,0.0,0.0,0.0,0.0,0.0,0.0,0.0,0.0,0.0,0.0,0.0,810,,0,,,,,,,,
2004,811,WR bench,,7915,Landen Akers,WR,FA,25,72,191,Iowa State,84,1997-07-07,1,False,Active,,,,,9999999,0.0,0.0,0.0,0.0,0.0,0.0,0.0,0.0,0.0,0.0,0.0,0.0,0.0,0.0,0.0,0.0,0.0,0.0,0.0,0.0,0.0,0.0,0.0,0.0,0.0,0.0,811,,0,,,,,,,,
2005,387,TE bench,,11543,Lachlan Pitts,TE,FA,,78,255,William & Mary,81,,1,False,Active,,,,,413,0.0,0.0,0.0,0.0,0.0,0.0,0.0,0.0,0.0,0.0,0.0,0.0,0.0,0.0,0.0,0.0,0.0,0.0,0.0,0.0,0.0,0.0,0.0,0.0,0.0,0.0,387,,0,,,,,,,,
2006,812,WR bench,,13139,Taylor Morin,WR,FA,,71,185,Wake Forest,,,1,False,Active,,,,,513,0.0,0.0,0.0,0.0,0.0,0.0,0.0,0.0,0.0,0.0,0.0,0.0,0.0,0.0,0.0,0.0,0.0,0.0,0.0,0.0,0.0,0.0,0.0,0.0,0.0,0.0,812,,0,,,,,,,,
2007,448,RB bench,,8153,Isaiah Spiller,RB,FA,23,73,215,Texas A&M,35,2001-08-09,3,False,Active,,,,,9999999,0.0,0.0,0.0,0.0,0.0,0.0,0.0,0.0,0.0,0.0,0.0,0.0,0.0,0.0,0.0,0.0,0.0,0.0,0.0,0.0,0.0,0.0,0.0,0.0,0.0,0.0,448,,0,,,,,,,,
2008,388,TE bench,,7308,Nick Bowers,TE,FA,28,76,260,Penn State,88,1996-05-26,4,False,Active,,,,,355,0.0,0.0,0.0,0.0,0.0,0.0,0.0,0.0,0.0,0.0,0.0,0.0,0.0,0.0,0.0,0.0,0.0,0.0,0.0,0.0,0.0,0.0,0.0,0.0,0.0,0.0,388,,0,,,,,,,,
2009,449,RB bench,,5107,Jaylen Samuels,RB,FA,25,72,225,North Carolina State,27,1996-07-20,4,False,Active,,,,,9999999,0.0,0.0,0.0,0.0,0.0,0.0,0.0,0.0,0.0,0.0,0.0,0.0,0.0,0.0,0.0,0.0,0.0,0.0,0.0,0.0,0.0,0.0,0.0,0.0,0.0,0.0,449,,0,,,,,,,,
1205,231,TE depth,,13888,DeShawn Hanika,TE,FA,,78,245,,,,0,True,Active,,,,,9999999,0.0,0.0,0.0,0.0,0.0,0.0,0.0,0.0,0.0,0.0,0.0,0.0,0.0,0.0,0.0,0.0,0.0,0.0,0.0,0.0,0.0,0.0,0.0,0.0,0.0,0.0,389,,0,,,,,,,,
2011,225,QB bench,,11216,Holton Ahlers,QB,FA,23,75,227,East Carolina,15,1999-11-10,1,False,Active,,,,,312,0.0,0.0,0.0,0.0,0.0,0.0,0.0,0.0,0.0,0.0,0.0,0.0,0.0,0.0,0.0,0.0,0.0,0.0,0.0,0.0,0.0,0.0,0.0,0.0,0.0,0.0,225,,0,,,,,,,,
1206,232,TE depth,,5287,Brian Bridgewater,TE,FA,,"6'5""",282,None,85,,0,True,Inactive,,,,,9999999,0.0,0.0,0.0,0.0,0.0,0.0,0.0,0.0,0.0,0.0,0.0,0.0,0.0,0.0,0.0,0.0,0.0,0.0,0.0,0.0,0.0,0.0,0.0,0.0,0.0,0.0,390,,0,,,,,,,,
2013,813,WR bench,,4301,Josh Magee,WR,FA,30,71,175,South Alabama,7,1991-10-01,5,False,Inactive,,,,,9999999,0.0,0.0,0.0,0.0,0.0,0.0,0.0,0.0,0.0,0.0,0.0,0.0,0.0,0.0,0.0,0.0,0.0,0.0,0.0,0.0,0.0,0.0,0.0,0.0,0.0,0.0,813,,0,,,,,,,,
775,103,QB depth,,6037,Brett Rypien,QB,FA,29,74,210,Boise State,14,1996-07-09,7,False,Active,,,,,661,1.0,0.0,0.0,0.0,0.0,0.0,0.0,0.0,0.0,0.0,0.0,0.0,0.0,0.0,0.0,0.0,0.0,0.0,0.0,0.0,0.0,0.0,0.0,0.0,0.0,0.0,226,170.0,1,0,931,,,170.0,,,117
1207,456,WR depth,,5357,Kent Shelby,WR,FA,,75,208,McNeese State,0,,0,True,Active,,,,,970,0.0,0.0,0.0,0.0,0.0,0.0,0.0,0.0,0.0,0.0,0.0,0.0,0.0,0.0,0.0,0.0,0.0,0.0,0.0,0.0,0.0,0.0,0.0,0.0,0.0,0.0,814,,0,,,,,,,,
2016,450,RB bench,,3859,Jalen Simmons,RB,FA,29,68,205,South Carolina State,34,1992-04-01,6,False,Active,,,,,9999999,0.0,0.0,0.0,0.0,0.0,0.0,0.0,0.0,0.0,0.0,0.0,0.0,0.0,0.0,0.0,0.0,0.0,0.0,0.0,0.0,0.0,0.0,0.0,0.0,0.0,0.0,450,,0,,,,,,,,
2017,815,WR bench,,9503,Jacob Copeland,WR,FA,25,72,202,Maryland,89,1999-07-20,1,False,Active,,,,,652,0.0,0.0,0.0,0.0,0.0,0.0,0.0,0.0,0.0,0.0,0.0,0.0,0.0,0.0,0.0,0.0,0.0,0.0,0.0,0.0,0.0,0.0,0.0,0.0,0.0,0.0,815,,0,,,,,,,,
2018,227,QB bench,,4775,David Olson,QB,FA,,"6'3""",225,null,1,,2,False,Inactive,,,,,9999999,0.0,0.0,0.0,0.0,0.0,0.0,0.0,0.0,0.0,0.0,0.0,0.0,0.0,0.0,0.0,0.0,0.0,0.0,0.0,0.0,0.0,0.0,0.0,0.0,0.0,0.0,227,,0,,,,,,,,
2019,391,TE bench,,4055,O.J. Howard,TE,FA,28,78,250,Alabama,88,1994-11-19,6,False,Active,,,,,482,0.0,0.0,0.0,0.0,0.0,0.0,0.0,0.0,0.0,0.0,0.0,0.0,0.0,0.0,0.0,0.0,0.0,0.0,0.0,0.0,0.0,0.0,0.0,0.0,0.0,0.0,391,,0,,,,,,,,
2020,392,TE bench,,6142,Caleb Wilson,TE,FA,25,76,240,UCLA,0,1996-07-15,3,False,Active,,,,,9999999,0.0,0.0,0.0,0.0,0.0,0.0,0.0,0.0,0.0,0.0,0.0,0.0,0.0,0.0,0.0,0.0,0.0,0.0,0.0,0.0,0.0,0.0,0.0,0.0,0.0,0.0,392,,0,,,,,,,,
2021,393,TE bench,,13013,Mark Redman,TE,LAR,24,77,258,Louisville,83,2002-01-20,1,False,Active,,,,,9999999,0.0,0.0,0.0,0.0,0.0,0.0,0.0,0.0,0.0,0.0,0.0,0.0,0.0,0.0,0.0,0.0,0.0,0.0,0.0,0.0,0.0,0.0,0.0,0.0,0.0,0.0,393,,0,,,,,,,,
1208,457,WR depth,,13967,Jimmy Kibble,WR,NE,,73,199,Georgetown,19,,0,True,Inactive,IR,,,,9999999,0.0,0.0,0.0,0.0,0.0,0.0,0.0,0.0,0.0,0.0,0.0,0.0,0.0,0.0,0.0,0.0,0.0,0.0,0.0,0.0,0.0,0.0,0.0,0.0,0.0,0.0,816,,0,,,,,,,,
2023,451,RB bench,,982,Bruce Miller,RB,FA,34,74,248,Central Florida,49,1987-08-06,11,False,Inactive,,,,,9999999,0.0,0.0,0.0,0.0,0.0,0.0,0.0,0.0,0.0,0.0,0.0,0.0,0.0,0.0,0.0,0.0,0.0,0.0,0.0,0.0,0.0,0.0,0.0,0.0,0.0,0.0,451,,0,,,,,,,,
2024,817,WR bench,,12528,Ajou Ajou,WR,FA,23,75,218,Garden City,9,2002-01-10,1,False,Active,,,,,693,0.0,0.0,0.0,0.0,0.0,0.0,0.0,0.0,0.0,0.0,0.0,0.0,0.0,0.0,0.0,0.0,0.0,0.0,0.0,0.0,0.0,0.0,0.0,0.0,0.0,0.0,817,,0,,,,,,,,
2025,818,WR bench,,12222,Joseph Scates,WR,FA,24,74,205,Memphis,,2000-02-19,1,False,Active,,,,,368,0.0,0.0,0.0,0.0,0.0,0.0,0.0,0.0,0.0,0.0,0.0,0.0,0.0,0.0,0.0,0.0,0.0,0.0,0.0,0.0,0.0,0.0,0.0,0.0,0.0,0.0,818,,0,,,,,,,,
2026,228,QB bench,,606,Joe Webb,QB,FA,35,76,230,UAB,0,1986-11-14,12,False,Active,,,,,612,0.0,0.0,0.0,0.0,0.0,0.0,0.0,0.0,0.0,0.0,0.0,0.0,0.0,0.0,0.0,0.0,0.0,0.0,0.0,0.0,0.0,0.0,0.0,0.0,0.0,0.0,228,,0,,,,,,,,
1209,276,RB depth,,13595,Cash Jones,RB,ATL,24,71,195,Georgia,32,2002-04-05,0,True,Active,,,,,9999999,0.0,0.0,0.0,0.0,0.0,0.0,0.0,0.0,0.0,0.0,0.0,0.0,0.0,0.0,0.0,0.0,0.0,0.0,0.0,0.0,0.0,0.0,0.0,0.0,0.0,0.0,452,,0,,,,,,,,
2028,819,WR bench,,11901,Kyle Sheets,WR,FA,24,76,220,Slippery Rock,,2000-09-24,1,False,Active,,,,,624,0.0,0.0,0.0,0.0,0.0,0.0,0.0,0.0,0.0,0.0,0.0,0.0,0.0,0.0,0.0,0.0,0.0,0.0,0.0,0.0,0.0,0.0,0.0,0.0,0.0,0.0,819,,0,,,,,,,,
1210,233,TE depth,,14068,Drew Biber,TE,GB,,75,247,Minnesota,46,,0,True,Active,,,,,9999999,0.0,0.0,0.0,0.0,0.0,0.0,0.0,0.0,0.0,0.0,0.0,0.0,0.0,0.0,0.0,0.0,0.0,0.0,0.0,0.0,0.0,0.0,0.0,0.0,0.0,0.0,394,,0,,,,,,,,
2030,820,WR bench,,3486,Chris Brown,WR,FA,28,73,191,Notre Dame,0,1993-12-08,6,False,Active,,,,,9999999,0.0,0.0,0.0,0.0,0.0,0.0,0.0,0.0,0.0,0.0,0.0,0.0,0.0,0.0,0.0,0.0,0.0,0.0,0.0,0.0,0.0,0.0,0.0,0.0,0.0,0.0,820,,0,,,,,,,,
2031,395,TE bench,,964,Lance Kendricks,TE,FA,33,75,250,Wisconsin,0,1988-01-30,11,False,Active,,,,,645,0.0,0.0,0.0,0.0,0.0,0.0,0.0,0.0,0.0,0.0,0.0,0.0,0.0,0.0,0.0,0.0,0.0,0.0,0.0,0.0,0.0,0.0,0.0,0.0,0.0,0.0,395,,0,,,,,,,,
2032,396,TE bench,,8747,Roger Carter,TE,FA,23,74,250,Georgia State,49,1999-03-31,1,False,Active,,,,,9999999,0.0,0.0,0.0,0.0,0.0,0.0,0.0,0.0,0.0,0.0,0.0,0.0,0.0,0.0,0.0,0.0,0.0,0.0,0.0,0.0,0.0,0.0,0.0,0.0,0.0,0.0,396,,0,,,,,,,,
1211,277,RB depth,,13779,Al-Jay Henderson,RB,FA,,70,216,Buffalo,,,0,True,Active,,,,,9999999,0.0,0.0,0.0,0.0,0.0,0.0,0.0,0.0,0.0,0.0,0.0,0.0,0.0,0.0,0.0,0.0,0.0,0.0,0.0,0.0,0.0,0.0,0.0,0.0,0.0,0.0,453,,0,,,,,,,,
2034,229,QB bench,,7983,Collin Hill,QB,FA,24,76,222,South Carolina,0,1997-10-09,1,False,Inactive,,,,,,0.0,0.0,0.0,0.0,0.0,0.0,0.0,0.0,0.0,0.0,0.0,0.0,0.0,0.0,0.0,0.0,0.0,0.0,0.0,0.0,0.0,0.0,0.0,0.0,0.0,0.0,229,,0,,,,,,,,
2035,821,WR bench,,455,Michael Crabtree,WR,FA,34,73,214,Texas Tech,15,1987-09-14,13,False,Active,,,,,9999999,0.0,0.0,0.0,0.0,0.0,0.0,0.0,0.0,0.0,0.0,0.0,0.0,0.0,0.0,0.0,0.0,0.0,0.0,0.0,0.0,0.0,0.0,0.0,0.0,0.0,0.0,821,,0,,,,,,,,
2036,822,WR bench,,8690,Jake Herslow,WR,FA,,71,181,Houston,0,,1,False,Active,,,,,9999999,0.0,0.0,0.0,0.0,0.0,0.0,0.0,0.0,0.0,0.0,0.0,0.0,0.0,0.0,0.0,0.0,0.0,0.0,0.0,0.0,0.0,0.0,0.0,0.0,0.0,0.0,822,,0,,,,,,,,
2037,823,WR bench,,6895,Quintez Cephus,WR,FA,27,73,208,Wisconsin,16,1998-04-01,6,False,Active,,,,,611,0.0,0.0,0.0,0.0,0.0,0.0,0.0,0.0,0.0,0.0,0.0,0.0,0.0,0.0,0.0,0.0,0.0,0.0,0.0,0.0,0.0,0.0,0.0,0.0,0.0,0.0,823,,0,,,,,,,,
2038,397,TE bench,,11380,Johnny Lumpkin,TE,FA,27,77,264,Louisiana,43,1997-09-03,2,False,Active,,,,,657,0.0,0.0,0.0,0.0,0.0,0.0,0.0,0.0,0.0,0.0,0.0,0.0,0.0,0.0,0.0,0.0,0.0,0.0,0.0,0.0,0.0,0.0,0.0,0.0,0.0,0.0,397,,0,,,,,,,,
2039,824,WR bench,,12891,Jordan Bly,WR,FA,,72,166,Gardner-Webb,,,1,False,Active,,,,,524,0.0,0.0,0.0,0.0,0.0,0.0,0.0,0.0,0.0,0.0,0.0,0.0,0.0,0.0,0.0,0.0,0.0,0.0,0.0,0.0,0.0,0.0,0.0,0.0,0.0,0.0,824,,0,,,,,,,,
2040,825,WR bench,,8858,Keshunn Abram,WR,FA,23,74,193,Kent State,0,1999-02-03,1,False,Active,,,,,465,0.0,0.0,0.0,0.0,0.0,0.0,0.0,0.0,0.0,0.0,0.0,0.0,0.0,0.0,0.0,0.0,0.0,0.0,0.0,0.0,0.0,0.0,0.0,0.0,0.0,0.0,825,,0,,,,,,,,
2041,454,RB bench,,7951,B.J. Emmons,RB,FA,25,72,220,Florida Atlantic,44,1997-07-03,1,False,Active,,,,,9999999,0.0,0.0,0.0,0.0,0.0,0.0,0.0,0.0,0.0,0.0,0.0,0.0,0.0,0.0,0.0,0.0,0.0,0.0,0.0,0.0,0.0,0.0,0.0,0.0,0.0,0.0,454,,0,,,,,,,,
2042,826,WR bench,,12151,Julian Hicks,WR,FA,26,74,201,University at Albany,89,1999-09-29,2,False,Active,,,,,599,0.0,0.0,0.0,0.0,0.0,0.0,0.0,0.0,0.0,0.0,0.0,0.0,0.0,0.0,0.0,0.0,0.0,0.0,0.0,0.0,0.0,0.0,0.0,0.0,0.0,0.0,826,,0,,,,,,,,
2043,398,TE bench,,4832,Andrew Price,TE,FA,28,78,255,Nevada-Las Vegas,47,1993-09-08,5,False,Active,,,,,9999999,0.0,0.0,0.0,0.0,0.0,0.0,0.0,0.0,0.0,0.0,0.0,0.0,0.0,0.0,0.0,0.0,0.0,0.0,0.0,0.0,0.0,0.0,0.0,0.0,0.0,0.0,398,,0,,,,,,,,
2044,455,RB bench,,13240,Toa Taua,RB,FA,25,69,215,Nevada,35,2000-02-15,2,False,Active,,,,,665,0.0,0.0,0.0,0.0,0.0,0.0,0.0,0.0,0.0,0.0,0.0,0.0,0.0,0.0,0.0,0.0,0.0,0.0,0.0,0.0,0.0,0.0,0.0,0.0,0.0,0.0,455,,0,,,,,,,,
2045,827,WR bench,,3770,Quenton Bundrage,WR,FA,33,74,198,Iowa State,0,1991-09-13,9,False,Active,,,,,9999999,0.0,0.0,0.0,0.0,0.0,0.0,0.0,0.0,0.0,0.0,0.0,0.0,0.0,0.0,0.0,0.0,0.0,0.0,0.0,0.0,0.0,0.0,0.0,0.0,0.0,0.0,827,,0,,,,,,,,
2046,456,RB bench,,3688,Tra Carson,RB,FA,29,71,228,Texas A&M,34,1992-10-24,6,False,Active,,,,,1084,0.0,0.0,0.0,0.0,0.0,0.0,0.0,0.0,0.0,0.0,0.0,0.0,0.0,0.0,0.0,0.0,0.0,0.0,0.0,0.0,0.0,0.0,0.0,0.0,0.0,0.0,456,,0,,,,,,,,
2047,828,WR bench,,7462,Stephen Guidry,WR,FA,24,76,200,Mississippi State,0,1997-03-25,2,False,Active,,,,,9999999,0.0,0.0,0.0,0.0,0.0,0.0,0.0,0.0,0.0,0.0,0.0,0.0,0.0,0.0,0.0,0.0,0.0,0.0,0.0,0.0,0.0,0.0,0.0,0.0,0.0,0.0,828,,0,,,,,,,,
2048,829,WR bench,,11410,Braxton Burmeister,WR,FA,24,72,200,San Diego State,4,1998-09-19,1,False,Active,,,,,638,0.0,0.0,0.0,0.0,0.0,0.0,0.0,0.0,0.0,0.0,0.0,0.0,0.0,0.0,0.0,0.0,0.0,0.0,0.0,0.0,0.0,0.0,0.0,0.0,0.0,0.0,829,,0,,,,,,,,
2049,457,RB bench,,4777,De'Chavon Hayes,RB,FA,29,71,187,Arizona State,0,1992-07-18,5,False,Active,,,,,9999999,0.0,0.0,0.0,0.0,0.0,0.0,0.0,0.0,0.0,0.0,0.0,0.0,0.0,0.0,0.0,0.0,0.0,0.0,0.0,0.0,0.0,0.0,0.0,0.0,0.0,0.0,457,,0,,,,,,,,
2050,399,TE bench,,6846,Hunter Bryant,TE,FA,23,74,245,Washington,86,1998-08-20,2,False,Active,,,,,9999999,0.0,0.0,0.0,0.0,0.0,0.0,0.0,0.0,0.0,0.0,0.0,0.0,0.0,0.0,0.0,0.0,0.0,0.0,0.0,0.0,0.0,0.0,0.0,0.0,0.0,0.0,399,,0,,,,,,,,
2051,830,WR bench,,6223,Juwann Winfree,WR,FA,28,75,215,Colorado,15,1996-09-04,6,False,Inactive,,,,,562,0.0,0.0,0.0,0.0,0.0,0.0,0.0,0.0,0.0,0.0,0.0,0.0,0.0,0.0,0.0,0.0,0.0,0.0,0.0,0.0,0.0,0.0,0.0,0.0,0.0,0.0,830,,0,,,,,,,,
1212,458,WR depth,,13849,Cortez Braham,WR,BAL,26,74,208,Memphis,82,2000-03-06,0,True,Active,,,,,9999999,0.0,0.0,0.0,0.0,0.0,0.0,0.0,0.0,0.0,0.0,0.0,0.0,0.0,0.0,0.0,0.0,0.0,0.0,0.0,0.0,0.0,0.0,0.0,0.0,0.0,0.0,831,,0,,,,,,,,
2053,400,TE bench,,12800,Oscar Cardenas,TE,FA,24,76,260,UTSA,,2001-07-25,1,False,Active,,,,,593,0.0,0.0,0.0,0.0,0.0,0.0,0.0,0.0,0.0,0.0,0.0,0.0,0.0,0.0,0.0,0.0,0.0,0.0,0.0,0.0,0.0,0.0,0.0,0.0,0.0,0.0,400,,0,,,,,,,,
2054,458,RB bench,,12013,Jaden Shirden,RB,FA,22,69,195,Monmouth,,2002-05-02,1,False,Active,,,,,415,0.0,0.0,0.0,0.0,0.0,0.0,0.0,0.0,0.0,0.0,0.0,0.0,0.0,0.0,0.0,0.0,0.0,0.0,0.0,0.0,0.0,0.0,0.0,0.0,0.0,0.0,458,,0,,,,,,,,
2055,230,QB bench,,5885,Ryan Finley,QB,FA,27,76,207,North Carolina State,5,1994-12-26,3,False,Inactive,,,,,509,0.0,0.0,0.0,0.0,0.0,0.0,0.0,0.0,0.0,0.0,0.0,0.0,0.0,0.0,0.0,0.0,0.0,0.0,0.0,0.0,0.0,0.0,0.0,0.0,0.0,0.0,230,,0,,,,,,,,
776,274,WR depth,,13313,Emmanuel Henderson,WR,SEA,23,73,185,Kansas,84,2003-03-21,0,True,Active,,,8,WR8,999,0.0,0.0,0.0,0.0,0.0,0.0,0.0,0.0,0.0,0.0,0.0,0.0,0.0,0.0,0.0,0.0,0.0,0.0,0.0,0.0,0.0,0.0,0.0,0.0,0.0,0.0,832,170.0,1,0,674,,,170.0,,,-141
777,156,TE depth,,7568,Brevin Jordan,TE,HOU,26,75,245,Miami (FL),9,2000-07-16,5,False,Active,,,5,TE5,999,0.0,0.0,0.0,0.0,0.0,0.0,0.0,0.0,0.0,0.0,0.0,0.0,0.0,2.0,2.7,1.35,0.0,0.0,0.0,0.0,0.0,0.0,2.0,3.0,7.0,0.0,401,170.0,1,0,561,,,170.0,,,-255
1213,459,WR depth,,13776,Hank Beatty,WR,TEN,,70,179,Illinois,13,,0,True,Active,,,,,9999999,0.0,0.0,0.0,0.0,0.0,0.0,0.0,0.0,0.0,0.0,0.0,0.0,0.0,0.0,0.0,0.0,0.0,0.0,0.0,0.0,0.0,0.0,0.0,0.0,0.0,0.0,833,,0,,,,,,,,
1214,278,RB depth,,14041,Anderson Castle,RB,IND,,72,221,Duke,42,,0,True,Active,,,,,9999999,0.0,0.0,0.0,0.0,0.0,0.0,0.0,0.0,0.0,0.0,0.0,0.0,0.0,0.0,0.0,0.0,0.0,0.0,0.0,0.0,0.0,0.0,0.0,0.0,0.0,0.0,459,,0,,,,,,,,
2060,460,RB bench,,1303,James Develin,RB,FA,33,75,255,Brown,0,1988-07-23,11,False,Injured Reserve,,,,,701,0.0,0.0,0.0,0.0,0.0,0.0,0.0,0.0,0.0,0.0,0.0,0.0,0.0,0.0,0.0,0.0,0.0,0.0,0.0,0.0,0.0,0.0,0.0,0.0,0.0,0.0,460,,0,,,,,,,,
2061,834,WR bench,,2578,John Harris,WR,FA,,74,218,Texas,18,,10,False,Active,,,,,9999999,0.0,0.0,0.0,0.0,0.0,0.0,0.0,0.0,0.0,0.0,0.0,0.0,0.0,0.0,0.0,0.0,0.0,0.0,0.0,0.0,0.0,0.0,0.0,0.0,0.0,0.0,834,,0,,,,,,,,
2062,835,WR bench,,11158,Jalen Sample,WR,FA,24,76,200,Minnesota State,18,1999-03-19,1,False,Active,,,,,286,0.0,0.0,0.0,0.0,0.0,0.0,0.0,0.0,0.0,0.0,0.0,0.0,0.0,0.0,0.0,0.0,0.0,0.0,0.0,0.0,0.0,0.0,0.0,0.0,0.0,0.0,835,,0,,,,,,,,
2063,402,TE bench,,3340,Jerell Adams,TE,FA,29,77,254,South Carolina,0,1992-12-31,6,False,Active,,,,,526,0.0,0.0,0.0,0.0,0.0,0.0,0.0,0.0,0.0,0.0,0.0,0.0,0.0,0.0,0.0,0.0,0.0,0.0,0.0,0.0,0.0,0.0,0.0,0.0,0.0,0.0,402,,0,,,,,,,,
2064,105,K bench,,2819,Mike Meyer,K,FA,29,74,190,Iowa,6,1992-06-02,7,False,Active,,,,K1,9999999,0.0,0.0,0.0,0.0,0.0,0.0,0.0,0.0,0.0,0.0,0.0,0.0,0.0,0.0,0.0,0.0,0.0,0.0,0.0,0.0,0.0,0.0,0.0,0.0,0.0,0.0,105,,0,,,,,,,,
2065,836,WR bench,,5425,John Diarse,WR,FA,27,73,214,Texas Christian,9,1994-12-10,4,False,Active,,,,,9999999,0.0,0.0,0.0,0.0,0.0,0.0,0.0,0.0,0.0,0.0,0.0,0.0,0.0,0.0,0.0,0.0,0.0,0.0,0.0,0.0,0.0,0.0,0.0,0.0,0.0,0.0,836,,0,,,,,,,,
1215,460,WR depth,,13410,Chase Roberts,WR,LV,25,76,210,BYU,,2001-01-21,0,True,Active,,,6,WR6,9999999,0.0,0.0,0.0,0.0,0.0,0.0,0.0,0.0,0.0,0.0,0.0,0.0,0.0,0.0,0.0,0.0,0.0,0.0,0.0,0.0,0.0,0.0,0.0,0.0,0.0,0.0,837,,0,,,,,,,,
2067,461,RB bench,,4463,Tyler McCloskey,RB,FA,27,74,245,Houston,47,1994-08-11,5,False,Active,,,,,9999999,0.0,0.0,0.0,0.0,0.0,0.0,0.0,0.0,0.0,0.0,0.0,0.0,0.0,0.0,0.0,0.0,0.0,0.0,0.0,0.0,0.0,0.0,0.0,0.0,0.0,0.0,461,,0,,,,,,,,
2068,403,TE bench,,11601,Trey Knox,TE,FA,23,75,240,South Carolina,,2001-08-14,1,False,Active,,,,,606,0.0,0.0,0.0,0.0,0.0,0.0,0.0,0.0,0.0,0.0,0.0,0.0,0.0,0.0,0.0,0.0,0.0,0.0,0.0,0.0,0.0,0.0,0.0,0.0,0.0,0.0,403,,0,,,,,,,,
1216,461,WR depth,,14040,Terrill Davis,WR,MIN,22,72,195,Oklahoma State,40,2003-08-11,0,True,Active,,,,,9999999,0.0,0.0,0.0,0.0,0.0,0.0,0.0,0.0,0.0,0.0,0.0,0.0,0.0,0.0,0.0,0.0,0.0,0.0,0.0,0.0,0.0,0.0,0.0,0.0,0.0,0.0,838,,0,,,,,,,,
2070,462,RB bench,,12953,Jalen White,RB,FA,23,72,205,Georgia Southern,,2002-06-05,1,False,Active,,,,,384,0.0,0.0,0.0,0.0,0.0,0.0,0.0,0.0,0.0,0.0,0.0,0.0,0.0,0.0,0.0,0.0,0.0,0.0,0.0,0.0,0.0,0.0,0.0,0.0,0.0,0.0,462,,0,,,,,,,,
2071,463,RB bench,,7563,Javian Hawkins,RB,FA,22,69,196,Louisville,14,1999-11-03,1,False,Active,,,,,483,0.0,0.0,0.0,0.0,0.0,0.0,0.0,0.0,0.0,0.0,0.0,0.0,0.0,0.0,0.0,0.0,0.0,0.0,0.0,0.0,0.0,0.0,0.0,0.0,0.0,0.0,463,,0,,,,,,,,
778,157,TE depth,,13429,Seydou Traore,TE,MIA,23,76,235,Mississippi State,49,2002-08-12,0,True,Active,,,4,TE4,9999999,0.0,0.0,0.0,0.0,0.0,0.0,0.0,0.0,0.0,0.0,0.0,0.0,0.0,0.0,0.0,0.0,0.0,0.0,0.0,0.0,0.0,0.0,0.0,0.0,0.0,0.0,404,170.0,1,0,671,,,170.0,,,-146
2073,405,TE bench,,7503,Connor Davis,TE,FA,27,80,271,Stony Brook,0,1994-10-20,2,False,Active,,,,,259,0.0,0.0,0.0,0.0,0.0,0.0,0.0,0.0,0.0,0.0,0.0,0.0,0.0,0.0,0.0,0.0,0.0,0.0,0.0,0.0,0.0,0.0,0.0,0.0,0.0,0.0,405,,0,,,,,,,,
2074,464,RB bench,,8190,Abram Smith,RB,FA,24,71,221,Baylor,41,1998-09-14,1,False,Active,,,,,9999999,0.0,0.0,0.0,0.0,0.0,0.0,0.0,0.0,0.0,0.0,0.0,0.0,0.0,0.0,0.0,0.0,0.0,0.0,0.0,0.0,0.0,0.0,0.0,0.0,0.0,0.0,464,,0,,,,,,,,
1217,462,WR depth,,13904,Jacob De Jesus,WR,KC,,67,170,California,80,,0,True,Active,,,,,9999999,0.0,0.0,0.0,0.0,0.0,0.0,0.0,0.0,0.0,0.0,0.0,0.0,0.0,0.0,0.0,0.0,0.0,0.0,0.0,0.0,0.0,0.0,0.0,0.0,0.0,0.0,839,,0,,,,,,,,
2076,465,RB bench,,5162,Reggie Bonnafon,RB,FA,27,72,215,Louisville,38,1996-01-04,5,False,Active,,,,,9999999,0.0,0.0,0.0,0.0,0.0,0.0,0.0,0.0,0.0,0.0,0.0,0.0,0.0,0.0,0.0,0.0,0.0,0.0,0.0,0.0,0.0,0.0,0.0,0.0,0.0,0.0,465,,0,,,,,,,,
2077,840,WR bench,,536,Antonio Brown,WR,FA,33,70,185,Central Michigan,0,1988-07-10,12,False,Active,,,,,89,0.0,0.0,0.0,0.0,0.0,0.0,0.0,0.0,0.0,0.0,0.0,0.0,0.0,0.0,0.0,0.0,0.0,0.0,0.0,0.0,0.0,0.0,0.0,0.0,0.0,0.0,840,,0,,,,,,,,
779,275,WR depth,,7989,DJ Turner,WR,HOU,29,69,205,Pittsburgh,16,1997-01-18,5,False,Active,IR,,7,WR7,9999999,1.0,0.0,0.0,0.0,0.0,0.0,0.0,0.0,0.0,0.0,0.0,0.0,0.0,12.0,47.1,3.93,0.0,0.0,0.0,5.0,33.0,1.0,16.0,29.0,158.0,1.0,841,170.0,1,0,746,,,170.0,,,-72
2079,842,WR bench,,3702,Andy Jones,WR,NYG,27,73,217,Jacksonville,0,1994-06-28,6,False,Inactive,,,,,1085,0.0,0.0,0.0,0.0,0.0,0.0,0.0,0.0,0.0,0.0,0.0,0.0,0.0,0.0,0.0,0.0,0.0,0.0,0.0,0.0,0.0,0.0,0.0,0.0,0.0,0.0,842,,0,,,,,,,,
2080,406,TE bench,,23,Jason Witten,TE,FA,39,78,263,Tennessee,0,1982-05-06,19,False,Injured Reserve,,,,,378,0.0,0.0,0.0,0.0,0.0,0.0,0.0,0.0,0.0,0.0,0.0,0.0,0.0,0.0,0.0,0.0,0.0,0.0,0.0,0.0,0.0,0.0,0.0,0.0,0.0,0.0,406,,0,,,,,,,,
2081,843,WR bench,,4622,Keelan Cole,WR,FA,31,73,194,Kentucky Wesleyan,84,1993-04-20,7,False,Active,,,,,432,0.0,0.0,0.0,0.0,0.0,0.0,0.0,0.0,0.0,0.0,0.0,0.0,0.0,0.0,0.0,0.0,0.0,0.0,0.0,0.0,0.0,0.0,0.0,0.0,0.0,0.0,843,,0,,,,,,,,
2082,407,TE bench,,3041,Ross Travis,TE,FA,29,79,235,Penn State,0,1993-01-09,6,False,Active,,,,,9999999,0.0,0.0,0.0,0.0,0.0,0.0,0.0,0.0,0.0,0.0,0.0,0.0,0.0,0.0,0.0,0.0,0.0,0.0,0.0,0.0,0.0,0.0,0.0,0.0,0.0,0.0,407,,0,,,,,,,,
2083,466,RB bench,,818,Bilal Powell,RB,FA,33,70,204,Louisville,29,1988-10-27,11,False,Active,,,,,626,0.0,0.0,0.0,0.0,0.0,0.0,0.0,0.0,0.0,0.0,0.0,0.0,0.0,0.0,0.0,0.0,0.0,0.0,0.0,0.0,0.0,0.0,0.0,0.0,0.0,0.0,466,,0,,,,,,,,
2084,844,WR bench,,7414,Johnathon Johnson,WR,FA,25,70,180,Missouri,0,1996-09-30,2,False,Active,,,,,9999999,0.0,0.0,0.0,0.0,0.0,0.0,0.0,0.0,0.0,0.0,0.0,0.0,0.0,0.0,0.0,0.0,0.0,0.0,0.0,0.0,0.0,0.0,0.0,0.0,0.0,0.0,844,,0,,,,,,,,
2085,845,WR bench,,11204,Duece Watts,WR,FA,24,73,196,Tulane,85,1999-12-23,1,False,Active,,,,,306,0.0,0.0,0.0,0.0,0.0,0.0,0.0,0.0,0.0,0.0,0.0,0.0,0.0,0.0,0.0,0.0,0.0,0.0,0.0,0.0,0.0,0.0,0.0,0.0,0.0,0.0,845,,0,,,,,,,,
1218,149,QB depth,,13426,Sawyer Robertson,QB,FA,,76,220,,,,0,True,Active,,,,,9999999,0.0,0.0,0.0,0.0,0.0,0.0,0.0,0.0,0.0,0.0,0.0,0.0,0.0,0.0,0.0,0.0,0.0,0.0,0.0,0.0,0.0,0.0,0.0,0.0,0.0,0.0,231,,0,,,,,,,,
2087,467,RB bench,,11975,Jordan Terrell,RB,FA,24,70,210,Barton,,2000-07-21,1,False,Active,,,,,9999999,0.0,0.0,0.0,0.0,0.0,0.0,0.0,0.0,0.0,0.0,0.0,0.0,0.0,0.0,0.0,0.0,0.0,0.0,0.0,0.0,0.0,0.0,0.0,0.0,0.0,0.0,467,,0,,,,,,,,
2088,846,WR bench,,147,DeSean Jackson,WR,FA,36,70,175,California,15,1986-12-01,14,False,Active,,,,,437,0.0,0.0,0.0,0.0,0.0,0.0,0.0,0.0,0.0,0.0,0.0,0.0,0.0,0.0,0.0,0.0,0.0,0.0,0.0,0.0,0.0,0.0,0.0,0.0,0.0,0.0,846,,0,,,,,,,,
2089,847,WR bench,,7237,Scotty Washington,WR,FA,28,77,242,Wake Forest,85,1997-07-26,6,False,Active,,,,,257,0.0,0.0,0.0,0.0,0.0,0.0,0.0,0.0,0.0,0.0,0.0,0.0,0.0,0.0,0.0,0.0,0.0,0.0,0.0,0.0,0.0,0.0,0.0,0.0,0.0,0.0,847,,0,,,,,,,,
2090,848,WR bench,,7949,Trevon Grimes,WR,FA,,76,218,Florida,47,,1,False,Inactive,,,,,,0.0,0.0,0.0,0.0,0.0,0.0,0.0,0.0,0.0,0.0,0.0,0.0,0.0,0.0,0.0,0.0,0.0,0.0,0.0,0.0,0.0,0.0,0.0,0.0,0.0,0.0,848,,0,,,,,,,,
2091,849,WR bench,,7978,Tre Walker,WR,FA,,71,180,San Jose State,0,,1,False,Inactive,,,,,,0.0,0.0,0.0,0.0,0.0,0.0,0.0,0.0,0.0,0.0,0.0,0.0,0.0,0.0,0.0,0.0,0.0,0.0,0.0,0.0,0.0,0.0,0.0,0.0,0.0,0.0,849,,0,,,,,,,,
2092,408,TE bench,,4605,Evan Baylis,TE,FA,28,77,250,Oregon,0,1993-11-18,5,False,Active,,,,,1268,0.0,0.0,0.0,0.0,0.0,0.0,0.0,0.0,0.0,0.0,0.0,0.0,0.0,0.0,0.0,0.0,0.0,0.0,0.0,0.0,0.0,0.0,0.0,0.0,0.0,0.0,408,,0,,,,,,,,
2093,850,WR bench,,7370,JoJo Ward,WR,FA,24,69,175,Hawaii,0,1997-12-09,2,False,Active,,,,,9999999,0.0,0.0,0.0,0.0,0.0,0.0,0.0,0.0,0.0,0.0,0.0,0.0,0.0,0.0,0.0,0.0,0.0,0.0,0.0,0.0,0.0,0.0,0.0,0.0,0.0,0.0,850,,0,,,,,,,,
2094,851,WR bench,,574,Dez Bryant,WR,FA,33,74,220,Oklahoma State,88,1988-11-04,12,False,Inactive,,,,,9999999,0.0,0.0,0.0,0.0,0.0,0.0,0.0,0.0,0.0,0.0,0.0,0.0,0.0,0.0,0.0,0.0,0.0,0.0,0.0,0.0,0.0,0.0,0.0,0.0,0.0,0.0,851,,0,,,,,,,,
2095,409,TE bench,,8247,Gerrit Prince,TE,FA,26,76,241,UAB,85,1997-08-25,2,False,Active,,,,,9999999,0.0,0.0,0.0,0.0,0.0,0.0,0.0,0.0,0.0,0.0,0.0,0.0,0.0,0.0,0.0,0.0,0.0,0.0,0.0,0.0,0.0,0.0,0.0,0.0,0.0,0.0,409,,0,,,,,,,,
2096,852,WR bench,,7541,Cornell Powell,WR,FA,28,72,205,Clemson,82,1997-10-30,4,False,Active,,,,,414,0.0,0.0,0.0,0.0,0.0,0.0,0.0,0.0,0.0,0.0,0.0,0.0,0.0,0.0,0.0,0.0,0.0,0.0,0.0,0.0,0.0,0.0,0.0,0.0,0.0,0.0,852,,0,,,,,,,,
2097,468,RB bench,,4408,Terrell Newby,RB,FA,26,70,200,Nebraska,44,1995-07-25,5,False,Active,,,,,9999999,0.0,0.0,0.0,0.0,0.0,0.0,0.0,0.0,0.0,0.0,0.0,0.0,0.0,0.0,0.0,0.0,0.0,0.0,0.0,0.0,0.0,0.0,0.0,0.0,0.0,0.0,468,,0,,,,,,,,
2098,410,TE bench,,5233,Marcus Baugh,TE,FA,27,76,245,Ohio State,0,1994-12-09,4,False,Active,,,,,545,0.0,0.0,0.0,0.0,0.0,0.0,0.0,0.0,0.0,0.0,0.0,0.0,0.0,0.0,0.0,0.0,0.0,0.0,0.0,0.0,0.0,0.0,0.0,0.0,0.0,0.0,410,,0,,,,,,,,
1219,150,QB depth,,8163,Player Invalid,QB,FA,,,,,,,0,True,Inactive,,,,,,0.0,0.0,0.0,0.0,0.0,0.0,0.0,0.0,0.0,0.0,0.0,0.0,0.0,0.0,0.0,0.0,0.0,0.0,0.0,0.0,0.0,0.0,0.0,0.0,0.0,0.0,232,,0,,,,,,,,
2100,469,RB bench,,2200,Timothy Flanders,RB,FA,33,69,210,Sam Houston State,,1991-09-29,11,False,Active,,,,,9999999,0.0,0.0,0.0,0.0,0.0,0.0,0.0,0.0,0.0,0.0,0.0,0.0,0.0,0.0,0.0,0.0,0.0,0.0,0.0,0.0,0.0,0.0,0.0,0.0,0.0,0.0,469,,0,,,,,,,,
2101,853,WR bench,,1144,Cole Beasley,WR,FA,34,68,174,SMU,9,1989-04-26,11,False,Inactive,,,,,398,0.0,0.0,0.0,0.0,0.0,0.0,0.0,0.0,0.0,0.0,0.0,0.0,0.0,0.0,0.0,0.0,0.0,0.0,0.0,0.0,0.0,0.0,0.0,0.0,0.0,0.0,853,,0,,,,,,,,
1220,234,TE depth,,13085,Kole Taylor,TE,FA,,79,250,West Virginia,,,0,True,Active,,,,,999,0.0,0.0,0.0,0.0,0.0,0.0,0.0,0.0,0.0,0.0,0.0,0.0,0.0,0.0,0.0,0.0,0.0,0.0,0.0,0.0,0.0,0.0,0.0,0.0,0.0,0.0,411,,0,,,,,,,,
2103,470,RB bench,,6539,Devontae Jackson,RB,FA,25,67,170,West Georgia,0,1996-04-27,3,False,Active,,,,,9999999,0.0,0.0,0.0,0.0,0.0,0.0,0.0,0.0,0.0,0.0,0.0,0.0,0.0,0.0,0.0,0.0,0.0,0.0,0.0,0.0,0.0,0.0,0.0,0.0,0.0,0.0,470,,0,,,,,,,,
2104,854,WR bench,,1825,Jarvis Landry,WR,FA,30,71,202,LSU,5,1992-11-28,9,False,Inactive,,,,,212,0.0,0.0,0.0,0.0,0.0,0.0,0.0,0.0,0.0,0.0,0.0,0.0,0.0,0.0,0.0,0.0,0.0,0.0,0.0,0.0,0.0,0.0,0.0,0.0,0.0,0.0,854,,0,,,,,,,,
2105,471,RB bench,,6203,Valentine Holmes,RB,FA,26,73,200,No College,39,1995-06-24,3,False,Active,,,,,9999999,0.0,0.0,0.0,0.0,0.0,0.0,0.0,0.0,0.0,0.0,0.0,0.0,0.0,0.0,0.0,0.0,0.0,0.0,0.0,0.0,0.0,0.0,0.0,0.0,0.0,0.0,471,,0,,,,,,,,
2106,412,TE bench,,6238,Tyree Mayfield,TE,FA,26,75,241,Wyoming,48,1995-10-23,3,False,Active,,,,,9999999,0.0,0.0,0.0,0.0,0.0,0.0,0.0,0.0,0.0,0.0,0.0,0.0,0.0,0.0,0.0,0.0,0.0,0.0,0.0,0.0,0.0,0.0,0.0,0.0,0.0,0.0,412,,0,,,,,,,,
2107,472,RB bench,,7315,Bobby Holly,RB,FA,24,73,252,Louisiana Tech,0,1997-06-04,2,False,Active,,,,,1976,0.0,0.0,0.0,0.0,0.0,0.0,0.0,0.0,0.0,0.0,0.0,0.0,0.0,0.0,0.0,0.0,0.0,0.0,0.0,0.0,0.0,0.0,0.0,0.0,0.0,0.0,472,,0,,,,,,,,
1221,463,WR depth,,6677,Joe Forson,WR,KC,24,"6'6""",230,Valdosta State,1,1995-12-07,1,False,Practice Squad,NA,,3,WR3,9999999,0.0,0.0,0.0,0.0,0.0,0.0,0.0,0.0,0.0,0.0,0.0,0.0,0.0,0.0,0.0,0.0,0.0,0.0,0.0,0.0,0.0,0.0,0.0,0.0,0.0,0.0,855,,0,,,,,,,,
2109,106,K bench,,8040,Quinn Nordin,K,FA,24,73,189,Michigan,13,1998-08-16,2,False,Active,,,,K1,265,0.0,0.0,0.0,0.0,0.0,0.0,0.0,0.0,0.0,0.0,0.0,0.0,0.0,0.0,0.0,0.0,0.0,0.0,0.0,0.0,0.0,0.0,0.0,0.0,0.0,0.0,106,,0,,,,,,,,
2110,856,WR bench,,12100,Chris Autman-Bell,WR,FA,25,73,205,Minnesota ,,1999-03-31,1,False,Active,,,,,9999999,0.0,0.0,0.0,0.0,0.0,0.0,0.0,0.0,0.0,0.0,0.0,0.0,0.0,0.0,0.0,0.0,0.0,0.0,0.0,0.0,0.0,0.0,0.0,0.0,0.0,0.0,856,,0,,,,,,,,
2111,857,WR bench,,3319,Trevor Davis,WR,FA,28,73,188,California,0,1993-07-04,6,False,Active,,,,,1020,0.0,0.0,0.0,0.0,0.0,0.0,0.0,0.0,0.0,0.0,0.0,0.0,0.0,0.0,0.0,0.0,0.0,0.0,0.0,0.0,0.0,0.0,0.0,0.0,0.0,0.0,857,,0,,,,,,,,
2112,473,RB bench,,4283,Khalfani Muhammad,RB,FA,27,67,174,California,0,1994-09-26,5,False,Active,,,,,1229,0.0,0.0,0.0,0.0,0.0,0.0,0.0,0.0,0.0,0.0,0.0,0.0,0.0,0.0,0.0,0.0,0.0,0.0,0.0,0.0,0.0,0.0,0.0,0.0,0.0,0.0,473,,0,,,,,,,,
2113,413,TE bench,,8215,Austin Allen,TE,FA,24,80,253,Nebraska,49,1998-11-10,1,False,Active,,,,,9999999,0.0,0.0,0.0,0.0,0.0,0.0,0.0,0.0,0.0,0.0,0.0,0.0,0.0,0.0,0.0,0.0,0.0,0.0,0.0,0.0,0.0,0.0,0.0,0.0,0.0,0.0,413,,0,,,,,,,,
2114,474,RB bench,,4955,Ronald Jones,RB,FA,27,71,208,USC,,1997-08-03,7,False,Active,,,,,9999999,0.0,0.0,0.0,0.0,0.0,0.0,0.0,0.0,0.0,0.0,0.0,0.0,0.0,0.0,0.0,0.0,0.0,0.0,0.0,0.0,0.0,0.0,0.0,0.0,0.0,0.0,474,,0,,,,,,,,
780,165,RB depth,,7529,Gary Brightwell,RB,CIN,28,73,218,Arizona,32,1998-02-28,5,False,Active,,,5,RB5,9999999,2.0,0.0,0.0,0.0,0.0,0.0,0.0,0.0,0.0,0.0,0.0,0.0,0.0,2.0,0.0,0.0,0.0,0.0,0.0,0.0,0.0,0.0,0.0,0.0,0.0,0.0,475,170.0,1,0,465,,,170.0,,,-354
2116,414,TE bench,,8061,Jake Hausmann,TE,FA,25,76,245,Ohio State,46,1997-08-12,1,False,Active,,,,,408,0.0,0.0,0.0,0.0,0.0,0.0,0.0,0.0,0.0,0.0,0.0,0.0,0.0,0.0,0.0,0.0,0.0,0.0,0.0,0.0,0.0,0.0,0.0,0.0,0.0,0.0,414,,0,,,,,,,,
781,158,TE depth,,10210,Cameron Latu,TE,PHI,26,77,244,Alabama,36,2000-02-24,3,False,Active,,,6,TE6,999,15.0,0.0,0.0,0.0,0.0,0.0,0.0,0.0,0.0,0.0,0.0,0.0,0.0,0.0,0.0,0.0,0.0,0.0,0.0,0.0,0.0,0.0,0.0,0.0,0.0,0.0,415,170.0,1,0,753,,,170.0,,,-67
2118,233,QB bench,,4924,Zach Terrell,QB,BAL,24,"6'1""",206,Western Michigan,0,1993-05-01,1,False,Active,,,,,9999999,0.0,0.0,0.0,0.0,0.0,0.0,0.0,0.0,0.0,0.0,0.0,0.0,0.0,0.0,0.0,0.0,0.0,0.0,0.0,0.0,0.0,0.0,0.0,0.0,0.0,0.0,233,,0,,,,,,,,
2119,416,TE bench,,13032,Marshall Lang,TE,MIN,24,76,246,Northwestern,81,2001-10-15,1,False,Active,,,,,999,0.0,0.0,0.0,0.0,0.0,0.0,0.0,0.0,0.0,0.0,0.0,0.0,0.0,0.0,0.0,0.0,0.0,0.0,0.0,0.0,0.0,0.0,0.0,0.0,0.0,0.0,416,,0,,,,,,,,
2120,476,RB bench,,11088,Monte Pottebaum,RB,FA,23,73,244,Iowa,40,2000-01-07,1,False,Active,,,,,668,0.0,0.0,0.0,0.0,0.0,0.0,0.0,0.0,0.0,0.0,0.0,0.0,0.0,0.0,0.0,0.0,0.0,0.0,0.0,0.0,0.0,0.0,0.0,0.0,0.0,0.0,476,,0,,,,,,,,
2121,858,WR bench,,5699,Matt Fleming,WR,FA,25,72,180,Benedictine,0,1996-12-04,4,False,Active,,,,,1110,0.0,0.0,0.0,0.0,0.0,0.0,0.0,0.0,0.0,0.0,0.0,0.0,0.0,0.0,0.0,0.0,0.0,0.0,0.0,0.0,0.0,0.0,0.0,0.0,0.0,0.0,858,,0,,,,,,,,
782,159,TE depth,,3258,Nick Vannett,TE,SEA,33,78,261,Ohio State,83,1993-03-06,10,False,Active,,,3,TE3,9999999,10.0,0.0,0.0,0.0,0.0,0.0,0.0,0.0,0.0,0.0,0.0,0.0,0.0,17.0,48.5,2.85,0.0,0.0,0.0,0.0,0.0,0.0,17.0,20.0,135.0,3.0,417,170.0,1,0,952,,,170.0,,,131
2123,418,TE bench,,6164,Kahale Warring,TE,FA,25,77,250,San Diego State,86,1997-03-23,3,False,Active,,,,,9999999,0.0,0.0,0.0,0.0,0.0,0.0,0.0,0.0,0.0,0.0,0.0,0.0,0.0,0.0,0.0,0.0,0.0,0.0,0.0,0.0,0.0,0.0,0.0,0.0,0.0,0.0,418,,0,,,,,,,,
2124,477,RB bench,,184,Adrian Peterson,RB,FA,37,73,217,Oklahoma,21,1985-03-21,15,False,Active,,,,,9999999,0.0,0.0,0.0,0.0,0.0,0.0,0.0,0.0,0.0,0.0,0.0,0.0,0.0,0.0,0.0,0.0,0.0,0.0,0.0,0.0,0.0,0.0,0.0,0.0,0.0,0.0,477,,0,,,,,,,,
2125,859,WR bench,,2587,Dres Anderson,WR,FA,29,74,190,Utah,18,1992-07-20,7,False,Active,,,,,9999999,0.0,0.0,0.0,0.0,0.0,0.0,0.0,0.0,0.0,0.0,0.0,0.0,0.0,0.0,0.0,0.0,0.0,0.0,0.0,0.0,0.0,0.0,0.0,0.0,0.0,0.0,859,,0,,,,,,,,
2126,419,TE bench,,5547,Ryan Smith,TE,FA,25,76,265,"Miami, O.",0,1996-01-13,4,False,Active,,,,,9999999,0.0,0.0,0.0,0.0,0.0,0.0,0.0,0.0,0.0,0.0,0.0,0.0,0.0,0.0,0.0,0.0,0.0,0.0,0.0,0.0,0.0,0.0,0.0,0.0,0.0,0.0,419,,0,,,,,,,,
2127,478,RB bench,,5549,Darrel Williams,RB,FA,28,71,224,LSU,34,1995-04-15,5,False,Active,,,,,609,0.0,0.0,0.0,0.0,0.0,0.0,0.0,0.0,0.0,0.0,0.0,0.0,0.0,0.0,0.0,0.0,0.0,0.0,0.0,0.0,0.0,0.0,0.0,0.0,0.0,0.0,478,,0,,,,,,,,
2128,860,WR bench,,7211,Zimari Manning,WR,FA,26,74,200,Tarleton State,0,1995-02-27,2,False,Active,,,,,9999999,0.0,0.0,0.0,0.0,0.0,0.0,0.0,0.0,0.0,0.0,0.0,0.0,0.0,0.0,0.0,0.0,0.0,0.0,0.0,0.0,0.0,0.0,0.0,0.0,0.0,0.0,860,,0,,,,,,,,
2129,234,QB bench,,3410,Jake Coker,QB,FA,32,77,232,Alabama,6,1992-09-22,9,False,Active,,,,,9999999,0.0,0.0,0.0,0.0,0.0,0.0,0.0,0.0,0.0,0.0,0.0,0.0,0.0,0.0,0.0,0.0,0.0,0.0,0.0,0.0,0.0,0.0,0.0,0.0,0.0,0.0,234,,0,,,,,,,,
242,22,K depth,,1264,Justin Tucker,K,FA,35,73,191,Texas,9,1989-11-21,13,False,Active,,,,K1,182,0.0,0.0,0.0,0.0,0.0,0.0,0.0,0.0,0.0,0.0,0.0,0.0,0.0,17.0,133.0,7.82,0.0,0.0,0.0,0.0,0.0,0.0,0.0,0.0,0.0,0.0,107,169.5,1,0,217,,,169.5,,,-605
783,104,QB depth,,11556,Devin Leary,QB,FA,25,73,215,Kentucky,13,1999-09-10,1,False,Active,,,,,520,0.0,0.0,0.0,0.0,0.0,0.0,0.0,0.0,0.0,0.0,0.0,0.0,0.0,0.0,0.0,0.0,0.0,0.0,0.0,0.0,0.0,0.0,0.0,0.0,0.0,0.0,235,170.0,1,0,377,,,170.0,,,-446
2132,479,RB bench,,12188,Justin Strong,RB,FA,,72,205,Southern Illinois,,,1,False,Active,,,,,9999999,0.0,0.0,0.0,0.0,0.0,0.0,0.0,0.0,0.0,0.0,0.0,0.0,0.0,0.0,0.0,0.0,0.0,0.0,0.0,0.0,0.0,0.0,0.0,0.0,0.0,0.0,479,,0,,,,,,,,
2133,480,RB bench,,973,Anthony Sherman,RB,FA,33,70,242,Connecticut,0,1988-12-11,11,False,Injured Reserve,,,,,496,0.0,0.0,0.0,0.0,0.0,0.0,0.0,0.0,0.0,0.0,0.0,0.0,0.0,0.0,0.0,0.0,0.0,0.0,0.0,0.0,0.0,0.0,0.0,0.0,0.0,0.0,480,,0,,,,,,,,
784,105,QB depth,,12477,Kurtis Rourke,QB,SF,25,76,220,Indiana,14,2000-10-25,1,False,Active,,,4,QB4,999,0.0,0.0,0.0,0.0,0.0,0.0,0.0,0.0,0.0,0.0,0.0,0.0,0.0,0.0,0.0,0.0,0.0,0.0,0.0,0.0,0.0,0.0,0.0,0.0,0.0,0.0,236,170.0,1,0,487,,,170.0,,,-337
2135,861,WR bench,,4169,Jehu Chesson,WR,FA,28,74,203,Michigan,16,1993-12-29,5,False,Inactive,,,,,1180,0.0,0.0,0.0,0.0,0.0,0.0,0.0,0.0,0.0,0.0,0.0,0.0,0.0,0.0,0.0,0.0,0.0,0.0,0.0,0.0,0.0,0.0,0.0,0.0,0.0,0.0,861,,0,,,,,,,,
2136,862,WR bench,,7899,Isaiah McKoy,WR,FA,,75,182,Kent State,0,,1,False,Active,,,,,9999999,0.0,0.0,0.0,0.0,0.0,0.0,0.0,0.0,0.0,0.0,0.0,0.0,0.0,0.0,0.0,0.0,0.0,0.0,0.0,0.0,0.0,0.0,0.0,0.0,0.0,0.0,862,,0,,,,,,,,
2137,420,TE bench,,5117,Jordan Thomas,TE,FA,28,77,280,Mississippi State,46,1996-08-02,6,False,Active,,,,,442,0.0,0.0,0.0,0.0,0.0,0.0,0.0,0.0,0.0,0.0,0.0,0.0,0.0,0.0,0.0,0.0,0.0,0.0,0.0,0.0,0.0,0.0,0.0,0.0,0.0,0.0,420,,0,,,,,,,,
2138,863,WR bench,,7454,Travis Jonsen,WR,FA,25,76,211,Montana State,85,1996-10-16,2,False,Active,,,,,9999999,0.0,0.0,0.0,0.0,0.0,0.0,0.0,0.0,0.0,0.0,0.0,0.0,0.0,0.0,0.0,0.0,0.0,0.0,0.0,0.0,0.0,0.0,0.0,0.0,0.0,0.0,863,,0,,,,,,,,
2139,421,TE bench,,1793,Trey Burton,TE,FA,30,74,238,Florida,80,1991-10-29,8,False,Inactive,,,,,9999999,0.0,0.0,0.0,0.0,0.0,0.0,0.0,0.0,0.0,0.0,0.0,0.0,0.0,0.0,0.0,0.0,0.0,0.0,0.0,0.0,0.0,0.0,0.0,0.0,0.0,0.0,421,,0,,,,,,,,
2140,422,TE bench,,8741,Jamal Pettigrew,TE,FA,24,79,247,McNeese State,0,1998-04-22,1,False,Active,,,,,370,0.0,0.0,0.0,0.0,0.0,0.0,0.0,0.0,0.0,0.0,0.0,0.0,0.0,0.0,0.0,0.0,0.0,0.0,0.0,0.0,0.0,0.0,0.0,0.0,0.0,0.0,422,,0,,,,,,,,
2141,481,RB bench,,4962,Sony Michel,RB,FA,28,71,215,Georgia,0,1995-02-17,5,False,Active,,,,,355,0.0,0.0,0.0,0.0,0.0,0.0,0.0,0.0,0.0,0.0,0.0,0.0,0.0,0.0,0.0,0.0,0.0,0.0,0.0,0.0,0.0,0.0,0.0,0.0,0.0,0.0,481,,0,,,,,,,,
785,276,WR depth,,13394,Josh Cameron,WR,JAX,23,73,224,Baylor,19,2003-03-18,0,True,Active,,,7,WR7,999,0.0,0.0,0.0,0.0,0.0,0.0,0.0,0.0,0.0,0.0,0.0,0.0,0.0,0.0,0.0,0.0,0.0,0.0,0.0,0.0,0.0,0.0,0.0,0.0,0.0,0.0,864,170.0,1,0,453,,,170.0,,,-372
2143,482,RB bench,,6167,Jordan Scarlett,RB,MIA,26,71,200,Florida,22,1996-02-09,3,False,Inactive,,,,,9999999,0.0,0.0,0.0,0.0,0.0,0.0,0.0,0.0,0.0,0.0,0.0,0.0,0.0,0.0,0.0,0.0,0.0,0.0,0.0,0.0,0.0,0.0,0.0,0.0,0.0,0.0,482,,0,,,,,,,,
2144,865,WR bench,,4790,Robert Wheelwright,WR,FA,,75,211,Wisconsin,82,,5,False,Active,,,,,9999999,0.0,0.0,0.0,0.0,0.0,0.0,0.0,0.0,0.0,0.0,0.0,0.0,0.0,0.0,0.0,0.0,0.0,0.0,0.0,0.0,0.0,0.0,0.0,0.0,0.0,0.0,865,,0,,,,,,,,
2145,483,RB bench,,5123,Trenton Cannon,RB,FA,28,71,185,Virginia State,23,1994-07-23,5,False,Inactive,,,,,9999999,0.0,0.0,0.0,0.0,0.0,0.0,0.0,0.0,0.0,0.0,0.0,0.0,0.0,0.0,0.0,0.0,0.0,0.0,0.0,0.0,0.0,0.0,0.0,0.0,0.0,0.0,483,,0,,,,,,,,
2146,237,QB bench,,4183,Nathan Peterman,QB,FA,32,74,220,Pittsburgh,4,1994-05-04,9,False,Active,,,,,999,0.0,0.0,0.0,0.0,0.0,0.0,0.0,0.0,0.0,0.0,0.0,0.0,0.0,0.0,0.0,0.0,0.0,0.0,0.0,0.0,0.0,0.0,0.0,0.0,0.0,0.0,237,,0,,,,,,,,
2147,423,TE bench,,5264,Blake Mack,TE,FA,25,75,229,Arkansas State,88,1996-04-24,4,False,Active,,,,,9999999,0.0,0.0,0.0,0.0,0.0,0.0,0.0,0.0,0.0,0.0,0.0,0.0,0.0,0.0,0.0,0.0,0.0,0.0,0.0,0.0,0.0,0.0,0.0,0.0,0.0,0.0,423,,0,,,,,,,,
1222,464,WR depth,,11609,Player Invalid,WR,FA,,,,,,,0,True,Inactive,,,,,,0.0,0.0,0.0,0.0,0.0,0.0,0.0,0.0,0.0,0.0,0.0,0.0,0.0,0.0,0.0,0.0,0.0,0.0,0.0,0.0,0.0,0.0,0.0,0.0,0.0,0.0,866,,0,,,,,,,,
2149,867,WR bench,,7320,Dalton Schoen,WR,FA,25,73,206,Kansas State,0,1996-10-13,2,False,Active,,,,,9999999,0.0,0.0,0.0,0.0,0.0,0.0,0.0,0.0,0.0,0.0,0.0,0.0,0.0,0.0,0.0,0.0,0.0,0.0,0.0,0.0,0.0,0.0,0.0,0.0,0.0,0.0,867,,0,,,,,,,,
2150,868,WR bench,,8238,Emeka Emezie,WR,FA,23,75,212,North Carolina State,0,1999-05-18,1,False,Inactive,,,,,9999999,0.0,0.0,0.0,0.0,0.0,0.0,0.0,0.0,0.0,0.0,0.0,0.0,0.0,0.0,0.0,0.0,0.0,0.0,0.0,0.0,0.0,0.0,0.0,0.0,0.0,0.0,868,,0,,,,,,,,
2151,238,QB bench,,7335,Bryce Perkins,QB,FA,28,75,215,Virginia,10,1996-12-20,5,False,Active,,,,,514,0.0,0.0,0.0,0.0,0.0,0.0,0.0,0.0,0.0,0.0,0.0,0.0,0.0,0.0,0.0,0.0,0.0,0.0,0.0,0.0,0.0,0.0,0.0,0.0,0.0,0.0,238,,0,,,,,,,,
2152,869,WR bench,,8420,Jack Sorenson,WR,FA,25,72,192,Miami (OH),0,1997-07-26,1,False,Active,,,,,280,0.0,0.0,0.0,0.0,0.0,0.0,0.0,0.0,0.0,0.0,0.0,0.0,0.0,0.0,0.0,0.0,0.0,0.0,0.0,0.0,0.0,0.0,0.0,0.0,0.0,0.0,869,,0,,,,,,,,
2153,424,TE bench,,4221,Jeremy Sprinkle,TE,FA,28,77,252,Arkansas,87,1994-08-10,5,False,Inactive,,,,,372,0.0,0.0,0.0,0.0,0.0,0.0,0.0,0.0,0.0,0.0,0.0,0.0,0.0,0.0,0.0,0.0,0.0,0.0,0.0,0.0,0.0,0.0,0.0,0.0,0.0,0.0,424,,0,,,,,,,,
2154,870,WR bench,,6554,Shawn Poindexter,WR,FA,26,77,218,Arizona,1,1995-12-13,3,False,Inactive,,,,,9999999,0.0,0.0,0.0,0.0,0.0,0.0,0.0,0.0,0.0,0.0,0.0,0.0,0.0,0.0,0.0,0.0,0.0,0.0,0.0,0.0,0.0,0.0,0.0,0.0,0.0,0.0,870,,0,,,,,,,,
2155,425,TE bench,,4531,Ricky Seals-Jones,TE,FA,28,77,243,Texas A&M,48,1995-03-15,6,False,Inactive,,,,,639,0.0,0.0,0.0,0.0,0.0,0.0,0.0,0.0,0.0,0.0,0.0,0.0,0.0,0.0,0.0,0.0,0.0,0.0,0.0,0.0,0.0,0.0,0.0,0.0,0.0,0.0,425,,0,,,,,,,,
786,166,RB depth,,6963,Patrick Taylor,RB,SF,28,74,217,Memphis,32,1998-04-29,6,False,Active,,,6,RB6,999,0.0,0.0,0.0,0.0,0.0,0.0,0.0,0.0,0.0,0.0,0.0,0.0,0.0,13.0,29.8,2.29,0.0,0.0,0.0,39.0,183.0,1.0,3.0,11.0,25.0,0.0,484,170.0,1,0,744,,,170.0,,,-82
2157,871,WR bench,,4676,Darreus Rogers,WR,FA,28,73,215,Southern California,1,1993-09-03,5,False,Active,,,,,9999999,0.0,0.0,0.0,0.0,0.0,0.0,0.0,0.0,0.0,0.0,0.0,0.0,0.0,0.0,0.0,0.0,0.0,0.0,0.0,0.0,0.0,0.0,0.0,0.0,0.0,0.0,871,,0,,,,,,,,
2158,239,QB bench,,8057,Kenji Bahar,QB,FA,,75,200,Monmouth,0,,1,False,Active,,,,,689,0.0,0.0,0.0,0.0,0.0,0.0,0.0,0.0,0.0,0.0,0.0,0.0,0.0,0.0,0.0,0.0,0.0,0.0,0.0,0.0,0.0,0.0,0.0,0.0,0.0,0.0,239,,0,,,,,,,,
2159,872,WR bench,,5101,Deon Cain,WR,FA,29,74,202,Clemson,32,1996-08-09,7,False,Active,,,,,487,0.0,0.0,0.0,0.0,0.0,0.0,0.0,0.0,0.0,0.0,0.0,0.0,0.0,0.0,0.0,0.0,0.0,0.0,0.0,0.0,0.0,0.0,0.0,0.0,0.0,0.0,872,,0,,,,,,,,
2160,873,WR bench,,12431,Rory Starkey,WR,FA,,74,210,Samford,,,1,False,Active,,,,,9999999,0.0,0.0,0.0,0.0,0.0,0.0,0.0,0.0,0.0,0.0,0.0,0.0,0.0,0.0,0.0,0.0,0.0,0.0,0.0,0.0,0.0,0.0,0.0,0.0,0.0,0.0,873,,0,,,,,,,,
1223,235,TE depth,,13705,Ty Pezza,TE,BAL,23,75,240,Brown,84,2002-09-18,0,True,Active,,,,,9999999,0.0,0.0,0.0,0.0,0.0,0.0,0.0,0.0,0.0,0.0,0.0,0.0,0.0,0.0,0.0,0.0,0.0,0.0,0.0,0.0,0.0,0.0,0.0,0.0,0.0,0.0,426,,0,,,,,,,,
2162,427,TE bench,,12973,DJ Thomas-Jones,TE,FA,23,74,256,South Alabama,,2002-07-06,1,False,Active,,,,,684,0.0,0.0,0.0,0.0,0.0,0.0,0.0,0.0,0.0,0.0,0.0,0.0,0.0,0.0,0.0,0.0,0.0,0.0,0.0,0.0,0.0,0.0,0.0,0.0,0.0,0.0,427,,0,,,,,,,,
2163,428,TE bench,,1619,Demetrius Harris,TE,FA,30,79,230,Milwaukee,84,1991-07-29,9,False,Active,,,,,9999999,0.0,0.0,0.0,0.0,0.0,0.0,0.0,0.0,0.0,0.0,0.0,0.0,0.0,0.0,0.0,0.0,0.0,0.0,0.0,0.0,0.0,0.0,0.0,0.0,0.0,0.0,428,,0,,,,,,,,
252,25,K depth,,13545,Trey Smack,K,GB,23,73,188,Florida,28,2003-06-12,0,True,Active,,,1,K1,330,0.0,0.0,0.0,0.0,0.0,0.0,0.0,0.0,0.0,0.0,0.0,0.0,0.0,0.0,0.0,0.0,0.0,0.0,0.0,0.0,0.0,0.0,0.0,0.0,0.0,0.0,108,169.7,1,0,225,,,169.7,,,-602
1224,279,RB depth,,13117,Qualan Jones,RB,FA,,70,242,Stephen F. Austin,,,0,True,Inactive,,,,,9999999,0.0,0.0,0.0,0.0,0.0,0.0,0.0,0.0,0.0,0.0,0.0,0.0,0.0,0.0,0.0,0.0,0.0,0.0,0.0,0.0,0.0,0.0,0.0,0.0,0.0,0.0,485,,0,,,,,,,,
2166,240,QB bench,,4839,Mitch Leidner,QB,FA,27,76,230,Minnesota,3,1994-01-17,5,False,Active,,,,,9999999,0.0,0.0,0.0,0.0,0.0,0.0,0.0,0.0,0.0,0.0,0.0,0.0,0.0,0.0,0.0,0.0,0.0,0.0,0.0,0.0,0.0,0.0,0.0,0.0,0.0,0.0,240,,0,,,,,,,,
787,277,WR depth,,11808,Jha'Quan Jackson,WR,HOU,26,69,188,Tulane,88,2000-05-15,2,False,Active,,,8,WR8,999,0.0,0.0,0.0,0.0,0.0,0.0,0.0,0.0,0.0,0.0,0.0,0.0,0.0,12.0,-2.7,-0.23,0.0,0.0,0.0,1.0,-5.0,0.0,1.0,3.0,8.0,0.0,874,170.0,1,0,629,,,170.0,,,-199
2168,875,WR bench,,4831,Justice Liggins,WR,FA,27,73,210,Stephen F. Austin,82,1994-12-14,5,False,Active,,,,,9999999,0.0,0.0,0.0,0.0,0.0,0.0,0.0,0.0,0.0,0.0,0.0,0.0,0.0,0.0,0.0,0.0,0.0,0.0,0.0,0.0,0.0,0.0,0.0,0.0,0.0,0.0,875,,0,,,,,,,,
788,278,WR depth,,7357,Dan Chisena,WR,CAR,29,75,202,Penn State,88,1997-02-25,6,False,Inactive,IR,,8,WR8,9999999,1.0,0.0,0.0,0.0,0.0,0.0,0.0,0.0,0.0,0.0,0.0,0.0,0.0,6.0,6.7,1.12,0.0,0.0,0.0,0.0,0.0,0.0,3.0,4.0,37.0,0.0,876,170.0,1,0,558,,,170.0,,,-271
2170,486,RB bench,,8568,John Lovett,RB,FA,23,72,209,Penn State,33,1999-08-28,2,False,Active,,,,,9999999,0.0,0.0,0.0,0.0,0.0,0.0,0.0,0.0,0.0,0.0,0.0,0.0,0.0,0.0,0.0,0.0,0.0,0.0,0.0,0.0,0.0,0.0,0.0,0.0,0.0,0.0,486,,0,,,,,,,,
2171,877,WR bench,,12281,Dimitri Stanley,WR,FA,25,72,200,Iowa State,,1999-11-23,1,False,Active,,,,,999,0.0,0.0,0.0,0.0,0.0,0.0,0.0,0.0,0.0,0.0,0.0,0.0,0.0,0.0,0.0,0.0,0.0,0.0,0.0,0.0,0.0,0.0,0.0,0.0,0.0,0.0,877,,0,,,,,,,,
2172,878,WR bench,,11136,Oliver Martin,WR,FA,24,73,200,Nebraska,88,1998-11-03,1,False,Active,,,,,9999999,0.0,0.0,0.0,0.0,0.0,0.0,0.0,0.0,0.0,0.0,0.0,0.0,0.0,0.0,0.0,0.0,0.0,0.0,0.0,0.0,0.0,0.0,0.0,0.0,0.0,0.0,878,,0,,,,,,,,
2173,241,QB bench,,6898,Anthony Gordon,QB,FA,25,75,201,Washington State,10,1996-08-28,2,False,Active,,,,,9999999,0.0,0.0,0.0,0.0,0.0,0.0,0.0,0.0,0.0,0.0,0.0,0.0,0.0,0.0,0.0,0.0,0.0,0.0,0.0,0.0,0.0,0.0,0.0,0.0,0.0,0.0,241,,0,,,,,,,,
2174,879,WR bench,,12777,Joaquin Davis,WR,PIT,23,76,195,North Carolina Central,89,2002-08-18,1,False,Active,,,,,999,0.0,0.0,0.0,0.0,0.0,0.0,0.0,0.0,0.0,0.0,0.0,0.0,0.0,0.0,0.0,0.0,0.0,0.0,0.0,0.0,0.0,0.0,0.0,0.0,0.0,0.0,879,,0,,,,,,,,
2175,429,TE bench,,8864,Ben Beise,TE,FA,,77,255,Wisconsin-River Falls,0,,1,False,Active,,,,,9999999,0.0,0.0,0.0,0.0,0.0,0.0,0.0,0.0,0.0,0.0,0.0,0.0,0.0,0.0,0.0,0.0,0.0,0.0,0.0,0.0,0.0,0.0,0.0,0.0,0.0,0.0,429,,0,,,,,,,,
1225,151,QB depth,,5817,Byron Leftwich,QB,FA,40,"6'5""",250,Marshall,4,1980-01-14,0,True,Inactive,,,,,9999999,0.0,0.0,0.0,0.0,0.0,0.0,0.0,0.0,0.0,0.0,0.0,0.0,0.0,0.0,0.0,0.0,0.0,0.0,0.0,0.0,0.0,0.0,0.0,0.0,0.0,0.0,242,,0,,,,,,,,
1226,465,WR depth,,14039,Mante Morrow,WR,LAC,,76,210,Upper Iowa,39,,0,True,Active,,,,,9999999,0.0,0.0,0.0,0.0,0.0,0.0,0.0,0.0,0.0,0.0,0.0,0.0,0.0,0.0,0.0,0.0,0.0,0.0,0.0,0.0,0.0,0.0,0.0,0.0,0.0,0.0,880,,0,,,,,,,,
2178,881,WR bench,,3660,Valdez Showers,WR,FA,28,72,193,Florida,5,1993-06-28,6,False,Active,,,,,9999999,0.0,0.0,0.0,0.0,0.0,0.0,0.0,0.0,0.0,0.0,0.0,0.0,0.0,0.0,0.0,0.0,0.0,0.0,0.0,0.0,0.0,0.0,0.0,0.0,0.0,0.0,881,,0,,,,,,,,
2179,430,TE bench,,5009,Chris Herndon,TE,FA,26,76,253,Miami (FL),89,1996-02-23,4,False,Active,,,,,9999999,0.0,0.0,0.0,0.0,0.0,0.0,0.0,0.0,0.0,0.0,0.0,0.0,0.0,0.0,0.0,0.0,0.0,0.0,0.0,0.0,0.0,0.0,0.0,0.0,0.0,0.0,430,,0,,,,,,,,
2180,882,WR bench,,3606,Amir Carlisle,WR,FA,32,70,195,Notre Dame,0,1992-09-24,9,False,Active,,,,,9999999,0.0,0.0,0.0,0.0,0.0,0.0,0.0,0.0,0.0,0.0,0.0,0.0,0.0,0.0,0.0,0.0,0.0,0.0,0.0,0.0,0.0,0.0,0.0,0.0,0.0,0.0,882,,0,,,,,,,,
2181,243,QB bench,,6147,Clayton Thorson,QB,NYG,26,76,222,Northwestern,0,1995-12-25,3,False,Active,,,,,478,0.0,0.0,0.0,0.0,0.0,0.0,0.0,0.0,0.0,0.0,0.0,0.0,0.0,0.0,0.0,0.0,0.0,0.0,0.0,0.0,0.0,0.0,0.0,0.0,0.0,0.0,243,,0,,,,,,,,
2182,883,WR bench,,7789,Jalen Camp,WR,FA,26,74,220,Georgia Tech,84,1998-07-10,3,False,Active,,,,,9999999,0.0,0.0,0.0,0.0,0.0,0.0,0.0,0.0,0.0,0.0,0.0,0.0,0.0,0.0,0.0,0.0,0.0,0.0,0.0,0.0,0.0,0.0,0.0,0.0,0.0,0.0,883,,0,,,,,,,,
2183,487,RB bench,,8749,Tyreik McAllister,RB,FA,27,70,185,Charleston (WV),13,1998-04-07,3,False,Active,,,,,9999999,0.0,0.0,0.0,0.0,0.0,0.0,0.0,0.0,0.0,0.0,0.0,0.0,0.0,3.0,1.1,0.37,0.0,0.0,0.0,2.0,11.0,0.0,0.0,0.0,0.0,0.0,487,,0,,,,,,,,
1227,280,RB depth,,14008,Rodney Hammond,RB,DEN,23,69,195,Sacramento State,,2002-09-02,0,True,Active,,,,,9999999,0.0,0.0,0.0,0.0,0.0,0.0,0.0,0.0,0.0,0.0,0.0,0.0,0.0,0.0,0.0,0.0,0.0,0.0,0.0,0.0,0.0,0.0,0.0,0.0,0.0,0.0,488,,0,,,,,,,,
351,47,QB depth,,13275,Ty Simpson,QB,LAR,23,73,211,Alabama,15,2002-12-21,0,True,Active,,,2,QB2,141,0.0,0.0,0.0,0.0,0.0,0.0,0.0,0.0,0.0,0.0,0.0,0.0,0.0,0.0,0.0,0.0,0.0,0.0,0.0,0.0,0.0,0.0,0.0,0.0,0.0,0.0,244,169.9,1,0,247,,,169.9,,,-583
789,167,RB depth,,7087,Jonathan Ward,RB,FA,28,72,202,Central Michigan,30,1997-09-30,6,False,Active,,,,,383,0.0,0.0,0.0,0.0,0.0,0.0,0.0,0.0,0.0,0.0,0.0,0.0,0.0,4.0,2.2,0.55,0.0,0.0,0.0,5.0,22.0,0.0,0.0,0.0,0.0,0.0,489,170.0,1,0,832,,,170.0,,,1
790,168,RB depth,,12969,Lan Larison,RB,NE,24,71,209,UC Davis,34,2001-10-11,1,False,Active,,,5,RB5,999,0.0,0.0,0.0,0.0,0.0,0.0,0.0,0.0,0.0,0.0,0.0,0.0,0.0,0.0,0.0,0.0,0.0,0.0,0.0,0.0,0.0,0.0,0.0,0.0,0.0,0.0,490,170.0,1,0,785,,,170.0,,,-47
2188,491,RB bench,,10865,Travis Dye,RB,FA,24,70,201,USC,35,1999-08-24,1,False,Active,,,,,689,0.0,0.0,0.0,0.0,0.0,0.0,0.0,0.0,0.0,0.0,0.0,0.0,0.0,0.0,0.0,0.0,0.0,0.0,0.0,0.0,0.0,0.0,0.0,0.0,0.0,0.0,491,,0,,,,,,,,
2189,431,TE bench,,12815,Stevo Klotz,TE,FA,,76,260,Iowa State,,,1,False,Active,,,,,682,0.0,0.0,0.0,0.0,0.0,0.0,0.0,0.0,0.0,0.0,0.0,0.0,0.0,0.0,0.0,0.0,0.0,0.0,0.0,0.0,0.0,0.0,0.0,0.0,0.0,0.0,431,,0,,,,,,,,
2190,432,TE bench,,4309,Scott Orndoff,TE,FA,28,76,255,Pittsburgh,86,1993-12-16,5,False,Active,,,,,9999999,0.0,0.0,0.0,0.0,0.0,0.0,0.0,0.0,0.0,0.0,0.0,0.0,0.0,0.0,0.0,0.0,0.0,0.0,0.0,0.0,0.0,0.0,0.0,0.0,0.0,0.0,432,,0,,,,,,,,
1228,466,WR depth,,13920,Jonathan Brady,WR,FA,22,70,183,Indiana,83,2003-10-08,0,True,Active,,,,,9999999,0.0,0.0,0.0,0.0,0.0,0.0,0.0,0.0,0.0,0.0,0.0,0.0,0.0,0.0,0.0,0.0,0.0,0.0,0.0,0.0,0.0,0.0,0.0,0.0,0.0,0.0,884,,0,,,,,,,,
2192,492,RB bench,,12080,Aidan Robbins,RB,FA,24,74,237,BYU,49,2000-12-22,1,False,Active,,,,,633,0.0,0.0,0.0,0.0,0.0,0.0,0.0,0.0,0.0,0.0,0.0,0.0,0.0,0.0,0.0,0.0,0.0,0.0,0.0,0.0,0.0,0.0,0.0,0.0,0.0,0.0,492,,0,,,,,,,,
1229,467,WR depth,,14067,Jeff Weimer,WR,KC,,74,211,West Virginia,5,,0,True,Active,,,,,9999999,0.0,0.0,0.0,0.0,0.0,0.0,0.0,0.0,0.0,0.0,0.0,0.0,0.0,0.0,0.0,0.0,0.0,0.0,0.0,0.0,0.0,0.0,0.0,0.0,0.0,0.0,885,,0,,,,,,,,
1230,468,WR depth,,14037,Rashad Rochelle,WR,SEA,23,71,185,Indiana State,35,2003-05-19,0,True,Active,,,,,9999999,0.0,0.0,0.0,0.0,0.0,0.0,0.0,0.0,0.0,0.0,0.0,0.0,0.0,0.0,0.0,0.0,0.0,0.0,0.0,0.0,0.0,0.0,0.0,0.0,0.0,0.0,886,,0,,,,,,,,
2195,493,RB bench,,12007,Nathaniel Peat,RB,FA,24,68,197,Missouri,,2000-08-23,1,False,Active,,,,,351,0.0,0.0,0.0,0.0,0.0,0.0,0.0,0.0,0.0,0.0,0.0,0.0,0.0,0.0,0.0,0.0,0.0,0.0,0.0,0.0,0.0,0.0,0.0,0.0,0.0,0.0,493,,0,,,,,,,,
2196,245,QB bench,,7084,Jake Luton,QB,FA,28,78,224,Oregon State,13,1996-04-11,5,False,Active,,,,,652,0.0,0.0,0.0,0.0,0.0,0.0,0.0,0.0,0.0,0.0,0.0,0.0,0.0,0.0,0.0,0.0,0.0,0.0,0.0,0.0,0.0,0.0,0.0,0.0,0.0,0.0,245,,0,,,,,,,,
2197,887,WR bench,,11133,Jaray Jenkins,WR,FA,24,74,206,LSU,82,2000-01-04,1,False,Active,,,,,445,0.0,0.0,0.0,0.0,0.0,0.0,0.0,0.0,0.0,0.0,0.0,0.0,0.0,0.0,0.0,0.0,0.0,0.0,0.0,0.0,0.0,0.0,0.0,0.0,0.0,0.0,887,,0,,,,,,,,
2198,109,K bench,,7201,Nick Vogel,K,FA,26,70,190,Alabama-Birmingham,18,1995-12-23,2,False,Active,,,,K1,9999999,0.0,0.0,0.0,0.0,0.0,0.0,0.0,0.0,0.0,0.0,0.0,0.0,0.0,0.0,0.0,0.0,0.0,0.0,0.0,0.0,0.0,0.0,0.0,0.0,0.0,0.0,109,,0,,,,,,,,
2199,110,K bench,,8055,Brian Johnson,K,FA,23,73,185,Virginia Tech,16,1999-03-05,1,False,Active,,,,K1,9999999,0.0,0.0,0.0,0.0,0.0,0.0,0.0,0.0,0.0,0.0,0.0,0.0,0.0,0.0,0.0,0.0,0.0,0.0,0.0,0.0,0.0,0.0,0.0,0.0,0.0,0.0,110,,0,,,,,,,,
995,361,WR depth,,13320,Zachariah Branch,WR,ATL,22,70,180,Georgia,17,2004-03-29,0,True,Active,,,2,WR2,180,0.0,0.0,0.0,0.0,0.0,0.0,0.0,0.0,0.0,0.0,0.0,0.0,0.0,0.0,0.0,0.0,0.0,0.0,0.0,0.0,0.0,0.0,0.0,0.0,0.0,0.0,888,171.2,2,737,621,,172.2,170.2,,,-212
2201,494,RB bench,,2900,Terrence Franks,RB,FA,32,70,214,Texas State,0,1992-05-12,10,False,Active,,,,,9999999,0.0,0.0,0.0,0.0,0.0,0.0,0.0,0.0,0.0,0.0,0.0,0.0,0.0,0.0,0.0,0.0,0.0,0.0,0.0,0.0,0.0,0.0,0.0,0.0,0.0,0.0,494,,0,,,,,,,,
2202,889,WR bench,,2913,Gavin Lutman,WR,FA,33,76,211,Pittsburg State,8,1991-03-27,10,False,Active,,,,,9999999,0.0,0.0,0.0,0.0,0.0,0.0,0.0,0.0,0.0,0.0,0.0,0.0,0.0,0.0,0.0,0.0,0.0,0.0,0.0,0.0,0.0,0.0,0.0,0.0,0.0,0.0,889,,0,,,,,,,,
2203,495,RB bench,,12306,La'Damian Webb,RB,FA,,67,210,South Alabama,,,1,False,Active,,,,,9999999,0.0,0.0,0.0,0.0,0.0,0.0,0.0,0.0,0.0,0.0,0.0,0.0,0.0,0.0,0.0,0.0,0.0,0.0,0.0,0.0,0.0,0.0,0.0,0.0,0.0,0.0,495,,0,,,,,,,,
2204,246,QB bench,,11491,Austin Aune,QB,FA,29,74,221,North Texas,14,1993-09-06,1,False,Active,,,,,9999999,0.0,0.0,0.0,0.0,0.0,0.0,0.0,0.0,0.0,0.0,0.0,0.0,0.0,0.0,0.0,0.0,0.0,0.0,0.0,0.0,0.0,0.0,0.0,0.0,0.0,0.0,246,,0,,,,,,,,
791,279,WR depth,,12732,Dominic Lovett,WR,DET,23,70,185,Georgia,19,2002-11-08,1,False,Active,,,7,WR7,999,12.0,0.0,0.0,0.0,0.0,0.0,0.0,0.0,0.0,0.0,0.0,0.0,0.0,0.0,0.0,0.0,0.0,0.0,0.0,0.0,0.0,0.0,0.0,0.0,0.0,0.0,890,170.0,1,0,416,,,170.0,,,-418
2206,891,WR bench,,12296,Kaylon Horton,WR,FA,,69,173,North Texas,,,1,False,Active,,,,,9999999,0.0,0.0,0.0,0.0,0.0,0.0,0.0,0.0,0.0,0.0,0.0,0.0,0.0,0.0,0.0,0.0,0.0,0.0,0.0,0.0,0.0,0.0,0.0,0.0,0.0,0.0,891,,0,,,,,,,,
1231,152,QB depth,,13781,Ken Seals,QB,FA,,75,225,TCU,,,0,True,Active,,,,,9999999,0.0,0.0,0.0,0.0,0.0,0.0,0.0,0.0,0.0,0.0,0.0,0.0,0.0,0.0,0.0,0.0,0.0,0.0,0.0,0.0,0.0,0.0,0.0,0.0,0.0,0.0,247,,0,,,,,,,,
2208,892,WR bench,,7996,Dillon Stoner,WR,FA,25,72,194,Oklahoma State,16,1998-02-06,2,False,Inactive,,,,,9999999,0.0,0.0,0.0,0.0,0.0,0.0,0.0,0.0,0.0,0.0,0.0,0.0,0.0,0.0,0.0,0.0,0.0,0.0,0.0,0.0,0.0,0.0,0.0,0.0,0.0,0.0,892,,0,,,,,,,,
239,27,QB depth,,13269,Fernando Mendoza,QB,LV,22,77,225,Indiana,15,2003-10-01,0,True,Active,,,1,QB1,39,0.0,0.0,0.0,0.0,0.0,0.0,0.0,0.0,0.0,0.0,0.0,0.0,0.0,0.0,0.0,0.0,0.0,0.0,0.0,0.0,0.0,0.0,0.0,0.0,0.0,0.0,248,169.4,2,53,201,,171.7,167.2,,,-634
2210,249,QB bench,,1338,Matt Barkley,QB,FA,33,74,227,USC,19,1990-09-08,11,False,Active,,,,,564,0.0,0.0,0.0,0.0,0.0,0.0,0.0,0.0,0.0,0.0,0.0,0.0,0.0,0.0,0.0,0.0,0.0,0.0,0.0,0.0,0.0,0.0,0.0,0.0,0.0,0.0,249,,0,,,,,,,,
352,122,WR depth,,13420,Bryce Lance,WR,NO,23,75,204,North Dakota State,18,2002-08-20,0,True,Active,,,5,WR5,999,0.0,0.0,0.0,0.0,0.0,0.0,0.0,0.0,0.0,0.0,0.0,0.0,0.0,0.0,0.0,0.0,0.0,0.0,0.0,0.0,0.0,0.0,0.0,0.0,0.0,0.0,893,169.9,1,0,326,,,169.9,,,-510
2212,433,TE bench,,8634,Chris Pierce,TE,FA,25,76,235,Vanderbilt,48,1998-11-02,2,False,Active,,,,,700,0.0,0.0,0.0,0.0,0.0,0.0,0.0,0.0,0.0,0.0,0.0,0.0,0.0,0.0,0.0,0.0,0.0,0.0,0.0,0.0,0.0,0.0,0.0,0.0,0.0,0.0,433,,0,,,,,,,,
2213,496,RB bench,,4187,Brian Hill,RB,FA,27,73,216,Wyoming,36,1995-11-09,6,False,Active,,,,,9999999,0.0,0.0,0.0,0.0,0.0,0.0,0.0,0.0,0.0,0.0,0.0,0.0,0.0,0.0,0.0,0.0,0.0,0.0,0.0,0.0,0.0,0.0,0.0,0.0,0.0,0.0,496,,0,,,,,,,,
2214,894,WR bench,,2279,Paul Richardson,WR,FA,29,72,180,Colorado,10,1992-04-13,8,False,Active,,,,,847,0.0,0.0,0.0,0.0,0.0,0.0,0.0,0.0,0.0,0.0,0.0,0.0,0.0,0.0,0.0,0.0,0.0,0.0,0.0,0.0,0.0,0.0,0.0,0.0,0.0,0.0,894,,0,,,,,,,,
2215,497,RB bench,,1476,Latavius Murray,RB,FA,34,75,230,UCF,28,1990-01-18,11,False,Active,,,,,467,0.0,0.0,0.0,0.0,0.0,0.0,0.0,0.0,0.0,0.0,0.0,0.0,0.0,0.0,0.0,0.0,0.0,0.0,0.0,0.0,0.0,0.0,0.0,0.0,0.0,0.0,497,,0,,,,,,,,
2216,895,WR bench,,5080,Damion Ratley,WR,FA,26,74,200,Texas A&M,0,1995-04-16,4,False,Active,,,,,9999999,0.0,0.0,0.0,0.0,0.0,0.0,0.0,0.0,0.0,0.0,0.0,0.0,0.0,0.0,0.0,0.0,0.0,0.0,0.0,0.0,0.0,0.0,0.0,0.0,0.0,0.0,895,,0,,,,,,,,
2217,111,K bench,,6625,Clayton Hatfield,K,FA,,70,185,Texas Tech,0,,3,False,Active,,,,K1,9999999,0.0,0.0,0.0,0.0,0.0,0.0,0.0,0.0,0.0,0.0,0.0,0.0,0.0,0.0,0.0,0.0,0.0,0.0,0.0,0.0,0.0,0.0,0.0,0.0,0.0,0.0,111,,0,,,,,,,,
2218,434,TE bench,,8884,JJ Howland,TE,FA,25,78,255,Yale,0,1997-10-15,2,False,Active,,,,,9999999,0.0,0.0,0.0,0.0,0.0,0.0,0.0,0.0,0.0,0.0,0.0,0.0,0.0,0.0,0.0,0.0,0.0,0.0,0.0,0.0,0.0,0.0,0.0,0.0,0.0,0.0,434,,0,,,,,,,,
2219,435,TE bench,,12107,Dylan Leonard,TE,FA,24,77,240,Georgia Tech,,2000-12-15,1,False,Active,,,,,9999999,0.0,0.0,0.0,0.0,0.0,0.0,0.0,0.0,0.0,0.0,0.0,0.0,0.0,0.0,0.0,0.0,0.0,0.0,0.0,0.0,0.0,0.0,0.0,0.0,0.0,0.0,435,,0,,,,,,,,
2220,436,TE bench,,4151,Jake Butt,TE,FA,26,78,250,Michigan,0,1995-07-11,5,False,Injured Reserve,,,,,568,0.0,0.0,0.0,0.0,0.0,0.0,0.0,0.0,0.0,0.0,0.0,0.0,0.0,0.0,0.0,0.0,0.0,0.0,0.0,0.0,0.0,0.0,0.0,0.0,0.0,0.0,436,,0,,,,,,,,
2221,896,WR bench,,13124,Jeremiah Webb,WR,NE,25,71,198,South Alabama,29,2001-05-17,1,False,Inactive,IR,,,,999,0.0,0.0,0.0,0.0,0.0,0.0,0.0,0.0,0.0,0.0,0.0,0.0,0.0,0.0,0.0,0.0,0.0,0.0,0.0,0.0,0.0,0.0,0.0,0.0,0.0,0.0,896,,0,,,,,,,,
2222,498,RB bench,,5195,Akrum Wadley,RB,FA,26,71,195,Iowa,38,1995-03-13,4,False,Active,,,,,9999999,0.0,0.0,0.0,0.0,0.0,0.0,0.0,0.0,0.0,0.0,0.0,0.0,0.0,0.0,0.0,0.0,0.0,0.0,0.0,0.0,0.0,0.0,0.0,0.0,0.0,0.0,498,,0,,,,,,,,
2223,897,WR bench,,1110,T.Y. Hilton,WR,FA,33,69,183,Florida International,16,1989-11-14,11,False,Active,,,,,456,0.0,0.0,0.0,0.0,0.0,0.0,0.0,0.0,0.0,0.0,0.0,0.0,0.0,0.0,0.0,0.0,0.0,0.0,0.0,0.0,0.0,0.0,0.0,0.0,0.0,0.0,897,,0,,,,,,,,
2224,898,WR bench,,5710,Nick Holley,WR,FA,27,70,200,Kent State,25,1994-12-05,4,False,Active,,,,,9999999,0.0,0.0,0.0,0.0,0.0,0.0,0.0,0.0,0.0,0.0,0.0,0.0,0.0,0.0,0.0,0.0,0.0,0.0,0.0,0.0,0.0,0.0,0.0,0.0,0.0,0.0,898,,0,,,,,,,,
792,280,WR depth,,7565,Terrace Marshall,WR,MIA,26,74,200,LSU,86,2000-06-09,5,False,Active,,,8,WR8,999,0.0,0.0,0.0,0.0,0.0,0.0,0.0,0.0,0.0,0.0,0.0,0.0,0.0,7.0,7.1,1.01,0.0,0.0,0.0,0.0,0.0,0.0,3.0,6.0,41.0,0.0,899,170.0,1,0,559,,,170.0,,,-278
2226,250,QB bench,,11374,James Blackman,QB,FA,24,78,185,Arkansas State,16,1998-11-14,1,False,Active,,,,,425,0.0,0.0,0.0,0.0,0.0,0.0,0.0,0.0,0.0,0.0,0.0,0.0,0.0,0.0,0.0,0.0,0.0,0.0,0.0,0.0,0.0,0.0,0.0,0.0,0.0,0.0,250,,0,,,,,,,,
2227,499,RB bench,,7103,Tavien Feaster,RB,ARI,24,72,221,South Carolina,30,1997-12-31,2,False,Active,,,,,384,0.0,0.0,0.0,0.0,0.0,0.0,0.0,0.0,0.0,0.0,0.0,0.0,0.0,0.0,0.0,0.0,0.0,0.0,0.0,0.0,0.0,0.0,0.0,0.0,0.0,0.0,499,,0,,,,,,,,
2228,437,TE bench,,8589,Marcus Santos-Silva,TE,FA,25,78,261,Texas Tech,0,1997-06-07,1,False,Active,,,,,9999999,0.0,0.0,0.0,0.0,0.0,0.0,0.0,0.0,0.0,0.0,0.0,0.0,0.0,0.0,0.0,0.0,0.0,0.0,0.0,0.0,0.0,0.0,0.0,0.0,0.0,0.0,437,,0,,,,,,,,
793,281,WR depth,,1352,Robert Woods,WR,FA,33,72,190,USC,16,1992-04-10,12,False,Active,NA,,,,492,0.0,0.0,0.0,0.0,0.0,0.0,0.0,0.0,0.0,0.0,0.0,0.0,0.0,15.0,38.3,2.55,0.0,0.0,0.0,0.0,0.0,0.0,20.0,30.0,203.0,0.0,900,170.0,1,0,945,,,170.0,,,107
2230,438,TE bench,,4930,Franko House,TE,CHI,23,"6'6""",247,Ball State,0,1994-09-19,1,False,Active,,,,,9999999,0.0,0.0,0.0,0.0,0.0,0.0,0.0,0.0,0.0,0.0,0.0,0.0,0.0,0.0,0.0,0.0,0.0,0.0,0.0,0.0,0.0,0.0,0.0,0.0,0.0,0.0,438,,0,,,,,,,,
2231,901,WR bench,,8419,Stanley Berryhill,WR,FA,24,71,190,Arizona,83,1998-06-09,1,False,Active,,,,,406,0.0,0.0,0.0,0.0,0.0,0.0,0.0,0.0,0.0,0.0,0.0,0.0,0.0,0.0,0.0,0.0,0.0,0.0,0.0,0.0,0.0,0.0,0.0,0.0,0.0,0.0,901,,0,,,,,,,,
2232,500,RB bench,,7005,Scottie Phillips,RB,FA,24,68,209,Ole Miss,27,1997-10-06,2,False,Active,,,,,600,0.0,0.0,0.0,0.0,0.0,0.0,0.0,0.0,0.0,0.0,0.0,0.0,0.0,0.0,0.0,0.0,0.0,0.0,0.0,0.0,0.0,0.0,0.0,0.0,0.0,0.0,500,,0,,,,,,,,
976,226,RB depth,,13405,Kaytron Allen,RB,WAS,23,71,217,Penn State,31,2003-01-08,0,True,Active,,,5,RB5,157,0.0,0.0,0.0,0.0,0.0,0.0,0.0,0.0,0.0,0.0,0.0,0.0,0.0,0.0,0.0,0.0,0.0,0.0,0.0,0.0,0.0,0.0,0.0,0.0,0.0,0.0,501,170.3,1,0,1008,,,170.3,,,169
2234,902,WR bench,,3542,DeAndre Reaves,WR,FA,32,70,179,Marshall,0,1992-04-30,9,False,Active,,,,,9999999,0.0,0.0,0.0,0.0,0.0,0.0,0.0,0.0,0.0,0.0,0.0,0.0,0.0,0.0,0.0,0.0,0.0,0.0,0.0,0.0,0.0,0.0,0.0,0.0,0.0,0.0,902,,0,,,,,,,,
2235,251,QB bench,,3495,Mike Bercovici,QB,FA,28,74,210,Arizona State,6,1993-02-09,6,False,Active,,,,,9999999,0.0,0.0,0.0,0.0,0.0,0.0,0.0,0.0,0.0,0.0,0.0,0.0,0.0,0.0,0.0,0.0,0.0,0.0,0.0,0.0,0.0,0.0,0.0,0.0,0.0,0.0,251,,0,,,,,,,,
2236,439,TE bench,,11385,Brian Walker,TE,FA,24,76,233,Shepherd (WV),84,1999-01-07,1,False,Active,,,,,9999999,0.0,0.0,0.0,0.0,0.0,0.0,0.0,0.0,0.0,0.0,0.0,0.0,0.0,0.0,0.0,0.0,0.0,0.0,0.0,0.0,0.0,0.0,0.0,0.0,0.0,0.0,439,,0,,,,,,,,
2237,502,RB bench,,6334,Damarea Crockett,RB,FA,25,71,225,Missouri,33,1997-12-22,4,False,Active,,,,,664,0.0,0.0,0.0,0.0,0.0,0.0,0.0,0.0,0.0,0.0,0.0,0.0,0.0,0.0,0.0,0.0,0.0,0.0,0.0,0.0,0.0,0.0,0.0,0.0,0.0,0.0,502,,0,,,,,,,,
2238,903,WR bench,,13166,Kisean Johnson,WR,FA,,72,216,Western Kentucky,6,,1,False,Active,,,,,640,0.0,0.0,0.0,0.0,0.0,0.0,0.0,0.0,0.0,0.0,0.0,0.0,0.0,0.0,0.0,0.0,0.0,0.0,0.0,0.0,0.0,0.0,0.0,0.0,0.0,0.0,903,,0,,,,,,,,
2239,904,WR bench,,10230,Jalen Wayne,WR,FA,25,74,210,South Alabama,86,1999-05-13,1,False,Active,,,,,500,0.0,0.0,0.0,0.0,0.0,0.0,0.0,0.0,0.0,0.0,0.0,0.0,0.0,0.0,0.0,0.0,0.0,0.0,0.0,0.0,0.0,0.0,0.0,0.0,0.0,0.0,904,,0,,,,,,,,
2240,503,RB bench,,6951,Eno Benjamin,RB,FA,25,69,207,Arizona State,26,1999-04-13,4,False,Active,,,,,413,0.0,0.0,0.0,0.0,0.0,0.0,0.0,0.0,0.0,0.0,0.0,0.0,0.0,0.0,0.0,0.0,0.0,0.0,0.0,0.0,0.0,0.0,0.0,0.0,0.0,0.0,503,,0,,,,,,,,
1232,236,TE depth,,13810,Rohan Jones,TE,LAR,,75,236,Arkansas,46,,0,True,Active,,,,,9999999,0.0,0.0,0.0,0.0,0.0,0.0,0.0,0.0,0.0,0.0,0.0,0.0,0.0,0.0,0.0,0.0,0.0,0.0,0.0,0.0,0.0,0.0,0.0,0.0,0.0,0.0,440,,0,,,,,,,,
2242,252,QB bench,,4335,P.J. Walker,QB,FA,29,71,215,Temple,15,1995-02-26,7,False,Active,,,,,517,0.0,0.0,0.0,0.0,0.0,0.0,0.0,0.0,0.0,0.0,0.0,0.0,0.0,0.0,0.0,0.0,0.0,0.0,0.0,0.0,0.0,0.0,0.0,0.0,0.0,0.0,252,,0,,,,,,,,
2243,905,WR bench,,4392,Malcolm Lewis,WR,FA,28,70,194,Miami,18,1993-10-27,5,False,Active,,,,,9999999,0.0,0.0,0.0,0.0,0.0,0.0,0.0,0.0,0.0,0.0,0.0,0.0,0.0,0.0,0.0,0.0,0.0,0.0,0.0,0.0,0.0,0.0,0.0,0.0,0.0,0.0,905,,0,,,,,,,,
2244,504,RB bench,,11472,Alfonzo Graham,RB,FA,23,69,180,Morgan State,29,2000-03-20,1,False,Inactive,,,,,482,0.0,0.0,0.0,0.0,0.0,0.0,0.0,0.0,0.0,0.0,0.0,0.0,0.0,0.0,0.0,0.0,0.0,0.0,0.0,0.0,0.0,0.0,0.0,0.0,0.0,0.0,504,,0,,,,,,,,
2245,441,TE bench,,6919,Thaddeus Moss,TE,FA,24,75,240,LSU,81,1998-05-14,2,False,Active,,,,,382,0.0,0.0,0.0,0.0,0.0,0.0,0.0,0.0,0.0,0.0,0.0,0.0,0.0,0.0,0.0,0.0,0.0,0.0,0.0,0.0,0.0,0.0,0.0,0.0,0.0,0.0,441,,0,,,,,,,,
1233,281,RB depth,,13773,Isaiah Jacobs,RB,FA,,70,220,UAB,,,0,True,Active,,,,,9999999,0.0,0.0,0.0,0.0,0.0,0.0,0.0,0.0,0.0,0.0,0.0,0.0,0.0,0.0,0.0,0.0,0.0,0.0,0.0,0.0,0.0,0.0,0.0,0.0,0.0,0.0,505,,0,,,,,,,,
2247,506,RB bench,,6188,Sutton Smith,RB,FA,26,72,235,Northern Illinois,41,1996-03-22,3,False,Active,,,,,9999999,0.0,0.0,0.0,0.0,0.0,0.0,0.0,0.0,0.0,0.0,0.0,0.0,0.0,0.0,0.0,0.0,0.0,0.0,0.0,0.0,0.0,0.0,0.0,0.0,0.0,0.0,506,,0,,,,,,,,
233,82,WR depth,,2078,Odell Beckham,WR,NYG,33,71,198,LSU,3,1992-11-05,12,False,Active,,,5,WR5,999,0.0,0.0,0.0,0.0,0.0,0.0,0.0,0.0,0.0,0.0,0.0,0.0,0.0,9.0,14.5,1.61,0.0,0.0,0.0,0.0,0.0,0.0,9.0,18.0,55.0,0.0,906,169.2,1,0,204,,,169.2,,,-636
2249,253,QB bench,,12003,Gunnar Watson,QB,FA,25,75,210,Troy,,2000-01-11,1,False,Active,,,,,9999999,0.0,0.0,0.0,0.0,0.0,0.0,0.0,0.0,0.0,0.0,0.0,0.0,0.0,0.0,0.0,0.0,0.0,0.0,0.0,0.0,0.0,0.0,0.0,0.0,0.0,0.0,253,,0,,,,,,,,
2250,907,WR bench,,12383,John Jiles,WR,FA,25,75,220,West Florida,83,2000-07-08,2,False,Active,Questionable,,,,9999999,0.0,0.0,0.0,0.0,0.0,0.0,0.0,0.0,0.0,0.0,0.0,0.0,0.0,0.0,0.0,0.0,0.0,0.0,0.0,0.0,0.0,0.0,0.0,0.0,0.0,0.0,907,,0,,,,,,,,
2251,254,QB bench,,12352,Jeremy Moussa,QB,FA,,75,225,Florida A&M,,,1,False,Active,,,,,9999999,0.0,0.0,0.0,0.0,0.0,0.0,0.0,0.0,0.0,0.0,0.0,0.0,0.0,0.0,0.0,0.0,0.0,0.0,0.0,0.0,0.0,0.0,0.0,0.0,0.0,0.0,254,,0,,,,,,,,
1234,282,RB depth,,3940,Chase Price,RB,FA,25,"5'8""",200,San Diego State,35,1993-06-24,0,True,Inactive,,,,,9999999,0.0,0.0,0.0,0.0,0.0,0.0,0.0,0.0,0.0,0.0,0.0,0.0,0.0,0.0,0.0,0.0,0.0,0.0,0.0,0.0,0.0,0.0,0.0,0.0,0.0,0.0,507,,0,,,,,,,,
2253,908,WR bench,,4752,Fred Brown,WR,FA,28,73,196,Mississippi State,0,1993-12-01,5,False,Active,,,,,466,0.0,0.0,0.0,0.0,0.0,0.0,0.0,0.0,0.0,0.0,0.0,0.0,0.0,0.0,0.0,0.0,0.0,0.0,0.0,0.0,0.0,0.0,0.0,0.0,0.0,0.0,908,,0,,,,,,,,
2254,909,WR bench,,11247,Mac Hippenhammer,WR,FA,24,71,177,Miami (OH),14,1998-11-05,1,False,Active,,,,,405,0.0,0.0,0.0,0.0,0.0,0.0,0.0,0.0,0.0,0.0,0.0,0.0,0.0,0.0,0.0,0.0,0.0,0.0,0.0,0.0,0.0,0.0,0.0,0.0,0.0,0.0,909,,0,,,,,,,,
2255,910,WR bench,,4338,Levern Jacobs,WR,FA,29,71,185,Maryland,88,1993-01-09,5,False,Inactive,,,,,9999999,0.0,0.0,0.0,0.0,0.0,0.0,0.0,0.0,0.0,0.0,0.0,0.0,0.0,0.0,0.0,0.0,0.0,0.0,0.0,0.0,0.0,0.0,0.0,0.0,0.0,0.0,910,,0,,,,,,,,
794,169,RB depth,,12462,Damien Martinez,RB,GB,22,72,217,Miami (FL),26,2004-01-31,1,False,Active,,,5,RB5,999,0.0,0.0,0.0,0.0,0.0,0.0,0.0,0.0,0.0,0.0,0.0,0.0,0.0,0.0,0.0,0.0,0.0,0.0,0.0,0.0,0.0,0.0,0.0,0.0,0.0,0.0,508,170.0,1,0,489,,,170.0,,,-352
2257,442,TE bench,,6487,Charles Scarff,TE,FA,25,77,249,Delaware,85,1996-05-03,3,False,Inactive,,,,,9999999,0.0,0.0,0.0,0.0,0.0,0.0,0.0,0.0,0.0,0.0,0.0,0.0,0.0,0.0,0.0,0.0,0.0,0.0,0.0,0.0,0.0,0.0,0.0,0.0,0.0,0.0,442,,0,,,,,,,,
2258,911,WR bench,,12893,Nate McCollum,WR,FA,,69,187,North Carolina,,,1,False,Active,,,,,700,0.0,0.0,0.0,0.0,0.0,0.0,0.0,0.0,0.0,0.0,0.0,0.0,0.0,0.0,0.0,0.0,0.0,0.0,0.0,0.0,0.0,0.0,0.0,0.0,0.0,0.0,911,,0,,,,,,,,
2259,912,WR bench,,5295,De'Mornay Pierson-El,WR,FA,26,69,195,Nebraska,0,1995-12-26,4,False,Active,,,,,9999999,0.0,0.0,0.0,0.0,0.0,0.0,0.0,0.0,0.0,0.0,0.0,0.0,0.0,0.0,0.0,0.0,0.0,0.0,0.0,0.0,0.0,0.0,0.0,0.0,0.0,0.0,912,,0,,,,,,,,
2260,509,RB bench,,4485,William Stanback,RB,FA,27,73,205,Virginia Union,40,1994-07-06,5,False,Active,,,,,9999999,0.0,0.0,0.0,0.0,0.0,0.0,0.0,0.0,0.0,0.0,0.0,0.0,0.0,0.0,0.0,0.0,0.0,0.0,0.0,0.0,0.0,0.0,0.0,0.0,0.0,0.0,509,,0,,,,,,,,
2261,913,WR bench,,3732,Richard Mullaney,WR,FA,28,75,208,Alabama,83,1993-02-23,6,False,Active,,,,,9999999,0.0,0.0,0.0,0.0,0.0,0.0,0.0,0.0,0.0,0.0,0.0,0.0,0.0,0.0,0.0,0.0,0.0,0.0,0.0,0.0,0.0,0.0,0.0,0.0,0.0,0.0,913,,0,,,,,,,,
2262,443,TE bench,,8026,Landon Rice,TE,FA,24,77,250,Jacksonville State,0,1997-05-06,1,False,Inactive,,,,,,0.0,0.0,0.0,0.0,0.0,0.0,0.0,0.0,0.0,0.0,0.0,0.0,0.0,0.0,0.0,0.0,0.0,0.0,0.0,0.0,0.0,0.0,0.0,0.0,0.0,0.0,443,,0,,,,,,,,
2263,444,TE bench,,6089,Daniel Helm,TE,FA,28,76,255,Duke,43,1995-04-20,4,False,Active,,,,,9999999,0.0,0.0,0.0,0.0,0.0,0.0,0.0,0.0,0.0,0.0,0.0,0.0,0.0,0.0,0.0,0.0,0.0,0.0,0.0,0.0,0.0,0.0,0.0,0.0,0.0,0.0,444,,0,,,,,,,,
795,170,RB depth,,11900,Jacob Kibodi,RB,FA,26,73,225,Louisiana,36,1998-10-04,1,False,Active,,,,,341,0.0,0.0,0.0,0.0,0.0,0.0,0.0,0.0,0.0,0.0,0.0,0.0,0.0,1.0,4.9,4.9,0.0,0.0,0.0,5.0,24.0,0.0,1.0,3.0,15.0,0.0,510,170.0,1,0,519,,,170.0,,,-323
2265,914,WR bench,,13063,Darius Lassiter,WR,FA,25,74,205,BYU,,2000-08-10,1,False,Active,,,,,690,0.0,0.0,0.0,0.0,0.0,0.0,0.0,0.0,0.0,0.0,0.0,0.0,0.0,0.0,0.0,0.0,0.0,0.0,0.0,0.0,0.0,0.0,0.0,0.0,0.0,0.0,914,,0,,,,,,,,
2266,445,TE bench,,3504,Steven Scheu,TE,FA,29,77,245,Vanderbilt,81,1992-07-07,6,False,Active,,,,,9999999,0.0,0.0,0.0,0.0,0.0,0.0,0.0,0.0,0.0,0.0,0.0,0.0,0.0,0.0,0.0,0.0,0.0,0.0,0.0,0.0,0.0,0.0,0.0,0.0,0.0,0.0,445,,0,,,,,,,,
2267,915,WR bench,,8928,Daylen Baldwin,WR,FA,24,74,219,Michigan,86,1999-11-24,2,False,Active,,,,,657,0.0,0.0,0.0,0.0,0.0,0.0,0.0,0.0,0.0,0.0,0.0,0.0,0.0,0.0,0.0,0.0,0.0,0.0,0.0,0.0,0.0,0.0,0.0,0.0,0.0,0.0,915,,0,,,,,,,,
1235,237,TE depth,,12834,Jimmy Bell,TE,FA,25,82,280,Mississippi State,,2000-07-08,0,True,Active,,,,,9999999,0.0,0.0,0.0,0.0,0.0,0.0,0.0,0.0,0.0,0.0,0.0,0.0,0.0,0.0,0.0,0.0,0.0,0.0,0.0,0.0,0.0,0.0,0.0,0.0,0.0,0.0,446,,0,,,,,,,,
2269,447,TE bench,,8105,Brayden Lenius,TE,FA,25,77,220,New Mexico,81,1996-12-19,1,False,Active,,,,,342,0.0,0.0,0.0,0.0,0.0,0.0,0.0,0.0,0.0,0.0,0.0,0.0,0.0,0.0,0.0,0.0,0.0,0.0,0.0,0.0,0.0,0.0,0.0,0.0,0.0,0.0,447,,0,,,,,,,,
2270,448,TE bench,,5751,Austin Roberts,TE,FA,26,74,230,UCLA,42,1995-12-03,4,False,Active,,,,,9999999,0.0,0.0,0.0,0.0,0.0,0.0,0.0,0.0,0.0,0.0,0.0,0.0,0.0,0.0,0.0,0.0,0.0,0.0,0.0,0.0,0.0,0.0,0.0,0.0,0.0,0.0,448,,0,,,,,,,,
796,282,WR depth,,7009,Trishton Jackson,WR,FA,27,73,200,Syracuse,86,1998-03-09,5,False,Inactive,,,,,525,0.0,0.0,0.0,0.0,0.0,0.0,0.0,0.0,0.0,0.0,0.0,0.0,0.0,2.0,0.0,0.0,0.0,0.0,0.0,0.0,0.0,0.0,0.0,0.0,0.0,0.0,916,170.0,1,0,831,,,170.0,,,-12
2272,449,TE bench,,4409,Josiah Price,TE,FA,28,76,248,Michigan State,0,1993-07-19,5,False,Active,,,,,9999999,0.0,0.0,0.0,0.0,0.0,0.0,0.0,0.0,0.0,0.0,0.0,0.0,0.0,0.0,0.0,0.0,0.0,0.0,0.0,0.0,0.0,0.0,0.0,0.0,0.0,0.0,449,,0,,,,,,,,
1236,238,TE depth,,3686,Joe Sommers,TE,FA,25,"6'3""",240,Wisconsin-Oshkosh,40,1993-03-03,0,True,Inactive,,,,,9999999,0.0,0.0,0.0,0.0,0.0,0.0,0.0,0.0,0.0,0.0,0.0,0.0,0.0,0.0,0.0,0.0,0.0,0.0,0.0,0.0,0.0,0.0,0.0,0.0,0.0,0.0,450,,0,,,,,,,,
2274,917,WR bench,,6364,Papi White,WR,FA,25,69,168,Ohio,80,1996-07-19,3,False,Active,,,,,9999999,0.0,0.0,0.0,0.0,0.0,0.0,0.0,0.0,0.0,0.0,0.0,0.0,0.0,0.0,0.0,0.0,0.0,0.0,0.0,0.0,0.0,0.0,0.0,0.0,0.0,0.0,917,,0,,,,,,,,
213,77,WR depth,,13413,Cyrus Allen,WR,KC,23,71,180,Cincinnati,13,2003-02-11,0,True,Active,Questionable,,5,WR5,9999999,0.0,0.0,0.0,0.0,0.0,0.0,0.0,0.0,0.0,0.0,0.0,0.0,0.0,0.0,0.0,0.0,0.0,0.0,0.0,0.0,0.0,0.0,0.0,0.0,0.0,0.0,918,166.7,2,15,214,,163.8,169.6,,,-630
2276,919,WR bench,,6059,Travis Fulgham,WR,FA,27,74,211,Old Dominion,86,1995-09-13,4,False,Active,,,,,9999999,0.0,0.0,0.0,0.0,0.0,0.0,0.0,0.0,0.0,0.0,0.0,0.0,0.0,0.0,0.0,0.0,0.0,0.0,0.0,0.0,0.0,0.0,0.0,0.0,0.0,0.0,919,,0,,,,,,,,
797,283,WR depth,,12829,Coleman Owen,WR,IND,25,70,181,Ohio,9,2001-03-23,1,False,Active,,,,,999,2.0,0.0,0.0,0.0,0.0,0.0,0.0,0.0,0.0,0.0,1.0,0.0,0.0,0.0,0.0,0.0,0.0,0.0,0.0,0.0,0.0,0.0,0.0,0.0,0.0,0.0,920,170.0,1,0,797,,,170.0,,,-48
1237,469,WR depth,,13677,Noah Short,WR,FA,,72,195,Army,8,,0,True,Active,,,,,9999999,0.0,0.0,0.0,0.0,0.0,0.0,0.0,0.0,0.0,0.0,0.0,0.0,0.0,0.0,0.0,0.0,0.0,0.0,0.0,0.0,0.0,0.0,0.0,0.0,0.0,0.0,921,,0,,,,,,,,
2279,922,WR bench,,8828,Michael Young,WR,FA,23,70,190,Cincinnati,0,1999-02-11,2,False,Active,,,,,562,0.0,0.0,0.0,0.0,0.0,0.0,0.0,0.0,0.0,0.0,0.0,0.0,0.0,0.0,0.0,0.0,0.0,0.0,0.0,0.0,0.0,0.0,0.0,0.0,0.0,0.0,922,,0,,,,,,,,
2280,255,QB bench,,12773,DJ Uiagalelei,QB,LAC,25,76,252,Florida State,7,2001-04-17,1,False,Active,,,3,QB3,999,0.0,0.0,0.0,0.0,0.0,0.0,0.0,0.0,0.0,0.0,0.0,0.0,0.0,0.0,0.0,0.0,0.0,0.0,0.0,0.0,0.0,0.0,0.0,0.0,0.0,0.0,255,,0,,,,,,,,
2281,451,TE bench,,7176,Caleb Repp,TE,FA,24,77,225,Utah State,0,1997-03-06,2,False,Active,,,,,9999999,0.0,0.0,0.0,0.0,0.0,0.0,0.0,0.0,0.0,0.0,0.0,0.0,0.0,0.0,0.0,0.0,0.0,0.0,0.0,0.0,0.0,0.0,0.0,0.0,0.0,0.0,451,,0,,,,,,,,
2282,256,QB bench,,2206,Logan Kilgore,QB,FA,,75,206,Middle Tennessee,0,,12,False,Active,,,,,9999999,0.0,0.0,0.0,0.0,0.0,0.0,0.0,0.0,0.0,0.0,0.0,0.0,0.0,0.0,0.0,0.0,0.0,0.0,0.0,0.0,0.0,0.0,0.0,0.0,0.0,0.0,256,,0,,,,,,,,
1238,470,WR depth,,5291,J.t. Luper,WR,FA,,"5'9""",175,None,2,,0,True,Inactive,,,,,9999999,0.0,0.0,0.0,0.0,0.0,0.0,0.0,0.0,0.0,0.0,0.0,0.0,0.0,0.0,0.0,0.0,0.0,0.0,0.0,0.0,0.0,0.0,0.0,0.0,0.0,0.0,923,,0,,,,,,,,
2284,452,TE bench,,11213,Camren McDonald,TE,FA,24,76,237,Florida State,45,1999-05-30,1,False,Active,,,,,472,0.0,0.0,0.0,0.0,0.0,0.0,0.0,0.0,0.0,0.0,0.0,0.0,0.0,0.0,0.0,0.0,0.0,0.0,0.0,0.0,0.0,0.0,0.0,0.0,0.0,0.0,452,,0,,,,,,,,
1239,283,RB depth,,13419,Jaydn Ott,RB,KC,23,71,208,Oklahoma,42,2002-12-16,0,True,Active,,,5,RB5,9999999,0.0,0.0,0.0,0.0,0.0,0.0,0.0,0.0,0.0,0.0,0.0,0.0,0.0,0.0,0.0,0.0,0.0,0.0,0.0,0.0,0.0,0.0,0.0,0.0,0.0,0.0,511,,0,,,,,,,,
2286,924,WR bench,,5224,Taj Williams,WR,FA,,76,193,Texas Christian,16,,4,False,Active,,,,,9999999,0.0,0.0,0.0,0.0,0.0,0.0,0.0,0.0,0.0,0.0,0.0,0.0,0.0,0.0,0.0,0.0,0.0,0.0,0.0,0.0,0.0,0.0,0.0,0.0,0.0,0.0,924,,0,,,,,,,,
2287,925,WR bench,,4600,Noel Thomas,WR,FA,27,73,200,Connecticut,12,1994-09-18,5,False,Active,,,,,9999999,0.0,0.0,0.0,0.0,0.0,0.0,0.0,0.0,0.0,0.0,0.0,0.0,0.0,0.0,0.0,0.0,0.0,0.0,0.0,0.0,0.0,0.0,0.0,0.0,0.0,0.0,925,,0,,,,,,,,
2288,512,RB bench,,5131,Justin Jackson,RB,FA,26,72,199,Northwestern,42,1996-04-22,5,False,Active,,,,,9999999,0.0,0.0,0.0,0.0,0.0,0.0,0.0,0.0,0.0,0.0,0.0,0.0,0.0,0.0,0.0,0.0,0.0,0.0,0.0,0.0,0.0,0.0,0.0,0.0,0.0,0.0,512,,0,,,,,,,,
2289,513,RB bench,,12939,Anthony Tyus,RB,CAR,23,73,226,Ohio,34,2003-03-20,1,False,Active,,,,,999,0.0,0.0,0.0,0.0,0.0,0.0,0.0,0.0,0.0,0.0,0.0,0.0,0.0,0.0,0.0,0.0,0.0,0.0,0.0,0.0,0.0,0.0,0.0,0.0,0.0,0.0,513,,0,,,,,,,,
2290,514,RB bench,,11548,Aaron Dykes,RB,FA,,71,202,Richmond,46,,1,False,Active,,,,,297,0.0,0.0,0.0,0.0,0.0,0.0,0.0,0.0,0.0,0.0,0.0,0.0,0.0,0.0,0.0,0.0,0.0,0.0,0.0,0.0,0.0,0.0,0.0,0.0,0.0,0.0,514,,0,,,,,,,,
2291,453,TE bench,,4326,Bug Howard,TE,FA,27,76,240,North Carolina,86,1994-11-28,5,False,Inactive,,,,,333,0.0,0.0,0.0,0.0,0.0,0.0,0.0,0.0,0.0,0.0,0.0,0.0,0.0,0.0,0.0,0.0,0.0,0.0,0.0,0.0,0.0,0.0,0.0,0.0,0.0,0.0,453,,0,,,,,,,,
2292,926,WR bench,,7109,Malcolm Perry,WR,FA,25,69,190,Navy,19,1997-04-19,2,False,Active,,,,,9999999,0.0,0.0,0.0,0.0,0.0,0.0,0.0,0.0,0.0,0.0,0.0,0.0,0.0,0.0,0.0,0.0,0.0,0.0,0.0,0.0,0.0,0.0,0.0,0.0,0.0,0.0,926,,0,,,,,,,,
2293,515,RB bench,,12226,Lorenzo Lingard,RB,FA,25,72,205,Akron,,1999-05-29,1,False,Active,,,,,425,0.0,0.0,0.0,0.0,0.0,0.0,0.0,0.0,0.0,0.0,0.0,0.0,0.0,0.0,0.0,0.0,0.0,0.0,0.0,0.0,0.0,0.0,0.0,0.0,0.0,0.0,515,,0,,,,,,,,
1240,239,TE depth,,8434,Player Invalid,TE,FA,,,,,,,0,True,Inactive,,,,,,0.0,0.0,0.0,0.0,0.0,0.0,0.0,0.0,0.0,0.0,0.0,0.0,0.0,0.0,0.0,0.0,0.0,0.0,0.0,0.0,0.0,0.0,0.0,0.0,0.0,0.0,454,,0,,,,,,,,
2295,112,K bench,,3467,Taylor Bertolet,K,FA,30,69,188,Texas A&M,12,1992-10-24,7,False,Inactive,,,,K1,9999999,0.0,0.0,0.0,0.0,0.0,0.0,0.0,0.0,0.0,0.0,0.0,0.0,0.0,0.0,0.0,0.0,0.0,0.0,0.0,0.0,0.0,0.0,0.0,0.0,0.0,0.0,112,,0,,,,,,,,
798,55,K depth,,5272,Greg Joseph,K,FA,31,72,210,Florida Atlantic,34,1994-08-04,7,False,Active,,,,K1,523,0.0,0.0,0.0,0.0,0.0,0.0,0.0,0.0,0.0,0.0,0.0,0.0,0.0,8.0,62.0,7.75,0.0,0.0,0.0,0.0,0.0,0.0,0.0,0.0,0.0,0.0,113,170.0,1,0,814,,,170.0,,,-32
2297,455,TE bench,,8685,John Mitchell,TE,FA,24,76,235,Florida Atlantic,0,1998-04-03,1,False,Active,,,,,9999999,0.0,0.0,0.0,0.0,0.0,0.0,0.0,0.0,0.0,0.0,0.0,0.0,0.0,0.0,0.0,0.0,0.0,0.0,0.0,0.0,0.0,0.0,0.0,0.0,0.0,0.0,455,,0,,,,,,,,
82,37,WR depth,,13281,Jordyn Tyson,WR,NO,21,74,203,Arizona State,0,2004-08-12,0,True,Active,,,2,WR2,69,0.0,0.0,0.0,0.0,0.0,0.0,0.0,0.0,0.0,0.0,0.0,0.0,0.0,0.0,0.0,0.0,0.0,0.0,0.0,0.0,0.0,0.0,0.0,0.0,0.0,0.0,927,91.6,2,2,80,,85.2,97.9,,,-767
2299,928,WR bench,,8437,Thomas Hennigan,WR,FA,24,73,210,Appalachian State,89,1998-08-18,1,False,Active,,,,,9999999,0.0,0.0,0.0,0.0,0.0,0.0,0.0,0.0,0.0,0.0,0.0,0.0,0.0,0.0,0.0,0.0,0.0,0.0,0.0,0.0,0.0,0.0,0.0,0.0,0.0,0.0,928,,0,,,,,,,,
2300,257,QB bench,,6595,Devlin Hodges,QB,FA,25,73,210,Samford,0,1996-04-12,3,False,Active,,,,,576,0.0,0.0,0.0,0.0,0.0,0.0,0.0,0.0,0.0,0.0,0.0,0.0,0.0,0.0,0.0,0.0,0.0,0.0,0.0,0.0,0.0,0.0,0.0,0.0,0.0,0.0,257,,0,,,,,,,,
2301,516,RB bench,,8173,ZaQuandre White,RB,FA,24,73,215,South Carolina,0,1998-12-21,1,False,Active,,,,,9999999,0.0,0.0,0.0,0.0,0.0,0.0,0.0,0.0,0.0,0.0,0.0,0.0,0.0,0.0,0.0,0.0,0.0,0.0,0.0,0.0,0.0,0.0,0.0,0.0,0.0,0.0,516,,0,,,,,,,,
2302,517,RB bench,,8243,DeAndre Torrey,RB,FA,24,67,199,North Texas,0,1998-12-23,1,False,Active,,,,,9999999,0.0,0.0,0.0,0.0,0.0,0.0,0.0,0.0,0.0,0.0,0.0,0.0,0.0,0.0,0.0,0.0,0.0,0.0,0.0,0.0,0.0,0.0,0.0,0.0,0.0,0.0,517,,0,,,,,,,,
990,229,RB depth,,11581,MarShawn Lloyd,RB,GB,25,69,220,USC,32,2001-01-05,2,False,Active,,,3,RB3,999,0.0,0.0,0.0,0.0,0.0,0.0,0.0,0.0,0.0,0.0,0.0,0.0,0.0,1.0,2.8,2.8,0.0,0.0,0.0,6.0,15.0,0.0,1.0,1.0,3.0,0.0,518,171.0,1,0,1018,,,171.0,,,170
353,48,QB depth,,13303,Cade Klubnik,QB,NYJ,22,74,207,Clemson,10,2003-10-10,0,True,Active,,,2,QB2,398,0.0,0.0,0.0,0.0,0.0,0.0,0.0,0.0,0.0,0.0,0.0,0.0,0.0,0.0,0.0,0.0,0.0,0.0,0.0,0.0,0.0,0.0,0.0,0.0,0.0,0.0,258,169.9,1,0,318,,,169.9,,,-531
1241,284,RB depth,,8237,Player Invalid,RB,FA,,,,,,,0,True,Inactive,,,,,,0.0,0.0,0.0,0.0,0.0,0.0,0.0,0.0,0.0,0.0,0.0,0.0,0.0,0.0,0.0,0.0,0.0,0.0,0.0,0.0,0.0,0.0,0.0,0.0,0.0,0.0,519,,0,,,,,,,,
2306,456,TE bench,,559,Tim Tebow,TE,FA,34,75,236,Florida,0,1987-08-14,12,False,Inactive,,,,,9999999,0.0,0.0,0.0,0.0,0.0,0.0,0.0,0.0,0.0,0.0,0.0,0.0,0.0,0.0,0.0,0.0,0.0,0.0,0.0,0.0,0.0,0.0,0.0,0.0,0.0,0.0,456,,0,,,,,,,,
1242,285,RB depth,,7074,A.J. Hines,RB,FA,,"5'11""",237,Duquesne,,,0,True,Inactive,NA,,,,9999999,0.0,0.0,0.0,0.0,0.0,0.0,0.0,0.0,0.0,0.0,0.0,0.0,0.0,0.0,0.0,0.0,0.0,0.0,0.0,0.0,0.0,0.0,0.0,0.0,0.0,0.0,520,,0,,,,,,,,
2308,457,TE bench,,5754,Jaeden Graham,TE,FA,27,76,250,Yale,46,1995-10-10,4,False,Inactive,,,,,9999999,0.0,0.0,0.0,0.0,0.0,0.0,0.0,0.0,0.0,0.0,0.0,0.0,0.0,0.0,0.0,0.0,0.0,0.0,0.0,0.0,0.0,0.0,0.0,0.0,0.0,0.0,457,,0,,,,,,,,
2309,259,QB bench,,8201,Jack Coan,QB,FA,24,75,223,Notre Dame,0,1998-12-09,1,False,Active,,,,,416,0.0,0.0,0.0,0.0,0.0,0.0,0.0,0.0,0.0,0.0,0.0,0.0,0.0,0.0,0.0,0.0,0.0,0.0,0.0,0.0,0.0,0.0,0.0,0.0,0.0,0.0,259,,0,,,,,,,,
1243,471,WR depth,,13962,Cameron Dorner,WR,NE,,73,188,North Texas,88,,0,True,Active,,,,,9999999,0.0,0.0,0.0,0.0,0.0,0.0,0.0,0.0,0.0,0.0,0.0,0.0,0.0,0.0,0.0,0.0,0.0,0.0,0.0,0.0,0.0,0.0,0.0,0.0,0.0,0.0,929,,0,,,,,,,,
799,160,TE depth,,5032,Jordan Akins,TE,FA,33,75,250,UCF,87,1992-04-19,8,False,Active,,,,,699,0.0,0.0,0.0,0.0,0.0,0.0,0.0,0.0,0.0,0.0,0.0,0.0,0.0,17.0,91.0,5.35,0.0,0.0,0.0,0.0,0.0,0.0,40.0,58.0,390.0,2.0,458,170.0,1,0,916,,,170.0,,,66
2312,114,K bench,,5837,Redford Jones,K,FA,27,70,175,Tulsa,0,1994-07-25,3,False,Active,,,,K1,9999999,0.0,0.0,0.0,0.0,0.0,0.0,0.0,0.0,0.0,0.0,0.0,0.0,0.0,0.0,0.0,0.0,0.0,0.0,0.0,0.0,0.0,0.0,0.0,0.0,0.0,0.0,114,,0,,,,,,,,
1244,472,WR depth,,14058,Malick Meiga,WR,CAR,25,76,201,Coastal Carolina,35,2001-03-25,0,True,Active,,,,,9999999,0.0,0.0,0.0,0.0,0.0,0.0,0.0,0.0,0.0,0.0,0.0,0.0,0.0,0.0,0.0,0.0,0.0,0.0,0.0,0.0,0.0,0.0,0.0,0.0,0.0,0.0,930,,0,,,,,,,,
2314,521,RB bench,,4997,Mark Walton,RB,FA,24,70,200,Miami,22,1997-03-29,4,False,Active,,,,,9999999,0.0,0.0,0.0,0.0,0.0,0.0,0.0,0.0,0.0,0.0,0.0,0.0,0.0,0.0,0.0,0.0,0.0,0.0,0.0,0.0,0.0,0.0,0.0,0.0,0.0,0.0,521,,0,,,,,,,,
2315,931,WR bench,,3418,Mekale McKay,WR,FA,28,77,210,Cincinnati,19,1993-08-04,6,False,Active,,,,,9999999,0.0,0.0,0.0,0.0,0.0,0.0,0.0,0.0,0.0,0.0,0.0,0.0,0.0,0.0,0.0,0.0,0.0,0.0,0.0,0.0,0.0,0.0,0.0,0.0,0.0,0.0,931,,0,,,,,,,,
2316,260,QB bench,,4728,Bart Houston,QB,FA,29,76,235,Wisconsin,8,1992-12-16,5,False,Active,,,,,9999999,0.0,0.0,0.0,0.0,0.0,0.0,0.0,0.0,0.0,0.0,0.0,0.0,0.0,0.0,0.0,0.0,0.0,0.0,0.0,0.0,0.0,0.0,0.0,0.0,0.0,0.0,260,,0,,,,,,,,
2317,932,WR bench,,11312,T.J. Luther,WR,FA,25,73,180,Gardner-Webb,81,2000-05-13,2,False,Active,,,,,680,0.0,0.0,0.0,0.0,0.0,0.0,0.0,0.0,0.0,0.0,0.0,0.0,0.0,0.0,0.0,0.0,0.0,0.0,0.0,0.0,0.0,0.0,0.0,0.0,0.0,0.0,932,,0,,,,,,,,
2318,933,WR bench,,4050,Cyril Grayson,WR,FA,28,69,183,LSU,16,1993-12-05,5,False,Active,,,,,9999999,0.0,0.0,0.0,0.0,0.0,0.0,0.0,0.0,0.0,0.0,0.0,0.0,0.0,0.0,0.0,0.0,0.0,0.0,0.0,0.0,0.0,0.0,0.0,0.0,0.0,0.0,933,,0,,,,,,,,
2319,522,RB bench,,13010,Jordan Waters,RB,LAR,25,72,225,North Carolina State,32,2000-12-18,1,False,Active,,,,,9999999,0.0,0.0,0.0,0.0,0.0,0.0,0.0,0.0,0.0,0.0,0.0,0.0,0.0,0.0,0.0,0.0,0.0,0.0,0.0,0.0,0.0,0.0,0.0,0.0,0.0,0.0,522,,0,,,,,,,,
2320,523,RB bench,,11209,Henry Pearson,RB,FA,24,74,249,Appalachian State,44,1999-11-23,1,False,Active,,,,,543,0.0,0.0,0.0,0.0,0.0,0.0,0.0,0.0,0.0,0.0,0.0,0.0,0.0,0.0,0.0,0.0,0.0,0.0,0.0,0.0,0.0,0.0,0.0,0.0,0.0,0.0,523,,0,,,,,,,,
2321,934,WR bench,,11867,Jaelen Gill,WR,FA,25,72,185,Fresno State,38,1999-11-17,1,False,Active,,,,,9999999,0.0,0.0,0.0,0.0,0.0,0.0,0.0,0.0,0.0,0.0,0.0,0.0,0.0,0.0,0.0,0.0,0.0,0.0,0.0,0.0,0.0,0.0,0.0,0.0,0.0,0.0,934,,0,,,,,,,,
800,284,WR depth,,8416,Jalen Virgil,WR,FA,28,73,210,Appalachian State,87,1998-07-13,4,False,Active,Questionable,,,,9999999,0.0,0.0,0.0,0.0,0.0,0.0,0.0,0.0,0.0,0.0,0.0,0.0,0.0,7.0,1.0,0.14,0.0,0.0,0.0,0.0,0.0,0.0,0.0,0.0,0.0,0.0,935,170.0,1,0,584,,,170.0,,,-267
2323,459,TE bench,,8621,Garrett Walston,TE,FA,24,76,245,North Carolina,0,1998-01-20,1,False,Active,,,,,9999999,0.0,0.0,0.0,0.0,0.0,0.0,0.0,0.0,0.0,0.0,0.0,0.0,0.0,0.0,0.0,0.0,0.0,0.0,0.0,0.0,0.0,0.0,0.0,0.0,0.0,0.0,459,,0,,,,,,,,
2324,936,WR bench,,5126,Austin Proehl,WR,FA,26,70,175,North Carolina,87,1996-06-17,4,False,Active,,,,,315,0.0,0.0,0.0,0.0,0.0,0.0,0.0,0.0,0.0,0.0,0.0,0.0,0.0,0.0,0.0,0.0,0.0,0.0,0.0,0.0,0.0,0.0,0.0,0.0,0.0,0.0,936,,0,,,,,,,,
2325,937,WR bench,,13193,Ketron Jackson,WR,FA,,73,197,Baylor,,,1,False,Active,,,,,415,0.0,0.0,0.0,0.0,0.0,0.0,0.0,0.0,0.0,0.0,0.0,0.0,0.0,0.0,0.0,0.0,0.0,0.0,0.0,0.0,0.0,0.0,0.0,0.0,0.0,0.0,937,,0,,,,,,,,
2326,524,RB bench,,2073,Keith Smith,RB,FA,32,72,240,San Jose State,40,1992-04-08,10,False,Active,,,,,9999999,0.0,0.0,0.0,0.0,0.0,0.0,0.0,0.0,0.0,0.0,0.0,0.0,0.0,0.0,0.0,0.0,0.0,0.0,0.0,0.0,0.0,0.0,0.0,0.0,0.0,0.0,524,,0,,,,,,,,
1245,473,WR depth,,13726,Camden Brown,WR,DAL,,74,204,Georgia Southern,6,,0,True,Active,,,,,9999999,0.0,0.0,0.0,0.0,0.0,0.0,0.0,0.0,0.0,0.0,0.0,0.0,0.0,0.0,0.0,0.0,0.0,0.0,0.0,0.0,0.0,0.0,0.0,0.0,0.0,0.0,938,,0,,,,,,,,
2328,525,RB bench,,5566,Julian Allen,RB,FA,27,75,234,Southern Mississippi,86,1994-05-31,4,False,Inactive,,,,,9999999,0.0,0.0,0.0,0.0,0.0,0.0,0.0,0.0,0.0,0.0,0.0,0.0,0.0,0.0,0.0,0.0,0.0,0.0,0.0,0.0,0.0,0.0,0.0,0.0,0.0,0.0,525,,0,,,,,,,,
801,171,RB depth,,6973,J.J. Taylor,RB,FA,27,66,185,Arizona,26,1998-01-04,5,False,Active,,,,,421,0.0,0.0,0.0,0.0,0.0,0.0,0.0,0.0,0.0,0.0,0.0,0.0,0.0,5.0,6.4,1.28,0.0,0.0,0.0,10.0,44.0,0.0,2.0,3.0,0.0,0.0,526,170.0,1,0,690,,,170.0,,,-162
2330,939,WR bench,,5548,Elijah Marks,WR,FA,26,73,175,Northern Arizona,0,1995-12-29,4,False,Active,,,,,1052,0.0,0.0,0.0,0.0,0.0,0.0,0.0,0.0,0.0,0.0,0.0,0.0,0.0,0.0,0.0,0.0,0.0,0.0,0.0,0.0,0.0,0.0,0.0,0.0,0.0,0.0,939,,0,,,,,,,,
2331,527,RB bench,,6585,Tony Brooks-James,RB,FA,27,69,179,Oregon,40,1994-12-06,3,False,Active,,,,,1759,0.0,0.0,0.0,0.0,0.0,0.0,0.0,0.0,0.0,0.0,0.0,0.0,0.0,0.0,0.0,0.0,0.0,0.0,0.0,0.0,0.0,0.0,0.0,0.0,0.0,0.0,527,,0,,,,,,,,
1246,153,QB depth,,5208,Matt Linehan,QB,FA,,"6'3""",239,None,10,,0,True,Inactive,,,,,9999999,0.0,0.0,0.0,0.0,0.0,0.0,0.0,0.0,0.0,0.0,0.0,0.0,0.0,0.0,0.0,0.0,0.0,0.0,0.0,0.0,0.0,0.0,0.0,0.0,0.0,0.0,261,,0,,,,,,,,
2333,940,WR bench,,12314,Beau Corrales,WR,FA,,76,215,Texas State,,,1,False,Active,,,,,9999999,0.0,0.0,0.0,0.0,0.0,0.0,0.0,0.0,0.0,0.0,0.0,0.0,0.0,0.0,0.0,0.0,0.0,0.0,0.0,0.0,0.0,0.0,0.0,0.0,0.0,0.0,940,,0,,,,,,,,
802,172,RB depth,,10223,Eric Gray,RB,NYG,26,70,211,Oklahoma,20,1999-11-04,3,False,Active,,,5,RB5,999,4.0,0.0,0.0,0.0,0.0,0.0,0.0,0.0,0.0,0.0,0.0,0.0,0.0,17.0,17.3,1.02,0.0,0.0,0.0,14.0,31.0,0.0,10.0,11.0,82.0,0.0,528,170.0,1,0,476,,,170.0,,,-377
803,161,TE depth,,7597,Kenny Yeboah,TE,ARI,27,75,250,Ole Miss,48,1998-10-30,5,False,Active,,,5,TE5,999,0.0,0.0,0.0,0.0,0.0,0.0,0.0,0.0,0.0,0.0,0.0,0.0,0.0,9.0,15.7,1.74,0.0,0.0,0.0,0.0,0.0,0.0,5.0,8.0,47.0,1.0,460,170.0,1,0,743,,,170.0,,,-111
2336,941,WR bench,,7287,Josh Hammond,WR,FA,25,72,194,Florida,80,1998-07-24,3,False,Active,,,,,9999999,0.0,0.0,0.0,0.0,0.0,0.0,0.0,0.0,0.0,0.0,0.0,0.0,0.0,0.0,0.0,0.0,0.0,0.0,0.0,0.0,0.0,0.0,0.0,0.0,0.0,0.0,941,,0,,,,,,,,
2337,529,RB bench,,6161,L.J. Scott,RB,FA,25,72,228,Michigan State,0,1996-09-15,3,False,Active,,,,,9999999,0.0,0.0,0.0,0.0,0.0,0.0,0.0,0.0,0.0,0.0,0.0,0.0,0.0,0.0,0.0,0.0,0.0,0.0,0.0,0.0,0.0,0.0,0.0,0.0,0.0,0.0,529,,0,,,,,,,,
2338,942,WR bench,,12134,Sam Wiglusz,WR,FA,25,72,187,Ohio,,1999-07-24,1,False,Active,,,,,9999999,0.0,0.0,0.0,0.0,0.0,0.0,0.0,0.0,0.0,0.0,0.0,0.0,0.0,0.0,0.0,0.0,0.0,0.0,0.0,0.0,0.0,0.0,0.0,0.0,0.0,0.0,942,,0,,,,,,,,
2339,943,WR bench,,5250,Robert Foster,WR,FA,28,74,196,Alabama,0,1994-05-07,4,False,Active,,,,,9999999,0.0,0.0,0.0,0.0,0.0,0.0,0.0,0.0,0.0,0.0,0.0,0.0,0.0,0.0,0.0,0.0,0.0,0.0,0.0,0.0,0.0,0.0,0.0,0.0,0.0,0.0,943,,0,,,,,,,,
2340,461,TE bench,,2528,Ben Koyack,TE,FA,28,77,258,Notre Dame,83,1993-04-09,7,False,Active,,,,,9999999,0.0,0.0,0.0,0.0,0.0,0.0,0.0,0.0,0.0,0.0,0.0,0.0,0.0,0.0,0.0,0.0,0.0,0.0,0.0,0.0,0.0,0.0,0.0,0.0,0.0,0.0,461,,0,,,,,,,,
2341,944,WR bench,,13225,Sam Brown,WR,FA,23,74,200,Miami (FL),,2002-08-15,1,False,Active,,,,,999,0.0,0.0,0.0,0.0,0.0,0.0,0.0,0.0,0.0,0.0,0.0,0.0,0.0,0.0,0.0,0.0,0.0,0.0,0.0,0.0,0.0,0.0,0.0,0.0,0.0,0.0,944,,0,,,,,,,,
2342,945,WR bench,,5199,Byron Pringle,WR,FA,30,73,203,Kansas State,83,1993-11-17,6,False,Active,,,,,605,0.0,0.0,0.0,0.0,0.0,0.0,0.0,0.0,0.0,0.0,0.0,0.0,0.0,0.0,0.0,0.0,0.0,0.0,0.0,0.0,0.0,0.0,0.0,0.0,0.0,0.0,945,,0,,,,,,,,
2343,262,QB bench,,8224,Cole Kelley,QB,FA,25,79,250,Southeastern Louisiana,0,1997-10-27,1,False,Active,,,,,9999999,0.0,0.0,0.0,0.0,0.0,0.0,0.0,0.0,0.0,0.0,0.0,0.0,0.0,0.0,0.0,0.0,0.0,0.0,0.0,0.0,0.0,0.0,0.0,0.0,0.0,0.0,262,,0,,,,,,,,
2344,462,TE bench,,7622,Sammis Reyes,TE,FA,29,79,268,Loyola (NO),35,1995-10-19,4,False,Active,,,,,9999999,0.0,0.0,0.0,0.0,0.0,0.0,0.0,0.0,0.0,0.0,0.0,0.0,0.0,0.0,0.0,0.0,0.0,0.0,0.0,0.0,0.0,0.0,0.0,0.0,0.0,0.0,462,,0,,,,,,,,
2345,530,RB bench,,7236,Devwah Whaley,RB,FA,24,71,212,Arkansas,0,1997-11-03,2,False,Active,,,,,9999999,0.0,0.0,0.0,0.0,0.0,0.0,0.0,0.0,0.0,0.0,0.0,0.0,0.0,0.0,0.0,0.0,0.0,0.0,0.0,0.0,0.0,0.0,0.0,0.0,0.0,0.0,530,,0,,,,,,,,
2346,946,WR bench,,6401,T.J. Rahming,WR,FA,25,70,170,Duke,80,1997-01-10,3,False,Active,,,,,9999999,0.0,0.0,0.0,0.0,0.0,0.0,0.0,0.0,0.0,0.0,0.0,0.0,0.0,0.0,0.0,0.0,0.0,0.0,0.0,0.0,0.0,0.0,0.0,0.0,0.0,0.0,946,,0,,,,,,,,
2347,263,QB bench,,2394,Sean Mannion,QB,FA,31,78,230,Oregon State,15,1992-04-25,9,False,Active,,,,,343,0.0,0.0,0.0,0.0,0.0,0.0,0.0,0.0,0.0,0.0,0.0,0.0,0.0,0.0,0.0,0.0,0.0,0.0,0.0,0.0,0.0,0.0,0.0,0.0,0.0,0.0,263,,0,,,,,,,,
2348,947,WR bench,,8209,Makai Polk,WR,FA,23,75,192,Mississippi State,83,2001-08-04,3,False,Active,,,,,999,0.0,0.0,0.0,0.0,0.0,0.0,0.0,0.0,0.0,0.0,0.0,0.0,0.0,0.0,0.0,0.0,0.0,0.0,0.0,0.0,0.0,0.0,0.0,0.0,0.0,0.0,947,,0,,,,,,,,
2349,463,TE bench,,5156,Andrew Vollert,TE,FA,26,77,245,Weber State,0,1995-03-15,4,False,Active,,,,,9999999,0.0,0.0,0.0,0.0,0.0,0.0,0.0,0.0,0.0,0.0,0.0,0.0,0.0,0.0,0.0,0.0,0.0,0.0,0.0,0.0,0.0,0.0,0.0,0.0,0.0,0.0,463,,0,,,,,,,,
218,78,WR depth,,13276,Omar Cooper,WR,NYJ,22,72,199,Indiana,83,2003-12-14,0,True,Active,,,3,WR3,146,0.0,0.0,0.0,0.0,0.0,0.0,0.0,0.0,0.0,0.0,0.0,0.0,0.0,0.0,0.0,0.0,0.0,0.0,0.0,0.0,0.0,0.0,0.0,0.0,0.0,0.0,948,167.1,2,46,237,,164.3,169.9,,,-618
2351,531,RB bench,,12818,Elijah Young,RB,FA,24,70,198,Western Kentucky,,2001-09-14,1,False,Active,,,,,653,0.0,0.0,0.0,0.0,0.0,0.0,0.0,0.0,0.0,0.0,0.0,0.0,0.0,0.0,0.0,0.0,0.0,0.0,0.0,0.0,0.0,0.0,0.0,0.0,0.0,0.0,531,,0,,,,,,,,
804,173,RB depth,,8051,Josh Johnson,RB,FA,24,69,209,Louisiana-Monroe,34,1997-12-26,1,False,Inactive,,,,,559,0.0,0.0,0.0,0.0,0.0,0.0,0.0,0.0,0.0,0.0,0.0,0.0,0.0,0.0,0.0,0.0,0.0,0.0,0.0,0.0,0.0,0.0,0.0,0.0,0.0,0.0,532,170.0,1,0,696,,,170.0,,,-160
2353,464,TE bench,,7245,Nate Wieting,TE,FA,24,76,250,Iowa,87,1997-02-20,2,False,Inactive,,,,,9999999,0.0,0.0,0.0,0.0,0.0,0.0,0.0,0.0,0.0,0.0,0.0,0.0,0.0,0.0,0.0,0.0,0.0,0.0,0.0,0.0,0.0,0.0,0.0,0.0,0.0,0.0,464,,0,,,,,,,,
2354,533,RB bench,,4636,Lenard Tillery,RB,FA,28,70,198,Southern U.,0,1993-12-09,5,False,Active,,,,,9999999,0.0,0.0,0.0,0.0,0.0,0.0,0.0,0.0,0.0,0.0,0.0,0.0,0.0,0.0,0.0,0.0,0.0,0.0,0.0,0.0,0.0,0.0,0.0,0.0,0.0,0.0,533,,0,,,,,,,,
1247,474,WR depth,,13963,Nick DeGennaro,WR,NE,,72,196,James Madison,23,,0,True,Active,,,,,9999999,0.0,0.0,0.0,0.0,0.0,0.0,0.0,0.0,0.0,0.0,0.0,0.0,0.0,0.0,0.0,0.0,0.0,0.0,0.0,0.0,0.0,0.0,0.0,0.0,0.0,0.0,949,,0,,,,,,,,
2356,534,RB bench,,3594,Peyton Barber,RB,FA,27,71,225,Auburn,31,1994-06-27,6,False,Active,,,,,9999999,0.0,0.0,0.0,0.0,0.0,0.0,0.0,0.0,0.0,0.0,0.0,0.0,0.0,0.0,0.0,0.0,0.0,0.0,0.0,0.0,0.0,0.0,0.0,0.0,0.0,0.0,534,,0,,,,,,,,
2357,465,TE bench,,7859,Nick Eubanks,TE,FA,26,77,256,Michigan,47,1996-11-21,2,False,Active,,,,,630,0.0,0.0,0.0,0.0,0.0,0.0,0.0,0.0,0.0,0.0,0.0,0.0,0.0,0.0,0.0,0.0,0.0,0.0,0.0,0.0,0.0,0.0,0.0,0.0,0.0,0.0,465,,0,,,,,,,,
2358,950,WR bench,,3652,Mike Thomas,WR,FA,28,73,197,Southern Miss,87,1994-08-16,7,False,Active,,,,,9999999,0.0,0.0,0.0,0.0,0.0,0.0,0.0,0.0,0.0,0.0,0.0,0.0,0.0,0.0,0.0,0.0,0.0,0.0,0.0,0.0,0.0,0.0,0.0,0.0,0.0,0.0,950,,0,,,,,,,,
2359,466,TE bench,,8890,Naz Bohannon,TE,FA,,77,232,Clemson,0,,1,False,Active,,,,,9999999,0.0,0.0,0.0,0.0,0.0,0.0,0.0,0.0,0.0,0.0,0.0,0.0,0.0,0.0,0.0,0.0,0.0,0.0,0.0,0.0,0.0,0.0,0.0,0.0,0.0,0.0,466,,0,,,,,,,,
805,162,TE depth,,111,Marcedes Lewis,TE,FA,41,78,265,UCLA,89,1984-05-19,20,False,Active,,,,,620,5.0,0.0,0.0,0.0,0.0,0.0,0.0,0.0,0.0,0.0,0.0,0.0,0.0,17.0,1.2,0.07,0.0,0.0,0.0,0.0,0.0,0.0,1.0,2.0,2.0,0.0,467,170.0,1,0,928,,,170.0,,,71
2361,951,WR bench,,7550,Warren Jackson,WR,FA,23,78,219,Colorado State,83,1999-06-16,1,False,Active,,,,,9999999,0.0,0.0,0.0,0.0,0.0,0.0,0.0,0.0,0.0,0.0,0.0,0.0,0.0,0.0,0.0,0.0,0.0,0.0,0.0,0.0,0.0,0.0,0.0,0.0,0.0,0.0,951,,0,,,,,,,,
1248,475,WR depth,,13152,Justin Lockhart,WR,FA,,75,196,San Jose State,,,0,True,Active,,,,,9999999,0.0,0.0,0.0,0.0,0.0,0.0,0.0,0.0,0.0,0.0,0.0,0.0,0.0,0.0,0.0,0.0,0.0,0.0,0.0,0.0,0.0,0.0,0.0,0.0,0.0,0.0,952,,0,,,,,,,,
2363,953,WR bench,,13003,Tru Edwards,WR,LAR,25,75,211,Louisiana Tech,16,2001-06-09,1,False,Active,,,,,9999999,0.0,0.0,0.0,0.0,0.0,0.0,0.0,0.0,0.0,0.0,0.0,0.0,0.0,0.0,0.0,0.0,0.0,0.0,0.0,0.0,0.0,0.0,0.0,0.0,0.0,0.0,953,,0,,,,,,,,
1249,154,QB depth,,5356,Jeremiah Briscoe,QB,FA,32,75,209,Sam Houston State,0,1993-08-15,0,True,Active,,,,,9999999,0.0,0.0,0.0,0.0,0.0,0.0,0.0,0.0,0.0,0.0,0.0,0.0,0.0,0.0,0.0,0.0,0.0,0.0,0.0,0.0,0.0,0.0,0.0,0.0,0.0,0.0,264,,0,,,,,,,,
2365,954,WR bench,,1984,Allen Hurns,WR,MIA,30,75,195,Miami (FL),8,1991-11-12,8,False,Active,,,,,9999999,0.0,0.0,0.0,0.0,0.0,0.0,0.0,0.0,0.0,0.0,0.0,0.0,0.0,0.0,0.0,0.0,0.0,0.0,0.0,0.0,0.0,0.0,0.0,0.0,0.0,0.0,954,,0,,,,,,,,
1250,476,WR depth,,13760,Jaden Bradley,WR,WAS,,76,195,UNLV,86,,0,True,Active,,,,,9999999,0.0,0.0,0.0,0.0,0.0,0.0,0.0,0.0,0.0,0.0,0.0,0.0,0.0,0.0,0.0,0.0,0.0,0.0,0.0,0.0,0.0,0.0,0.0,0.0,0.0,0.0,955,,0,,,,,,,,
2367,956,WR bench,,12170,Jaaron Hayek,WR,FA,23,72,199,Villanova,,2001-06-06,1,False,Active,,,,,9999999,0.0,0.0,0.0,0.0,0.0,0.0,0.0,0.0,0.0,0.0,0.0,0.0,0.0,0.0,0.0,0.0,0.0,0.0,0.0,0.0,0.0,0.0,0.0,0.0,0.0,0.0,956,,0,,,,,,,,
2368,468,TE bench,,8539,Seth Green,TE,FA,27,76,255,Houston,42,1998-02-14,4,False,Active,,,,,700,0.0,0.0,0.0,0.0,0.0,0.0,0.0,0.0,0.0,0.0,0.0,0.0,0.0,0.0,0.0,0.0,0.0,0.0,0.0,0.0,0.0,0.0,0.0,0.0,0.0,0.0,468,,0,,,,,,,,
2369,957,WR bench,,6605,Cortrelle Simpson,WR,FA,25,71,193,Richmond,14,1996-08-30,3,False,Inactive,,,,,9999999,0.0,0.0,0.0,0.0,0.0,0.0,0.0,0.0,0.0,0.0,0.0,0.0,0.0,0.0,0.0,0.0,0.0,0.0,0.0,0.0,0.0,0.0,0.0,0.0,0.0,0.0,957,,0,,,,,,,,
2370,535,RB bench,,7551,Deon Jackson,RB,FA,26,72,218,Duke,36,1999-02-18,4,False,Active,,,,,483,0.0,0.0,0.0,0.0,0.0,0.0,0.0,0.0,0.0,0.0,0.0,0.0,0.0,0.0,0.0,0.0,0.0,0.0,0.0,0.0,0.0,0.0,0.0,0.0,0.0,0.0,535,,0,,,,,,,,
2371,536,RB bench,,4350,Ricky Ortiz,RB,FA,27,72,233,Oregon State,30,1994-04-15,5,False,Active,,,,,1234,0.0,0.0,0.0,0.0,0.0,0.0,0.0,0.0,0.0,0.0,0.0,0.0,0.0,0.0,0.0,0.0,0.0,0.0,0.0,0.0,0.0,0.0,0.0,0.0,0.0,0.0,536,,0,,,,,,,,
2372,537,RB bench,,2880,Zach Laskey,RB,FA,29,73,218,Georgia Tech,45,1992-07-08,7,False,Active,,,,,9999999,0.0,0.0,0.0,0.0,0.0,0.0,0.0,0.0,0.0,0.0,0.0,0.0,0.0,0.0,0.0,0.0,0.0,0.0,0.0,0.0,0.0,0.0,0.0,0.0,0.0,0.0,537,,0,,,,,,,,
2373,958,WR bench,,7299,Justice Shelton-Mosley,WR,FA,24,70,196,Vanderbilt,0,1997-03-01,2,False,Inactive,,,,,9999999,0.0,0.0,0.0,0.0,0.0,0.0,0.0,0.0,0.0,0.0,0.0,0.0,0.0,0.0,0.0,0.0,0.0,0.0,0.0,0.0,0.0,0.0,0.0,0.0,0.0,0.0,958,,0,,,,,,,,
2374,959,WR bench,,7954,Connor Wedington,WR,FA,23,72,200,Stanford,81,1999-05-28,2,False,Active,,,,,523,0.0,0.0,0.0,0.0,0.0,0.0,0.0,0.0,0.0,0.0,0.0,0.0,0.0,0.0,0.0,0.0,0.0,0.0,0.0,0.0,0.0,0.0,0.0,0.0,0.0,0.0,959,,0,,,,,,,,
2375,960,WR bench,,7032,Tyrie Cleveland,WR,FA,26,74,205,Florida,12,1997-09-20,4,False,Active,,,,,645,0.0,0.0,0.0,0.0,0.0,0.0,0.0,0.0,0.0,0.0,0.0,0.0,0.0,0.0,0.0,0.0,0.0,0.0,0.0,0.0,0.0,0.0,0.0,0.0,0.0,0.0,960,,0,,,,,,,,
806,285,WR depth,,11802,Tejhaun Palmer,WR,NE,26,74,210,UAB,83,2000-05-19,2,False,Active,,,,,999,1.0,0.0,0.0,0.0,0.0,0.0,0.0,0.0,0.0,0.0,0.0,0.0,0.0,0.0,0.0,0.0,0.0,0.0,0.0,0.0,0.0,0.0,0.0,0.0,0.0,0.0,961,170.0,1,0,765,,,170.0,,,-93
2377,469,TE bench,,7522,Hunter Thedford,TE,FA,26,78,260,Utah,60,1997-04-15,3,False,Active,,,,,9999999,0.0,0.0,0.0,0.0,0.0,0.0,0.0,0.0,0.0,0.0,0.0,0.0,0.0,0.0,0.0,0.0,0.0,0.0,0.0,0.0,0.0,0.0,0.0,0.0,0.0,0.0,469,,0,,,,,,,,
2378,962,WR bench,,6540,DeAndre Thompkins,WR,GB,26,71,188,Penn State,6,1995-10-01,3,False,Inactive,,,,,9999999,0.0,0.0,0.0,0.0,0.0,0.0,0.0,0.0,0.0,0.0,0.0,0.0,0.0,0.0,0.0,0.0,0.0,0.0,0.0,0.0,0.0,0.0,0.0,0.0,0.0,0.0,962,,0,,,,,,,,
2379,470,TE bench,,12217,Shawn Bowman,TE,FA,25,76,249,Rutgers,49,2000-05-16,1,False,Active,,,,,671,0.0,0.0,0.0,0.0,0.0,0.0,0.0,0.0,0.0,0.0,0.0,0.0,0.0,0.0,0.0,0.0,0.0,0.0,0.0,0.0,0.0,0.0,0.0,0.0,0.0,0.0,470,,0,,,,,,,,
1251,65,K depth,,13804,Kansei Matsuzawa,K,LV,27,74,200,Hawai'i,17,1999-01-08,0,True,Active,,,,K1,9999999,0.0,0.0,0.0,0.0,0.0,0.0,0.0,0.0,0.0,0.0,0.0,0.0,0.0,0.0,0.0,0.0,0.0,0.0,0.0,0.0,0.0,0.0,0.0,0.0,0.0,0.0,115,,0,,,,,,,,
2381,963,WR bench,,7793,Racey McMath,WR,FA,25,75,217,LSU,80,1999-06-14,3,False,Active,,,,,381,0.0,0.0,0.0,0.0,0.0,0.0,0.0,0.0,0.0,0.0,0.0,0.0,0.0,0.0,0.0,0.0,0.0,0.0,0.0,0.0,0.0,0.0,0.0,0.0,0.0,0.0,963,,0,,,,,,,,
2382,471,TE bench,,8192,Curtis Hodges,TE,FA,25,80,240,Arizona State,87,1999-07-03,2,False,Active,,,,,9999999,0.0,0.0,0.0,0.0,0.0,0.0,0.0,0.0,0.0,0.0,0.0,0.0,0.0,0.0,0.0,0.0,0.0,0.0,0.0,0.0,0.0,0.0,0.0,0.0,0.0,0.0,471,,0,,,,,,,,
2383,964,WR bench,,11502,Brian Cobbs,WR,FA,23,73,206,Utah State,38,1999-10-18,1,False,Active,,,,,256,0.0,0.0,0.0,0.0,0.0,0.0,0.0,0.0,0.0,0.0,0.0,0.0,0.0,0.0,0.0,0.0,0.0,0.0,0.0,0.0,0.0,0.0,0.0,0.0,0.0,0.0,964,,0,,,,,,,,
2384,965,WR bench,,5139,Trey Quinn,WR,FA,27,72,200,SMU,19,1995-12-07,5,False,Active,,,,,366,0.0,0.0,0.0,0.0,0.0,0.0,0.0,0.0,0.0,0.0,0.0,0.0,0.0,0.0,0.0,0.0,0.0,0.0,0.0,0.0,0.0,0.0,0.0,0.0,0.0,0.0,965,,0,,,,,,,,
2385,538,RB bench,,1841,Stephen Houston,RB,FA,30,70,230,Indiana,33,1991-10-28,8,False,Active,,,,,9999999,0.0,0.0,0.0,0.0,0.0,0.0,0.0,0.0,0.0,0.0,0.0,0.0,0.0,0.0,0.0,0.0,0.0,0.0,0.0,0.0,0.0,0.0,0.0,0.0,0.0,0.0,538,,0,,,,,,,,
2386,966,WR bench,,5590,Jordan Smallwood,WR,FA,26,74,203,Oklahoma,0,1995-01-18,4,False,Active,,,,,9999999,0.0,0.0,0.0,0.0,0.0,0.0,0.0,0.0,0.0,0.0,0.0,0.0,0.0,0.0,0.0,0.0,0.0,0.0,0.0,0.0,0.0,0.0,0.0,0.0,0.0,0.0,966,,0,,,,,,,,
2387,539,RB bench,,7572,Kylin Hill,RB,FA,24,70,214,Mississippi State,32,1998-08-18,1,False,Active,,,,,9999999,0.0,0.0,0.0,0.0,0.0,0.0,0.0,0.0,0.0,0.0,0.0,0.0,0.0,0.0,0.0,0.0,0.0,0.0,0.0,0.0,0.0,0.0,0.0,0.0,0.0,0.0,539,,0,,,,,,,,
2388,265,QB bench,,5745,Nick Stevens,QB,FA,24,"6'3""",205,Colorado State,5,1995-01-31,1,False,Inactive,,,4,QB4,1126,0.0,0.0,0.0,0.0,0.0,0.0,0.0,0.0,0.0,0.0,0.0,0.0,0.0,0.0,0.0,0.0,0.0,0.0,0.0,0.0,0.0,0.0,0.0,0.0,0.0,0.0,265,,0,,,,,,,,
2389,967,WR bench,,1817,Sammy Watkins,WR,FA,29,73,211,Clemson,82,1993-06-14,9,False,Active,,,,,333,0.0,0.0,0.0,0.0,0.0,0.0,0.0,0.0,0.0,0.0,0.0,0.0,0.0,0.0,0.0,0.0,0.0,0.0,0.0,0.0,0.0,0.0,0.0,0.0,0.0,0.0,967,,0,,,,,,,,
2390,540,RB bench,,5801,Kobe McCrary,RB,FA,27,73,240,Minnesota,48,1994-01-19,4,False,Active,,,,,9999999,0.0,0.0,0.0,0.0,0.0,0.0,0.0,0.0,0.0,0.0,0.0,0.0,0.0,0.0,0.0,0.0,0.0,0.0,0.0,0.0,0.0,0.0,0.0,0.0,0.0,0.0,540,,0,,,,,,,,
2391,472,TE bench,,3824,Alex Ellis,TE,FA,29,76,240,Tennessee,36,1993-02-10,6,False,Active,,,,,9999999,0.0,0.0,0.0,0.0,0.0,0.0,0.0,0.0,0.0,0.0,0.0,0.0,0.0,0.0,0.0,0.0,0.0,0.0,0.0,0.0,0.0,0.0,0.0,0.0,0.0,0.0,472,,0,,,,,,,,
2392,541,RB bench,,7904,Stevie Scott,RB,FA,23,73,231,Indiana,49,2000-05-13,2,False,Active,,,,,367,0.0,0.0,0.0,0.0,0.0,0.0,0.0,0.0,0.0,0.0,0.0,0.0,0.0,0.0,0.0,0.0,0.0,0.0,0.0,0.0,0.0,0.0,0.0,0.0,0.0,0.0,541,,0,,,,,,,,
2393,116,K bench,,12404,Colton Theaker,K,FA,,75,199,Washington State,,,1,False,Active,,,,K1,9999999,0.0,0.0,0.0,0.0,0.0,0.0,0.0,0.0,0.0,0.0,0.0,0.0,0.0,0.0,0.0,0.0,0.0,0.0,0.0,0.0,0.0,0.0,0.0,0.0,0.0,0.0,116,,0,,,,,,,,
1252,240,TE depth,,14062,Tyler Moore,TE,NYG,,77,255,Iowa State,47,,0,True,Active,,,,,9999999,0.0,0.0,0.0,0.0,0.0,0.0,0.0,0.0,0.0,0.0,0.0,0.0,0.0,0.0,0.0,0.0,0.0,0.0,0.0,0.0,0.0,0.0,0.0,0.0,0.0,0.0,473,,0,,,,,,,,
2395,474,TE bench,,4323,Darrell Daniels,TE,FA,28,75,256,Washington,86,1994-11-22,6,False,Active,,,,,358,0.0,0.0,0.0,0.0,0.0,0.0,0.0,0.0,0.0,0.0,0.0,0.0,0.0,0.0,0.0,0.0,0.0,0.0,0.0,0.0,0.0,0.0,0.0,0.0,0.0,0.0,474,,0,,,,,,,,
1253,477,WR depth,,13343,Vinny Anthony,WR,ATL,,72,190,Wisconsin,86,,0,True,Active,,,,,999,0.0,0.0,0.0,0.0,0.0,0.0,0.0,0.0,0.0,0.0,0.0,0.0,0.0,0.0,0.0,0.0,0.0,0.0,0.0,0.0,0.0,0.0,0.0,0.0,0.0,0.0,968,,0,,,,,,,,
2397,542,RB bench,,1386,Giovani Bernard,RB,FA,31,69,205,North Carolina,25,1991-11-22,10,False,Active,,,,,9999999,0.0,0.0,0.0,0.0,0.0,0.0,0.0,0.0,0.0,0.0,0.0,0.0,0.0,0.0,0.0,0.0,0.0,0.0,0.0,0.0,0.0,0.0,0.0,0.0,0.0,0.0,542,,0,,,,,,,,
2398,969,WR bench,,6824,Donovan Peoples-Jones,WR,FA,26,74,204,Michigan,14,1999-02-19,5,False,Active,,,,,376,0.0,0.0,0.0,0.0,0.0,0.0,0.0,0.0,0.0,0.0,0.0,0.0,0.0,0.0,0.0,0.0,0.0,0.0,0.0,0.0,0.0,0.0,0.0,0.0,0.0,0.0,969,,0,,,,,,,,
2399,970,WR bench,,2817,Daniel Rodriguez,WR,FA,37,68,180,Clemson,0,1988-01-08,10,False,Active,,,,,9999999,0.0,0.0,0.0,0.0,0.0,0.0,0.0,0.0,0.0,0.0,0.0,0.0,0.0,0.0,0.0,0.0,0.0,0.0,0.0,0.0,0.0,0.0,0.0,0.0,0.0,0.0,970,,0,,,,,,,,
2400,971,WR bench,,2532,Da'Ron Brown,WR,FA,30,72,199,Northern Illinois,81,1991-09-21,7,False,Active,,,,,9999999,0.0,0.0,0.0,0.0,0.0,0.0,0.0,0.0,0.0,0.0,0.0,0.0,0.0,0.0,0.0,0.0,0.0,0.0,0.0,0.0,0.0,0.0,0.0,0.0,0.0,0.0,971,,0,,,,,,,,
2401,266,QB bench,,268,Alex Smith,QB,FA,37,76,213,Utah,0,1984-05-07,17,False,Injured Reserve,,,,,425,0.0,0.0,0.0,0.0,0.0,0.0,0.0,0.0,0.0,0.0,0.0,0.0,0.0,0.0,0.0,0.0,0.0,0.0,0.0,0.0,0.0,0.0,0.0,0.0,0.0,0.0,266,,0,,,,,,,,
2402,117,K bench,,6192,Chris Blewitt,K,FA,27,69,195,Pittsburgh,12,1995-05-02,3,False,Active,,,,K1,675,0.0,0.0,0.0,0.0,0.0,0.0,0.0,0.0,0.0,0.0,0.0,0.0,0.0,0.0,0.0,0.0,0.0,0.0,0.0,0.0,0.0,0.0,0.0,0.0,0.0,0.0,117,,0,,,,,,,,
2403,972,WR bench,,7076,Jeff Thomas,WR,FA,24,70,180,Miami,0,1997-06-17,2,False,Inactive,,,,,1776,0.0,0.0,0.0,0.0,0.0,0.0,0.0,0.0,0.0,0.0,0.0,0.0,0.0,0.0,0.0,0.0,0.0,0.0,0.0,0.0,0.0,0.0,0.0,0.0,0.0,0.0,972,,0,,,,,,,,
2404,973,WR bench,,11159,Zion Bowens,WR,FA,24,73,185,Hawai'i,84,1999-08-17,1,False,Active,,,,,461,0.0,0.0,0.0,0.0,0.0,0.0,0.0,0.0,0.0,0.0,0.0,0.0,0.0,0.0,0.0,0.0,0.0,0.0,0.0,0.0,0.0,0.0,0.0,0.0,0.0,0.0,973,,0,,,,,,,,
2405,475,TE bench,,4803,Nate Iese,TE,FA,27,75,242,UCLA,48,1994-09-25,5,False,Active,,,,,9999999,0.0,0.0,0.0,0.0,0.0,0.0,0.0,0.0,0.0,0.0,0.0,0.0,0.0,0.0,0.0,0.0,0.0,0.0,0.0,0.0,0.0,0.0,0.0,0.0,0.0,0.0,475,,0,,,,,,,,
2406,974,WR bench,,5863,J.J. Arcega-Whiteside,WR,FA,26,74,237,Stanford,83,1996-12-31,4,False,Active,,,,,9999999,0.0,0.0,0.0,0.0,0.0,0.0,0.0,0.0,0.0,0.0,0.0,0.0,0.0,0.0,0.0,0.0,0.0,0.0,0.0,0.0,0.0,0.0,0.0,0.0,0.0,0.0,974,,0,,,,,,,,
2407,543,RB bench,,11260,Robert Burns,RB,CHI,,71,222,Connecticut,45,,1,False,Active,,,,,9999999,0.0,0.0,0.0,0.0,0.0,0.0,0.0,0.0,0.0,0.0,0.0,0.0,0.0,0.0,0.0,0.0,0.0,0.0,0.0,0.0,0.0,0.0,0.0,0.0,0.0,0.0,543,,0,,,,,,,,
1254,286,RB depth,,13844,Coleman Bennett,RB,CHI,,71,185,Kennesaw State,30,,0,True,Active,,,,,9999999,0.0,0.0,0.0,0.0,0.0,0.0,0.0,0.0,0.0,0.0,0.0,0.0,0.0,0.0,0.0,0.0,0.0,0.0,0.0,0.0,0.0,0.0,0.0,0.0,0.0,0.0,544,,0,,,,,,,,
2409,975,WR bench,,6873,Austin Mack,WR,FA,26,74,215,Ohio State,81,1997-08-31,4,False,Active,,,,,9999999,0.0,0.0,0.0,0.0,0.0,0.0,0.0,0.0,0.0,0.0,0.0,0.0,0.0,0.0,0.0,0.0,0.0,0.0,0.0,0.0,0.0,0.0,0.0,0.0,0.0,0.0,975,,0,,,,,,,,
2410,267,QB bench,,208,Josh McCown,QB,FA,42,76,218,Sam Houston State,3,1979-07-04,20,False,Active,,,,,593,0.0,0.0,0.0,0.0,0.0,0.0,0.0,0.0,0.0,0.0,0.0,0.0,0.0,0.0,0.0,0.0,0.0,0.0,0.0,0.0,0.0,0.0,0.0,0.0,0.0,0.0,267,,0,,,,,,,,
2411,268,QB bench,,8560,Davis Cheek,QB,FA,23,75,215,Elon,3,1999-02-26,1,False,Active,,,,,314,0.0,0.0,0.0,0.0,0.0,0.0,0.0,0.0,0.0,0.0,0.0,0.0,0.0,0.0,0.0,0.0,0.0,0.0,0.0,0.0,0.0,0.0,0.0,0.0,0.0,0.0,268,,0,,,,,,,,
807,163,TE depth,,12984,CJ Dippre,TE,NE,24,77,256,Alabama,81,2002-04-29,1,False,Active,,,3,TE3,9999999,2.0,0.0,0.0,0.0,0.0,0.0,0.0,0.0,0.0,0.0,0.0,0.0,0.0,0.0,0.0,0.0,0.0,0.0,0.0,0.0,0.0,0.0,0.0,0.0,0.0,0.0,476,170.0,1,0,440,,,170.0,,,-419
2413,118,K bench,,7296,Brandon Wright,K,FA,26,70,182,Georgia State,49,1997-02-18,3,False,Active,,,,K1,9999999,0.0,0.0,0.0,0.0,0.0,0.0,0.0,0.0,0.0,0.0,0.0,0.0,0.0,0.0,0.0,0.0,0.0,0.0,0.0,0.0,0.0,0.0,0.0,0.0,0.0,0.0,118,,0,,,,,,,,
2414,269,QB bench,,1029,Nick Foles,QB,FA,34,78,243,Arizona,9,1989-01-20,11,False,Active,,,,,681,0.0,0.0,0.0,0.0,0.0,0.0,0.0,0.0,0.0,0.0,0.0,0.0,0.0,0.0,0.0,0.0,0.0,0.0,0.0,0.0,0.0,0.0,0.0,0.0,0.0,0.0,269,,0,,,,,,,,
808,286,WR depth,,11874,Jaylen Johnson,WR,FA,25,74,194,East Carolina,39,2000-05-26,2,False,Active,,,,,404,0.0,0.0,0.0,0.0,0.0,0.0,0.0,0.0,0.0,0.0,0.0,0.0,0.0,1.0,0.0,0.0,0.0,0.0,0.0,0.0,0.0,0.0,0.0,0.0,0.0,0.0,976,170.0,1,0,518,,,170.0,,,-342
2416,977,WR bench,,4344,C.J. Board,WR,FA,29,73,181,Chattanooga,80,1993-12-12,6,False,Active,,,,,9999999,0.0,0.0,0.0,0.0,0.0,0.0,0.0,0.0,0.0,0.0,0.0,0.0,0.0,0.0,0.0,0.0,0.0,0.0,0.0,0.0,0.0,0.0,0.0,0.0,0.0,0.0,977,,0,,,,,,,,
2417,545,RB bench,,12150,Jarveon Howard,RB,FA,25,70,215,Alcorn State,21,1999-12-13,1,False,Inactive,,,,,695,0.0,0.0,0.0,0.0,0.0,0.0,0.0,0.0,0.0,0.0,0.0,0.0,0.0,0.0,0.0,0.0,0.0,0.0,0.0,0.0,0.0,0.0,0.0,0.0,0.0,0.0,545,,0,,,,,,,,
2418,270,QB bench,,6892,Nate Stanley,QB,FA,24,76,233,Iowa,12,1997-08-26,2,False,Active,,,,,9999999,0.0,0.0,0.0,0.0,0.0,0.0,0.0,0.0,0.0,0.0,0.0,0.0,0.0,0.0,0.0,0.0,0.0,0.0,0.0,0.0,0.0,0.0,0.0,0.0,0.0,0.0,270,,0,,,,,,,,
1255,478,WR depth,,13890,Michael Briscoe,WR,MIN,,74,209,Cal Poly,46,,0,True,Active,,,,,9999999,0.0,0.0,0.0,0.0,0.0,0.0,0.0,0.0,0.0,0.0,0.0,0.0,0.0,0.0,0.0,0.0,0.0,0.0,0.0,0.0,0.0,0.0,0.0,0.0,0.0,0.0,978,,0,,,,,,,,
809,287,WR depth,,4218,Trent Taylor,WR,FA,31,68,180,Louisiana Tech,81,1994-04-30,9,False,Active,,,,,372,0.0,0.0,0.0,0.0,0.0,0.0,0.0,0.0,0.0,0.0,0.0,0.0,0.0,2.0,2.1,1.05,0.0,0.0,0.0,0.0,0.0,0.0,1.0,1.0,11.0,0.0,979,170.0,1,0,917,,,170.0,,,56
2421,546,RB bench,,6178,Darwin Thompson,RB,FA,26,68,200,Utah State,30,1997-02-12,4,False,Active,,,,,439,0.0,0.0,0.0,0.0,0.0,0.0,0.0,0.0,0.0,0.0,0.0,0.0,0.0,0.0,0.0,0.0,0.0,0.0,0.0,0.0,0.0,0.0,0.0,0.0,0.0,0.0,546,,0,,,,,,,,
2422,477,TE bench,,12154,Messiah Swinson,TE,GB,26,79,259,Arizona State,43,2000-04-20,2,False,Active,,,,,999,0.0,0.0,0.0,0.0,0.0,0.0,0.0,0.0,0.0,0.0,0.0,0.0,0.0,0.0,0.0,0.0,0.0,0.0,0.0,0.0,0.0,0.0,0.0,0.0,0.0,0.0,477,,0,,,,,,,,
2423,478,TE bench,,1642,Levine Toilolo,TE,NYG,30,80,268,Stanford,85,1991-07-30,9,False,Inactive,,,,,9999999,0.0,0.0,0.0,0.0,0.0,0.0,0.0,0.0,0.0,0.0,0.0,0.0,0.0,0.0,0.0,0.0,0.0,0.0,0.0,0.0,0.0,0.0,0.0,0.0,0.0,0.0,478,,0,,,,,,,,
1256,155,QB depth,,13597,Matthew Caldwell,QB,LAR,23,76,209,Texas,2,2003-05-23,0,True,Active,,,,,9999999,0.0,0.0,0.0,0.0,0.0,0.0,0.0,0.0,0.0,0.0,0.0,0.0,0.0,0.0,0.0,0.0,0.0,0.0,0.0,0.0,0.0,0.0,0.0,0.0,0.0,0.0,271,,0,,,,,,,,
810,106,QB depth,,8159,Desmond Ridder,QB,FA,26,75,211,Cincinnati,18,1999-08-31,4,False,Active,,,,,999,0.0,0.0,0.0,0.0,0.0,0.0,0.0,0.0,0.0,0.0,0.0,0.0,0.0,6.0,23.92,3.99,458.0,2.0,2.0,9.0,36.0,0.0,0.0,0.0,0.0,0.0,272,170.0,1,0,698,,,170.0,,,-164
2426,479,TE bench,,2751,Daniel Brown,TE,FA,29,77,247,James Madison,87,1992-05-26,7,False,Inactive,,,,,9999999,0.0,0.0,0.0,0.0,0.0,0.0,0.0,0.0,0.0,0.0,0.0,0.0,0.0,0.0,0.0,0.0,0.0,0.0,0.0,0.0,0.0,0.0,0.0,0.0,0.0,0.0,479,,0,,,,,,,,
2427,980,WR bench,,2938,Cam Worthy,WR,FA,32,74,211,East Carolina,0,1992-04-06,10,False,Active,,,,,9999999,0.0,0.0,0.0,0.0,0.0,0.0,0.0,0.0,0.0,0.0,0.0,0.0,0.0,0.0,0.0,0.0,0.0,0.0,0.0,0.0,0.0,0.0,0.0,0.0,0.0,0.0,980,,0,,,,,,,,
2428,981,WR bench,,4895,Lamar Atkins,WR,FA,27,71,236,Louisville,0,1994-02-25,4,False,Active,,,,,919,0.0,0.0,0.0,0.0,0.0,0.0,0.0,0.0,0.0,0.0,0.0,0.0,0.0,0.0,0.0,0.0,0.0,0.0,0.0,0.0,0.0,0.0,0.0,0.0,0.0,0.0,981,,0,,,,,,,,
2429,480,TE bench,,3554,David Reeves,TE,FA,32,77,255,Duke,0,1992-12-15,9,False,Active,,,,,9999999,0.0,0.0,0.0,0.0,0.0,0.0,0.0,0.0,0.0,0.0,0.0,0.0,0.0,0.0,0.0,0.0,0.0,0.0,0.0,0.0,0.0,0.0,0.0,0.0,0.0,0.0,480,,0,,,,,,,,
1257,479,WR depth,,12525,Player Invalid,WR,FA,,,,,,,0,True,Inactive,,,,,,0.0,0.0,0.0,0.0,0.0,0.0,0.0,0.0,0.0,0.0,0.0,0.0,0.0,0.0,0.0,0.0,0.0,0.0,0.0,0.0,0.0,0.0,0.0,0.0,0.0,0.0,982,,0,,,,,,,,
2431,481,TE bench,,8018,Shaun Beyer,TE,FA,25,77,248,Iowa,80,1996-11-11,1,False,Active,,,,,9999999,0.0,0.0,0.0,0.0,0.0,0.0,0.0,0.0,0.0,0.0,0.0,0.0,0.0,0.0,0.0,0.0,0.0,0.0,0.0,0.0,0.0,0.0,0.0,0.0,0.0,0.0,481,,0,,,,,,,,
1258,480,WR depth,,13931,E.J. Horton,WR,IND,,72,183,Purdue,10,,0,True,Active,,,,,9999999,0.0,0.0,0.0,0.0,0.0,0.0,0.0,0.0,0.0,0.0,0.0,0.0,0.0,0.0,0.0,0.0,0.0,0.0,0.0,0.0,0.0,0.0,0.0,0.0,0.0,0.0,983,,0,,,,,,,,
2433,273,QB bench,,5392,Jack Heneghan,QB,FA,25,76,230,Dartmouth,6,1996-02-13,4,False,Active,,,,,9999999,0.0,0.0,0.0,0.0,0.0,0.0,0.0,0.0,0.0,0.0,0.0,0.0,0.0,0.0,0.0,0.0,0.0,0.0,0.0,0.0,0.0,0.0,0.0,0.0,0.0,0.0,273,,0,,,,,,,,
811,288,WR depth,,13533,Barion Brown,WR,NO,22,71,177,LSU,19,2003-12-12,0,True,Active,,,8,WR8,9999999,0.0,0.0,0.0,0.0,0.0,0.0,0.0,0.0,0.0,0.0,0.0,0.0,0.0,0.0,0.0,0.0,0.0,0.0,0.0,0.0,0.0,0.0,0.0,0.0,0.0,0.0,984,170.0,1,0,359,,,170.0,,,-504
2435,482,TE bench,,868,Virgil Green,TE,FA,33,77,255,Nevada,88,1988-08-03,11,False,Inactive,,,,,634,0.0,0.0,0.0,0.0,0.0,0.0,0.0,0.0,0.0,0.0,0.0,0.0,0.0,0.0,0.0,0.0,0.0,0.0,0.0,0.0,0.0,0.0,0.0,0.0,0.0,0.0,482,,0,,,,,,,,
2436,547,RB bench,,11486,Zach Ojile,RB,FA,24,74,238,Minnesota Duluth,41,1999-01-28,1,False,Active,,,,,364,0.0,0.0,0.0,0.0,0.0,0.0,0.0,0.0,0.0,0.0,0.0,0.0,0.0,0.0,0.0,0.0,0.0,0.0,0.0,0.0,0.0,0.0,0.0,0.0,0.0,0.0,547,,0,,,,,,,,
2437,548,RB bench,,2600,Ricky Seale,RB,FA,33,69,203,Stanford,0,1992-01-08,10,False,Active,,,,,9999999,0.0,0.0,0.0,0.0,0.0,0.0,0.0,0.0,0.0,0.0,0.0,0.0,0.0,0.0,0.0,0.0,0.0,0.0,0.0,0.0,0.0,0.0,0.0,0.0,0.0,0.0,548,,0,,,,,,,,
2438,549,RB bench,,7190,Bronson Rechsteiner,RB,FA,24,72,230,Kennesaw State,34,1997-10-24,2,False,Active,,,,,9999999,0.0,0.0,0.0,0.0,0.0,0.0,0.0,0.0,0.0,0.0,0.0,0.0,0.0,0.0,0.0,0.0,0.0,0.0,0.0,0.0,0.0,0.0,0.0,0.0,0.0,0.0,549,,0,,,,,,,,
812,174,RB depth,,13337,Emmett Johnson,RB,KC,22,71,200,Nebraska,10,2003-10-10,0,True,Active,,,4,RB4,113,0.0,0.0,0.0,0.0,0.0,0.0,0.0,0.0,0.0,0.0,0.0,0.0,0.0,0.0,0.0,0.0,0.0,0.0,0.0,0.0,0.0,0.0,0.0,0.0,0.0,0.0,550,170.0,1,0,902,,,170.0,,,38
2440,551,RB bench,,12061,Noah Cain,RB,FA,24,70,222,LSU,,2000-12-17,1,False,Active,,,,,654,0.0,0.0,0.0,0.0,0.0,0.0,0.0,0.0,0.0,0.0,0.0,0.0,0.0,0.0,0.0,0.0,0.0,0.0,0.0,0.0,0.0,0.0,0.0,0.0,0.0,0.0,551,,0,,,,,,,,
2441,985,WR bench,,3582,Chester Rogers,WR,FA,28,73,180,Grambling State,80,1994-01-12,6,False,Active,,,,,9999999,0.0,0.0,0.0,0.0,0.0,0.0,0.0,0.0,0.0,0.0,0.0,0.0,0.0,0.0,0.0,0.0,0.0,0.0,0.0,0.0,0.0,0.0,0.0,0.0,0.0,0.0,985,,0,,,,,,,,
2442,483,TE bench,,5358,Anthony Manzo-Lewis,TE,FA,26,72,257,"Albany, N.Y.",40,1995-10-11,4,False,Active,,,,,9999999,0.0,0.0,0.0,0.0,0.0,0.0,0.0,0.0,0.0,0.0,0.0,0.0,0.0,0.0,0.0,0.0,0.0,0.0,0.0,0.0,0.0,0.0,0.0,0.0,0.0,0.0,483,,0,,,,,,,,
2443,986,WR bench,,11523,Cody Chrest,WR,FA,25,72,193,Sam Houston State,82,1998-04-10,1,False,Active,,,,,9999999,0.0,0.0,0.0,0.0,0.0,0.0,0.0,0.0,0.0,0.0,0.0,0.0,0.0,0.0,0.0,0.0,0.0,0.0,0.0,0.0,0.0,0.0,0.0,0.0,0.0,0.0,986,,0,,,,,,,,
2444,484,TE bench,,12212,Austin Stogner,TE,FA,25,78,258,Oklahoma,,2000-01-12,1,False,Active,,,,,9999999,0.0,0.0,0.0,0.0,0.0,0.0,0.0,0.0,0.0,0.0,0.0,0.0,0.0,0.0,0.0,0.0,0.0,0.0,0.0,0.0,0.0,0.0,0.0,0.0,0.0,0.0,484,,0,,,,,,,,
2445,987,WR bench,,8572,Andrew Parchment,WR,FA,,74,190,Florida State,0,,1,False,Active,,,,,593,0.0,0.0,0.0,0.0,0.0,0.0,0.0,0.0,0.0,0.0,0.0,0.0,0.0,0.0,0.0,0.0,0.0,0.0,0.0,0.0,0.0,0.0,0.0,0.0,0.0,0.0,987,,0,,,,,,,,
1259,156,QB depth,,13681,Kaidon Salter,QB,FA,,73,190,Colorado,,,0,True,Active,,,,,9999999,0.0,0.0,0.0,0.0,0.0,0.0,0.0,0.0,0.0,0.0,0.0,0.0,0.0,0.0,0.0,0.0,0.0,0.0,0.0,0.0,0.0,0.0,0.0,0.0,0.0,0.0,274,,0,,,,,,,,
1260,481,WR depth,,13941,Omari Kelly,WR,CHI,,71,190,Michigan State,82,,0,True,Active,,,,,9999999,0.0,0.0,0.0,0.0,0.0,0.0,0.0,0.0,0.0,0.0,0.0,0.0,0.0,0.0,0.0,0.0,0.0,0.0,0.0,0.0,0.0,0.0,0.0,0.0,0.0,0.0,988,,0,,,,,,,,
2448,552,RB bench,,6007,Ryquell Armstead,RB,FA,25,71,220,Temple,23,1996-10-30,3,False,Active,,,,,9999999,0.0,0.0,0.0,0.0,0.0,0.0,0.0,0.0,0.0,0.0,0.0,0.0,0.0,0.0,0.0,0.0,0.0,0.0,0.0,0.0,0.0,0.0,0.0,0.0,0.0,0.0,552,,0,,,,,,,,
2449,485,TE bench,,4327,Colin Jeter,TE,FA,26,79,254,Louisiana State,87,1995-05-23,5,False,Inactive,,,,,9999999,0.0,0.0,0.0,0.0,0.0,0.0,0.0,0.0,0.0,0.0,0.0,0.0,0.0,0.0,0.0,0.0,0.0,0.0,0.0,0.0,0.0,0.0,0.0,0.0,0.0,0.0,485,,0,,,,,,,,
2450,119,K bench,,1287,Kai Forbath,K,FA,34,71,197,UCLA,2,1987-09-02,11,False,Inactive,,,,K1,698,0.0,0.0,0.0,0.0,0.0,0.0,0.0,0.0,0.0,0.0,0.0,0.0,0.0,0.0,0.0,0.0,0.0,0.0,0.0,0.0,0.0,0.0,0.0,0.0,0.0,0.0,119,,0,,,,,,,,
2451,989,WR bench,,5210,Korey Robertson,WR,FA,26,74,210,Southern Mississippi,18,1995-06-22,4,False,Active,,,,,9999999,0.0,0.0,0.0,0.0,0.0,0.0,0.0,0.0,0.0,0.0,0.0,0.0,0.0,0.0,0.0,0.0,0.0,0.0,0.0,0.0,0.0,0.0,0.0,0.0,0.0,0.0,989,,0,,,,,,,,
2452,990,WR bench,,3355,Cody Core,WR,FA,28,75,205,Ole Miss,89,1994-04-17,6,False,Active,,,,,9999999,0.0,0.0,0.0,0.0,0.0,0.0,0.0,0.0,0.0,0.0,0.0,0.0,0.0,0.0,0.0,0.0,0.0,0.0,0.0,0.0,0.0,0.0,0.0,0.0,0.0,0.0,990,,0,,,,,,,,
2453,486,TE bench,,13162,Maximilian Mang,TE,FA,25,78,263,Syracuse,49,2000-03-13,1,False,Active,,,,,693,0.0,0.0,0.0,0.0,0.0,0.0,0.0,0.0,0.0,0.0,0.0,0.0,0.0,0.0,0.0,0.0,0.0,0.0,0.0,0.0,0.0,0.0,0.0,0.0,0.0,0.0,486,,0,,,,,,,,
2454,553,RB bench,,4365,Darrin Laufasa,RB,FA,26,73,250,Texas-El Paso,44,1995-05-06,5,False,Active,,,,,9999999,0.0,0.0,0.0,0.0,0.0,0.0,0.0,0.0,0.0,0.0,0.0,0.0,0.0,0.0,0.0,0.0,0.0,0.0,0.0,0.0,0.0,0.0,0.0,0.0,0.0,0.0,553,,0,,,,,,,,
2455,487,TE bench,,2118,Eric Ebron,TE,PIT,28,76,253,North Carolina,85,1993-04-10,8,False,Inactive,,,,,215,0.0,0.0,0.0,0.0,0.0,0.0,0.0,0.0,0.0,0.0,0.0,0.0,0.0,0.0,0.0,0.0,0.0,0.0,0.0,0.0,0.0,0.0,0.0,0.0,0.0,0.0,487,,0,,,,,,,,
2456,120,K bench,,7095,Austin MacGinnis,K,FA,26,70,185,Kentucky,18,1995-05-04,2,False,Active,,,,K1,1927,0.0,0.0,0.0,0.0,0.0,0.0,0.0,0.0,0.0,0.0,0.0,0.0,0.0,0.0,0.0,0.0,0.0,0.0,0.0,0.0,0.0,0.0,0.0,0.0,0.0,0.0,120,,0,,,,,,,,
2457,275,QB bench,,7081,James Morgan,QB,FA,26,76,229,Florida International,16,1997-02-28,3,False,Active,,,,,9999999,0.0,0.0,0.0,0.0,0.0,0.0,0.0,0.0,0.0,0.0,0.0,0.0,0.0,0.0,0.0,0.0,0.0,0.0,0.0,0.0,0.0,0.0,0.0,0.0,0.0,0.0,275,,0,,,,,,,,
2458,991,WR bench,,6755,Tavonn Salter,WR,FA,25,74,194,Middle Tennessee,0,1996-03-01,3,False,Inactive,NA,,,,9999999,0.0,0.0,0.0,0.0,0.0,0.0,0.0,0.0,0.0,0.0,0.0,0.0,0.0,0.0,0.0,0.0,0.0,0.0,0.0,0.0,0.0,0.0,0.0,0.0,0.0,0.0,991,,0,,,,,,,,
2459,121,K bench,,5692,Ryan Santoso,K,FA,27,77,258,Minnesota,2,1995-08-26,4,False,Active,,,,K1,367,0.0,0.0,0.0,0.0,0.0,0.0,0.0,0.0,0.0,0.0,0.0,0.0,0.0,0.0,0.0,0.0,0.0,0.0,0.0,0.0,0.0,0.0,0.0,0.0,0.0,0.0,121,,0,,,,,,,,
813,175,RB depth,,11186,Carlos Washington,RB,MIA,27,71,210,Southeastern Louisiana,37,1998-12-26,3,False,Active,,,4,RB4,999,1.0,0.0,0.0,0.0,0.0,0.0,0.0,0.0,0.0,0.0,0.0,0.0,0.0,1.0,0.0,0.0,0.0,0.0,0.0,0.0,0.0,0.0,0.0,0.0,0.0,0.0,554,170.0,1,0,643,,,170.0,,,-222
120,38,RB depth,,11583,Jonathon Brooks,RB,CAR,23,72,207,Texas,25,2003-07-21,2,False,Active,,,2,RB2,91,0.0,0.0,0.0,0.0,0.0,0.0,0.0,0.0,0.0,0.0,0.0,0.0,0.0,3.0,7.5,2.5,0.0,0.0,0.0,9.0,22.0,0.0,3.0,3.0,23.0,0.0,555,121.1,2,0,120,,114.7,127.5,,,-746
1261,66,K depth,,13710,Gabriel Plascencia,K,FA,,72,245,San Diego State,27,,0,True,Active,,,,K1,9999999,0.0,0.0,0.0,0.0,0.0,0.0,0.0,0.0,0.0,0.0,0.0,0.0,0.0,0.0,0.0,0.0,0.0,0.0,0.0,0.0,0.0,0.0,0.0,0.0,0.0,0.0,122,,0,,,,,,,,
2463,992,WR bench,,7396,Devin Phelps,WR,FA,25,74,190,Shepherd,0,1996-10-15,2,False,Active,,,,,9999999,0.0,0.0,0.0,0.0,0.0,0.0,0.0,0.0,0.0,0.0,0.0,0.0,0.0,0.0,0.0,0.0,0.0,0.0,0.0,0.0,0.0,0.0,0.0,0.0,0.0,0.0,992,,0,,,,,,,,
2464,488,TE bench,,11447,Kris Leach,TE,FA,,78,248,Kent State,86,,1,False,Active,,,,,9999999,0.0,0.0,0.0,0.0,0.0,0.0,0.0,0.0,0.0,0.0,0.0,0.0,0.0,0.0,0.0,0.0,0.0,0.0,0.0,0.0,0.0,0.0,0.0,0.0,0.0,0.0,488,,0,,,,,,,,
2465,993,WR bench,,5408,Sergio Bailey,WR,FA,27,72,190,Eastern Michigan,83,1994-03-20,4,False,Active,,,,,9999999,0.0,0.0,0.0,0.0,0.0,0.0,0.0,0.0,0.0,0.0,0.0,0.0,0.0,0.0,0.0,0.0,0.0,0.0,0.0,0.0,0.0,0.0,0.0,0.0,0.0,0.0,993,,0,,,,,,,,
2466,489,TE bench,,3020,Dan Light,TE,FA,31,77,265,Fordham,84,1993-05-05,10,False,Active,,,,,9999999,0.0,0.0,0.0,0.0,0.0,0.0,0.0,0.0,0.0,0.0,0.0,0.0,0.0,0.0,0.0,0.0,0.0,0.0,0.0,0.0,0.0,0.0,0.0,0.0,0.0,0.0,489,,0,,,,,,,,
2467,994,WR bench,,2879,Isiah Ferguson,WR,FA,34,76,218,Arkansas-Pine Bluff,0,1991-01-08,10,False,Active,,,,,9999999,0.0,0.0,0.0,0.0,0.0,0.0,0.0,0.0,0.0,0.0,0.0,0.0,0.0,0.0,0.0,0.0,0.0,0.0,0.0,0.0,0.0,0.0,0.0,0.0,0.0,0.0,994,,0,,,,,,,,
2468,490,TE bench,,1603,Luke Willson,TE,FA,31,77,254,Rice,0,1990-01-15,9,False,Injured Reserve,,,,,500,0.0,0.0,0.0,0.0,0.0,0.0,0.0,0.0,0.0,0.0,0.0,0.0,0.0,0.0,0.0,0.0,0.0,0.0,0.0,0.0,0.0,0.0,0.0,0.0,0.0,0.0,490,,0,,,,,,,,
2469,491,TE bench,,2930,Justin Tukes,TE,FA,33,77,250,UCF,0,1991-11-13,10,False,Active,,,,,9999999,0.0,0.0,0.0,0.0,0.0,0.0,0.0,0.0,0.0,0.0,0.0,0.0,0.0,0.0,0.0,0.0,0.0,0.0,0.0,0.0,0.0,0.0,0.0,0.0,0.0,0.0,491,,0,,,,,,,,
2470,276,QB bench,,4931,Austin Appleby,QB,FA,28,76,240,Florida,0,1993-06-04,5,False,Active,,,,,9999999,0.0,0.0,0.0,0.0,0.0,0.0,0.0,0.0,0.0,0.0,0.0,0.0,0.0,0.0,0.0,0.0,0.0,0.0,0.0,0.0,0.0,0.0,0.0,0.0,0.0,0.0,276,,0,,,,,,,,
1262,482,WR depth,,3923,Franky Okafor,WR,FA,25,"6'3""",190,SE Oklahoma,17,1993-07-28,0,True,Inactive,,,,,9999999,0.0,0.0,0.0,0.0,0.0,0.0,0.0,0.0,0.0,0.0,0.0,0.0,0.0,0.0,0.0,0.0,0.0,0.0,0.0,0.0,0.0,0.0,0.0,0.0,0.0,0.0,995,,0,,,,,,,,
2472,996,WR bench,,8697,Kevin Shaa,WR,FA,25,70,166,Liberty,0,1997-11-10,1,False,Active,,,,,439,0.0,0.0,0.0,0.0,0.0,0.0,0.0,0.0,0.0,0.0,0.0,0.0,0.0,0.0,0.0,0.0,0.0,0.0,0.0,0.0,0.0,0.0,0.0,0.0,0.0,0.0,996,,0,,,,,,,,
1263,287,RB depth,,13291,Kejon Owens,RB,FA,,71,210,Florida International,35,,0,True,Active,Questionable,,,,999,0.0,0.0,0.0,0.0,0.0,0.0,0.0,0.0,0.0,0.0,0.0,0.0,0.0,0.0,0.0,0.0,0.0,0.0,0.0,0.0,0.0,0.0,0.0,0.0,0.0,0.0,556,,0,,,,,,,,
1264,67,K depth,,2862,Tony Johnson,K,FA,25,"6'2""",254,Louisiana Tech,46,1991-09-09,0,True,Inactive,,,,K1,9999999,0.0,0.0,0.0,0.0,0.0,0.0,0.0,0.0,0.0,0.0,0.0,0.0,0.0,0.0,0.0,0.0,0.0,0.0,0.0,0.0,0.0,0.0,0.0,0.0,0.0,0.0,123,,0,,,,,,,,
1265,483,WR depth,,13336,Dane Key,WR,DEN,23,75,210,Nebraska,32,2003-07-01,0,True,Active,,,7,WR7,999,0.0,0.0,0.0,0.0,0.0,0.0,0.0,0.0,0.0,0.0,0.0,0.0,0.0,0.0,0.0,0.0,0.0,0.0,0.0,0.0,0.0,0.0,0.0,0.0,0.0,0.0,997,,0,,,,,,,,
2476,492,TE bench,,12933,Caden Prieskorn,TE,CAR,26,77,255,Ole Miss,40,1999-09-21,1,False,Active,,,,,999,0.0,0.0,0.0,0.0,0.0,0.0,0.0,0.0,0.0,0.0,0.0,0.0,0.0,0.0,0.0,0.0,0.0,0.0,0.0,0.0,0.0,0.0,0.0,0.0,0.0,0.0,492,,0,,,,,,,,
2477,998,WR bench,,13179,Ja'seem Reed,WR,CAR,23,74,195,San Diego,86,2003-03-21,1,False,Active,,,,,999,0.0,0.0,0.0,0.0,0.0,0.0,0.0,0.0,0.0,0.0,0.0,0.0,0.0,0.0,0.0,0.0,0.0,0.0,0.0,0.0,0.0,0.0,0.0,0.0,0.0,0.0,998,,0,,,,,,,,
2478,557,RB bench,,8217,Leddie Brown,RB,FA,22,72,213,West Virginia,0,2000-02-28,1,False,Active,,,,,9999999,0.0,0.0,0.0,0.0,0.0,0.0,0.0,0.0,0.0,0.0,0.0,0.0,0.0,0.0,0.0,0.0,0.0,0.0,0.0,0.0,0.0,0.0,0.0,0.0,0.0,0.0,557,,0,,,,,,,,
1266,484,WR depth,,12461,Player Invalid,WR,FA,,,,,,,0,True,Inactive,,,,,,0.0,0.0,0.0,0.0,0.0,0.0,0.0,0.0,0.0,0.0,0.0,0.0,0.0,0.0,0.0,0.0,0.0,0.0,0.0,0.0,0.0,0.0,0.0,0.0,0.0,0.0,999,,0,,,,,,,,
814,176,RB depth,,6845,Zack Moss,RB,FA,27,70,220,Utah,31,1997-12-15,5,False,Active,Questionable,,,,260,0.0,0.0,0.0,0.0,0.0,0.0,0.0,0.0,0.0,0.0,0.0,0.0,0.0,8.0,81.9,10.24,0.0,0.0,0.0,74.0,242.0,2.0,23.0,27.0,187.0,1.0,558,170.0,1,0,825,,,170.0,,,-42
1267,241,TE depth,,3897,Paul Lang,TE,FA,26,"6'5""",260,Michigan State,87,1992-05-24,0,True,Inactive,,,,,9999999,0.0,0.0,0.0,0.0,0.0,0.0,0.0,0.0,0.0,0.0,0.0,0.0,0.0,0.0,0.0,0.0,0.0,0.0,0.0,0.0,0.0,0.0,0.0,0.0,0.0,0.0,493,,0,,,,,,,,
2482,1000,WR bench,,11366,Chris Coleman,WR,FA,24,71,192,Cal Poly,83,1999-04-03,1,False,Active,,,,,357,0.0,0.0,0.0,0.0,0.0,0.0,0.0,0.0,0.0,0.0,0.0,0.0,0.0,0.0,0.0,0.0,0.0,0.0,0.0,0.0,0.0,0.0,0.0,0.0,0.0,0.0,1000,,0,,,,,,,,
1268,242,TE depth,,13834,Cody Hardy,TE,NO,,77,271,NC State,86,,0,True,Active,,,,,9999999,0.0,0.0,0.0,0.0,0.0,0.0,0.0,0.0,0.0,0.0,0.0,0.0,0.0,0.0,0.0,0.0,0.0,0.0,0.0,0.0,0.0,0.0,0.0,0.0,0.0,0.0,494,,0,,,,,,,,
2484,495,TE bench,,6535,Nate Becker,TE,FA,26,77,258,Miami (OH),82,1996-03-24,3,False,Inactive,,,,,9999999,0.0,0.0,0.0,0.0,0.0,0.0,0.0,0.0,0.0,0.0,0.0,0.0,0.0,0.0,0.0,0.0,0.0,0.0,0.0,0.0,0.0,0.0,0.0,0.0,0.0,0.0,495,,0,,,,,,,,
1269,157,QB depth,,13425,Jalon Daniels,QB,TB,23,72,219,Kansas,10,2002-10-29,0,True,Active,,,3,QB3,9999999,0.0,0.0,0.0,0.0,0.0,0.0,0.0,0.0,0.0,0.0,0.0,0.0,0.0,0.0,0.0,0.0,0.0,0.0,0.0,0.0,0.0,0.0,0.0,0.0,0.0,0.0,277,,0,,,,,,,,
2486,559,RB bench,,4305,Tyler Renew,RB,FA,27,71,217,Citadel,39,1994-10-20,5,False,Active,,,,,9999999,0.0,0.0,0.0,0.0,0.0,0.0,0.0,0.0,0.0,0.0,0.0,0.0,0.0,0.0,0.0,0.0,0.0,0.0,0.0,0.0,0.0,0.0,0.0,0.0,0.0,0.0,559,,0,,,,,,,,
1270,485,WR depth,,3935,Alex Chisum,WR,FA,,"6'3""",194,Cincinnati,3,,0,True,Inactive,,,,,9999999,0.0,0.0,0.0,0.0,0.0,0.0,0.0,0.0,0.0,0.0,0.0,0.0,0.0,0.0,0.0,0.0,0.0,0.0,0.0,0.0,0.0,0.0,0.0,0.0,0.0,0.0,1001,,0,,,,,,,,
1271,486,WR depth,,11639,Player Invalid,WR,FA,,,,,,,0,True,Inactive,,,,,,0.0,0.0,0.0,0.0,0.0,0.0,0.0,0.0,0.0,0.0,0.0,0.0,0.0,0.0,0.0,0.0,0.0,0.0,0.0,0.0,0.0,0.0,0.0,0.0,0.0,0.0,1002,,0,,,,,,,,
2489,560,RB bench,,246,Darren Sproles,RB,FA,38,66,190,Kansas State,0,1983-06-20,17,False,Injured Reserve,,,,,9999999,0.0,0.0,0.0,0.0,0.0,0.0,0.0,0.0,0.0,0.0,0.0,0.0,0.0,0.0,0.0,0.0,0.0,0.0,0.0,0.0,0.0,0.0,0.0,0.0,0.0,0.0,560,,0,,,,,,,,
2490,278,QB bench,,178,Matt Schaub,QB,FA,40,78,245,Virginia,0,1981-06-25,18,False,Injured Reserve,,,,,513,0.0,0.0,0.0,0.0,0.0,0.0,0.0,0.0,0.0,0.0,0.0,0.0,0.0,0.0,0.0,0.0,0.0,0.0,0.0,0.0,0.0,0.0,0.0,0.0,0.0,0.0,278,,0,,,,,,,,
2491,561,RB bench,,8187,CJ Verdell,RB,FA,23,68,211,Oregon,0,1999-08-16,1,False,Active,,,,,9999999,0.0,0.0,0.0,0.0,0.0,0.0,0.0,0.0,0.0,0.0,0.0,0.0,0.0,0.0,0.0,0.0,0.0,0.0,0.0,0.0,0.0,0.0,0.0,0.0,0.0,0.0,561,,0,,,,,,,,
2492,1003,WR bench,,4489,Gehrig Dieter,WR,FA,29,75,208,Alabama,12,1993-02-24,5,False,Active,,,,,9999999,0.0,0.0,0.0,0.0,0.0,0.0,0.0,0.0,0.0,0.0,0.0,0.0,0.0,0.0,0.0,0.0,0.0,0.0,0.0,0.0,0.0,0.0,0.0,0.0,0.0,0.0,1003,,0,,,,,,,,
2493,1004,WR bench,,7603,Shi Smith,WR,FA,25,70,190,South Carolina,80,1998-10-26,3,False,Active,,,,,9999999,0.0,0.0,0.0,0.0,0.0,0.0,0.0,0.0,0.0,0.0,0.0,0.0,0.0,0.0,0.0,0.0,0.0,0.0,0.0,0.0,0.0,0.0,0.0,0.0,0.0,0.0,1004,,0,,,,,,,,
2494,1005,WR bench,,7751,Dax Milne,WR,FA,25,73,190,BYU,12,1999-06-23,4,False,Active,,,,,9999999,0.0,0.0,0.0,0.0,0.0,0.0,0.0,0.0,0.0,0.0,0.0,0.0,0.0,0.0,0.0,0.0,0.0,0.0,0.0,0.0,0.0,0.0,0.0,0.0,0.0,0.0,1005,,0,,,,,,,,
2495,1006,WR bench,,8052,Donte Sylencieux,WR,FA,,74,185,Graceland (IA),82,,1,False,Inactive,,,,,,0.0,0.0,0.0,0.0,0.0,0.0,0.0,0.0,0.0,0.0,0.0,0.0,0.0,0.0,0.0,0.0,0.0,0.0,0.0,0.0,0.0,0.0,0.0,0.0,0.0,0.0,1006,,0,,,,,,,,
2496,1007,WR bench,,8731,Shemar Bridges,WR,FA,25,76,208,Fort Valley State,85,1997-12-26,2,False,Active,,,,,501,0.0,0.0,0.0,0.0,0.0,0.0,0.0,0.0,0.0,0.0,0.0,0.0,0.0,0.0,0.0,0.0,0.0,0.0,0.0,0.0,0.0,0.0,0.0,0.0,0.0,0.0,1007,,0,,,,,,,,
2497,562,RB bench,,5463,Mark Thompson,RB,FA,27,73,239,Florida,36,1994-12-09,4,False,Active,,,,,9999999,0.0,0.0,0.0,0.0,0.0,0.0,0.0,0.0,0.0,0.0,0.0,0.0,0.0,0.0,0.0,0.0,0.0,0.0,0.0,0.0,0.0,0.0,0.0,0.0,0.0,0.0,562,,0,,,,,,,,
2498,1008,WR bench,,7935,Eli Stove,WR,FA,,72,191,Auburn,0,,1,False,Inactive,,,,,,0.0,0.0,0.0,0.0,0.0,0.0,0.0,0.0,0.0,0.0,0.0,0.0,0.0,0.0,0.0,0.0,0.0,0.0,0.0,0.0,0.0,0.0,0.0,0.0,0.0,0.0,1008,,0,,,,,,,,
815,289,WR depth,,13297,Reggie Virgil,WR,ARI,22,75,187,Texas Tech,82,2004-05-14,0,True,Active,,,5,WR5,999,0.0,0.0,0.0,0.0,0.0,0.0,0.0,0.0,0.0,0.0,0.0,0.0,0.0,0.0,0.0,0.0,0.0,0.0,0.0,0.0,0.0,0.0,0.0,0.0,0.0,0.0,1009,170.0,1,0,363,,,170.0,,,-505
2500,496,TE bench,,6618,Isaiah Searight,TE,FA,24,76,250,Fordham,49,1997-01-18,3,False,Active,,,,,9999999,0.0,0.0,0.0,0.0,0.0,0.0,0.0,0.0,0.0,0.0,0.0,0.0,0.0,0.0,0.0,0.0,0.0,0.0,0.0,0.0,0.0,0.0,0.0,0.0,0.0,0.0,496,,0,,,,,,,,
2501,563,RB bench,,5046,Royce Freeman,RB,FA,29,72,238,Oregon,41,1996-02-24,8,False,Active,,,,,645,0.0,0.0,0.0,0.0,0.0,0.0,0.0,0.0,0.0,0.0,0.0,0.0,0.0,0.0,0.0,0.0,0.0,0.0,0.0,0.0,0.0,0.0,0.0,0.0,0.0,0.0,563,,0,,,,,,,,
2502,497,TE bench,,4621,Caleb Bluiett,TE,FA,28,75,257,Texas,85,1993-10-06,5,False,Active,,,,,9999999,0.0,0.0,0.0,0.0,0.0,0.0,0.0,0.0,0.0,0.0,0.0,0.0,0.0,0.0,0.0,0.0,0.0,0.0,0.0,0.0,0.0,0.0,0.0,0.0,0.0,0.0,497,,0,,,,,,,,
2503,1010,WR bench,,1329,Chris Hogan,WR,FA,34,73,210,Monmouth,0,1987-10-24,11,False,Injured Reserve,,,,,634,0.0,0.0,0.0,0.0,0.0,0.0,0.0,0.0,0.0,0.0,0.0,0.0,0.0,0.0,0.0,0.0,0.0,0.0,0.0,0.0,0.0,0.0,0.0,0.0,0.0,0.0,1010,,0,,,,,,,,
816,290,WR depth,,8783,Kendric Pryor,WR,CIN,28,71,189,Wisconsin,19,1998-01-06,4,False,Active,,,6,WR6,9999999,0.0,0.0,0.0,0.0,0.0,0.0,0.0,0.0,0.0,0.0,0.0,0.0,0.0,1.0,1.9,1.9,0.0,0.0,0.0,0.0,0.0,0.0,1.0,1.0,9.0,0.0,1011,170.0,1,0,749,,,170.0,,,-120
2505,498,TE bench,,6728,Jackson Harris,TE,FA,24,77,250,Georgia,0,1997-02-28,3,False,Active,,,,,9999999,0.0,0.0,0.0,0.0,0.0,0.0,0.0,0.0,0.0,0.0,0.0,0.0,0.0,0.0,0.0,0.0,0.0,0.0,0.0,0.0,0.0,0.0,0.0,0.0,0.0,0.0,498,,0,,,,,,,,
2506,499,TE bench,,5465,Nick Keizer,TE,FA,26,76,251,Grand Valley State,0,1995-05-02,4,False,Injured Reserve,,,,,1492,0.0,0.0,0.0,0.0,0.0,0.0,0.0,0.0,0.0,0.0,0.0,0.0,0.0,0.0,0.0,0.0,0.0,0.0,0.0,0.0,0.0,0.0,0.0,0.0,0.0,0.0,499,,0,,,,,,,,
817,291,WR depth,,4854,River Cracraft,WR,WAS,31,72,198,Washington State,88,1994-11-01,9,False,Active,,,8,WR8,9999999,2.0,0.0,0.0,0.0,0.0,0.0,0.0,0.0,0.0,0.0,0.0,0.0,0.0,8.0,13.6,1.7,0.0,0.0,0.0,0.0,0.0,0.0,7.0,9.0,66.0,0.0,1012,170.0,1,0,907,,,170.0,,,37
2508,564,RB bench,,1601,Spencer Ware,RB,FA,30,70,224,Louisiana State,39,1991-11-23,9,False,Inactive,,,,,750,0.0,0.0,0.0,0.0,0.0,0.0,0.0,0.0,0.0,0.0,0.0,0.0,0.0,0.0,0.0,0.0,0.0,0.0,0.0,0.0,0.0,0.0,0.0,0.0,0.0,0.0,564,,0,,,,,,,,
2509,1013,WR bench,,2783,Kenzel Doe,WR,FA,32,68,176,Wisconsin,82,1992-06-06,10,False,Active,,,,,9999999,0.0,0.0,0.0,0.0,0.0,0.0,0.0,0.0,0.0,0.0,0.0,0.0,0.0,0.0,0.0,0.0,0.0,0.0,0.0,0.0,0.0,0.0,0.0,0.0,0.0,0.0,1013,,0,,,,,,,,
2510,1014,WR bench,,5197,Rico Gafford,WR,FA,26,70,184,Wyoming,37,1996-05-23,4,False,Active,,,,,9999999,0.0,0.0,0.0,0.0,0.0,0.0,0.0,0.0,0.0,0.0,0.0,0.0,0.0,0.0,0.0,0.0,0.0,0.0,0.0,0.0,0.0,0.0,0.0,0.0,0.0,0.0,1014,,0,,,,,,,,
818,177,RB depth,,11590,Jase McClellan,RB,FA,23,71,212,Alabama,39,2002-06-25,1,False,Active,,,,,516,0.0,0.0,0.0,0.0,0.0,0.0,0.0,0.0,0.0,0.0,0.0,0.0,0.0,2.0,3.2,1.6,0.0,0.0,0.0,13.0,32.0,0.0,0.0,0.0,0.0,0.0,565,170.0,1,0,865,,,170.0,,,-6
2512,1015,WR bench,,12210,Cole Burgess,WR,PIT,26,73,192,SUNY-Cortland,85,2000-02-11,3,False,Inactive,IR,,,,999,0.0,0.0,0.0,0.0,0.0,0.0,0.0,0.0,0.0,0.0,0.0,0.0,0.0,0.0,0.0,0.0,0.0,0.0,0.0,0.0,0.0,0.0,0.0,0.0,0.0,0.0,1015,,0,,,,,,,,
819,164,TE depth,,13577,Dallen Bentley,TE,DEN,25,76,253,Utah,89,2000-12-31,0,True,Active,,,4,TE4,9999999,0.0,0.0,0.0,0.0,0.0,0.0,0.0,0.0,0.0,0.0,0.0,0.0,0.0,0.0,0.0,0.0,0.0,0.0,0.0,0.0,0.0,0.0,0.0,0.0,0.0,0.0,500,170.0,1,0,673,,,170.0,,,-199
1272,243,TE depth,,13357,Lance Mason,TE,SEA,,75,243,Wisconsin,42,,0,True,Active,,,,,999,0.0,0.0,0.0,0.0,0.0,0.0,0.0,0.0,0.0,0.0,0.0,0.0,0.0,0.0,0.0,0.0,0.0,0.0,0.0,0.0,0.0,0.0,0.0,0.0,0.0,0.0,501,,0,,,,,,,,
1273,244,TE depth,,3887,Ben McCord,TE,FA,26,"6'4""",240,Central Michigan,49,1992-06-30,0,True,Inactive,,,,,9999999,0.0,0.0,0.0,0.0,0.0,0.0,0.0,0.0,0.0,0.0,0.0,0.0,0.0,0.0,0.0,0.0,0.0,0.0,0.0,0.0,0.0,0.0,0.0,0.0,0.0,0.0,502,,0,,,,,,,,
2516,1016,WR bench,,4878,Brandon Zylstra,WR,FA,29,74,215,Concordia (MN),13,1993-03-25,5,False,Active,,,,,9999999,0.0,0.0,0.0,0.0,0.0,0.0,0.0,0.0,0.0,0.0,0.0,0.0,0.0,0.0,0.0,0.0,0.0,0.0,0.0,0.0,0.0,0.0,0.0,0.0,0.0,0.0,1016,,0,,,,,,,,
2517,503,TE bench,,2040,Scott Simonson,TE,FA,29,77,255,Assumption,83,1992-04-13,8,False,Active,,,,,9999999,0.0,0.0,0.0,0.0,0.0,0.0,0.0,0.0,0.0,0.0,0.0,0.0,0.0,0.0,0.0,0.0,0.0,0.0,0.0,0.0,0.0,0.0,0.0,0.0,0.0,0.0,503,,0,,,,,,,,
2518,504,TE bench,,5975,Alize Mack,TE,FA,26,76,251,Notre Dame,87,1997-03-29,4,False,Active,,,,,330,0.0,0.0,0.0,0.0,0.0,0.0,0.0,0.0,0.0,0.0,0.0,0.0,0.0,0.0,0.0,0.0,0.0,0.0,0.0,0.0,0.0,0.0,0.0,0.0,0.0,0.0,504,,0,,,,,,,,
820,165,TE depth,,8924,Thomas Odukoya,TE,FA,28,78,253,Eastern Michigan,88,1997-05-05,4,False,Active,Questionable,,,,104,0.0,0.0,0.0,0.0,0.0,0.0,0.0,0.0,0.0,0.0,0.0,0.0,0.0,2.0,0.0,0.0,0.0,0.0,0.0,0.0,0.0,0.0,0.0,0.0,0.0,0.0,505,170.0,1,0,515,,,170.0,,,-358
2520,1017,WR bench,,627,Andre Roberts,WR,FA,35,71,195,The Citadel,18,1988-01-09,13,False,Active,,,,,9999999,0.0,0.0,0.0,0.0,0.0,0.0,0.0,0.0,0.0,0.0,0.0,0.0,0.0,0.0,0.0,0.0,0.0,0.0,0.0,0.0,0.0,0.0,0.0,0.0,0.0,0.0,1017,,0,,,,,,,,
821,292,WR depth,,11615,Ainias Smith,WR,CAR,25,69,176,Texas A&M,80,2001-05-31,2,False,Inactive,IR,,9,WR9,999,0.0,0.0,0.0,0.0,0.0,0.0,0.0,0.0,0.0,0.0,0.0,0.0,0.0,7.0,17.7,2.53,0.0,0.0,0.0,2.0,6.0,0.0,7.0,9.0,41.0,1.0,1018,170.0,1,0,762,,,170.0,,,-112
2522,566,RB bench,,6705,Taj McGowan,RB,FA,25,73,210,Central Florida,33,1996-12-30,3,False,Active,,,,,9999999,0.0,0.0,0.0,0.0,0.0,0.0,0.0,0.0,0.0,0.0,0.0,0.0,0.0,0.0,0.0,0.0,0.0,0.0,0.0,0.0,0.0,0.0,0.0,0.0,0.0,0.0,566,,0,,,,,,,,
2523,1019,WR bench,,11418,Taye Barber,WR,FA,23,69,182,TCU,17,1999-10-24,1,False,Active,,,,,9999999,0.0,0.0,0.0,0.0,0.0,0.0,0.0,0.0,0.0,0.0,0.0,0.0,0.0,0.0,0.0,0.0,0.0,0.0,0.0,0.0,0.0,0.0,0.0,0.0,0.0,0.0,1019,,0,,,,,,,,
1274,158,QB depth,,7096,Kaleb Barker,QB,FA,23,"6'1""",206,Troy,,1997-08-01,0,True,Inactive,NA,,,,9999999,0.0,0.0,0.0,0.0,0.0,0.0,0.0,0.0,0.0,0.0,0.0,0.0,0.0,0.0,0.0,0.0,0.0,0.0,0.0,0.0,0.0,0.0,0.0,0.0,0.0,0.0,279,,0,,,,,,,,
2525,506,TE bench,,7554,Tre' McKitty,TE,FA,26,76,246,Georgia,38,1999-01-12,4,False,Active,,,,,522,0.0,0.0,0.0,0.0,0.0,0.0,0.0,0.0,0.0,0.0,0.0,0.0,0.0,0.0,0.0,0.0,0.0,0.0,0.0,0.0,0.0,0.0,0.0,0.0,0.0,0.0,506,,0,,,,,,,,
2526,567,RB bench,,12308,Samson Evans,RB,FA,,72,217,Eastern Michigan,,,1,False,Active,,,,,9999999,0.0,0.0,0.0,0.0,0.0,0.0,0.0,0.0,0.0,0.0,0.0,0.0,0.0,0.0,0.0,0.0,0.0,0.0,0.0,0.0,0.0,0.0,0.0,0.0,0.0,0.0,567,,0,,,,,,,,
2527,1020,WR bench,,6209,Ishmael Hyman,WR,FA,27,72,196,James Madison,5,1995-08-23,3,False,Inactive,,,,,419,0.0,0.0,0.0,0.0,0.0,0.0,0.0,0.0,0.0,0.0,0.0,0.0,0.0,0.0,0.0,0.0,0.0,0.0,0.0,0.0,0.0,0.0,0.0,0.0,0.0,0.0,1020,,0,,,,,,,,
2528,280,QB bench,,5974,Trace McSorley,QB,FA,29,72,202,Penn State,3,1995-08-23,5,False,Active,,,,,417,0.0,0.0,0.0,0.0,0.0,0.0,0.0,0.0,0.0,0.0,0.0,0.0,0.0,0.0,0.0,0.0,0.0,0.0,0.0,0.0,0.0,0.0,0.0,0.0,0.0,0.0,280,,0,,,,,,,,
1275,245,TE depth,,14029,Johnny Pascuzzi,TE,LAC,,76,241,Tulane,42,,0,True,Active,,,,,9999999,0.0,0.0,0.0,0.0,0.0,0.0,0.0,0.0,0.0,0.0,0.0,0.0,0.0,0.0,0.0,0.0,0.0,0.0,0.0,0.0,0.0,0.0,0.0,0.0,0.0,0.0,507,,0,,,,,,,,
2530,568,RB bench,,5618,Larry Rose,RB,FA,26,71,195,New Mexico State,39,1995-09-09,4,False,Inactive,NA,,,,9999999,0.0,0.0,0.0,0.0,0.0,0.0,0.0,0.0,0.0,0.0,0.0,0.0,0.0,0.0,0.0,0.0,0.0,0.0,0.0,0.0,0.0,0.0,0.0,0.0,0.0,0.0,568,,0,,,,,,,,
2531,1021,WR bench,,4515,B.J. Johnson,WR,FA,28,73,212,Georgia Southern,0,1993-02-22,5,False,Active,,,,,9999999,0.0,0.0,0.0,0.0,0.0,0.0,0.0,0.0,0.0,0.0,0.0,0.0,0.0,0.0,0.0,0.0,0.0,0.0,0.0,0.0,0.0,0.0,0.0,0.0,0.0,0.0,1021,,0,,,,,,,,
2532,508,TE bench,,2595,Tim Semisch,TE,FA,30,80,267,Northern Illinois,85,1991-09-18,7,False,Active,,,,,9999999,0.0,0.0,0.0,0.0,0.0,0.0,0.0,0.0,0.0,0.0,0.0,0.0,0.0,0.0,0.0,0.0,0.0,0.0,0.0,0.0,0.0,0.0,0.0,0.0,0.0,0.0,508,,0,,,,,,,,
2533,1022,WR bench,,6449,Dorian Baker,WR,FA,25,75,213,Kentucky,19,1996-06-01,3,False,Active,,,,,9999999,0.0,0.0,0.0,0.0,0.0,0.0,0.0,0.0,0.0,0.0,0.0,0.0,0.0,0.0,0.0,0.0,0.0,0.0,0.0,0.0,0.0,0.0,0.0,0.0,0.0,0.0,1022,,0,,,,,,,,
2534,569,RB bench,,6156,Benny Snell,RB,FA,25,70,224,Kentucky,38,1998-02-27,4,False,Active,,,,,341,0.0,0.0,0.0,0.0,0.0,0.0,0.0,0.0,0.0,0.0,0.0,0.0,0.0,0.0,0.0,0.0,0.0,0.0,0.0,0.0,0.0,0.0,0.0,0.0,0.0,0.0,569,,0,,,,,,,,
2535,1023,WR bench,,3150,Xavier Rush,WR,FA,29,75,202,Tulane,17,1992-12-30,6,False,Active,,,,,9999999,0.0,0.0,0.0,0.0,0.0,0.0,0.0,0.0,0.0,0.0,0.0,0.0,0.0,0.0,0.0,0.0,0.0,0.0,0.0,0.0,0.0,0.0,0.0,0.0,0.0,0.0,1023,,0,,,,,,,,
2536,509,TE bench,,6399,Kano Dillon,TE,FA,,77,265,Oregon,0,,3,False,Active,,,,,9999999,0.0,0.0,0.0,0.0,0.0,0.0,0.0,0.0,0.0,0.0,0.0,0.0,0.0,0.0,0.0,0.0,0.0,0.0,0.0,0.0,0.0,0.0,0.0,0.0,0.0,0.0,509,,0,,,,,,,,
2537,510,TE bench,,1777,Josh Hill,TE,FA,31,77,250,Idaho State,0,1990-05-21,9,False,Injured Reserve,,,,,472,0.0,0.0,0.0,0.0,0.0,0.0,0.0,0.0,0.0,0.0,0.0,0.0,0.0,0.0,0.0,0.0,0.0,0.0,0.0,0.0,0.0,0.0,0.0,0.0,0.0,0.0,510,,0,,,,,,,,
2538,570,RB bench,,7420,Josh Hokit,RB,FA,24,73,225,Fresno State,0,1997-11-12,2,False,Active,,,,,9999999,0.0,0.0,0.0,0.0,0.0,0.0,0.0,0.0,0.0,0.0,0.0,0.0,0.0,0.0,0.0,0.0,0.0,0.0,0.0,0.0,0.0,0.0,0.0,0.0,0.0,0.0,570,,0,,,,,,,,
2539,1024,WR bench,,12865,AJ Henning,WR,MIA,24,70,192,Northwestern,88,2001-09-09,1,False,Active,,,,,999,0.0,0.0,0.0,0.0,0.0,0.0,0.0,0.0,0.0,0.0,0.0,0.0,0.0,0.0,0.0,0.0,0.0,0.0,0.0,0.0,0.0,0.0,0.0,0.0,0.0,0.0,1024,,0,,,,,,,,
1276,487,WR depth,,13316,Eric Rivers,WR,TB,23,70,176,Georgia Tech,83,2002-09-17,0,True,Active,,,5,WR5,999,0.0,0.0,0.0,0.0,0.0,0.0,0.0,0.0,0.0,0.0,0.0,0.0,0.0,0.0,0.0,0.0,0.0,0.0,0.0,0.0,0.0,0.0,0.0,0.0,0.0,0.0,1025,,0,,,,,,,,
2541,511,TE bench,,4004,Chris Briggs,TE,FA,29,77,230,Southeastern Louisiana,5,1992-11-09,5,False,Inactive,,,,,9999999,0.0,0.0,0.0,0.0,0.0,0.0,0.0,0.0,0.0,0.0,0.0,0.0,0.0,0.0,0.0,0.0,0.0,0.0,0.0,0.0,0.0,0.0,0.0,0.0,0.0,0.0,511,,0,,,,,,,,
2542,512,TE bench,,284,Delanie Walker,TE,FA,37,74,248,Central Missouri,82,1984-08-12,16,False,Active,,,,,9999999,0.0,0.0,0.0,0.0,0.0,0.0,0.0,0.0,0.0,0.0,0.0,0.0,0.0,0.0,0.0,0.0,0.0,0.0,0.0,0.0,0.0,0.0,0.0,0.0,0.0,0.0,512,,0,,,,,,,,
2543,571,RB bench,,13242,Lawrance Toafili,RB,FA,24,72,185,Florida State,,2001-11-30,1,False,Active,,,,,666,0.0,0.0,0.0,0.0,0.0,0.0,0.0,0.0,0.0,0.0,0.0,0.0,0.0,0.0,0.0,0.0,0.0,0.0,0.0,0.0,0.0,0.0,0.0,0.0,0.0,0.0,571,,0,,,,,,,,
2544,513,TE bench,,4085,Adam Shaheen,TE,FA,28,79,248,Ashland,80,1994-10-24,6,False,Inactive,,,,,9999999,0.0,0.0,0.0,0.0,0.0,0.0,0.0,0.0,0.0,0.0,0.0,0.0,0.0,0.0,0.0,0.0,0.0,0.0,0.0,0.0,0.0,0.0,0.0,0.0,0.0,0.0,513,,0,,,,,,,,
2545,1026,WR bench,,3621,Jordan Williams-Lambert,WR,FA,27,74,224,Ball State,0,1994-05-09,6,False,Active,,,,,9999999,0.0,0.0,0.0,0.0,0.0,0.0,0.0,0.0,0.0,0.0,0.0,0.0,0.0,0.0,0.0,0.0,0.0,0.0,0.0,0.0,0.0,0.0,0.0,0.0,0.0,0.0,1026,,0,,,,,,,,
2546,514,TE bench,,3880,M.J. McFarland,TE,FA,29,76,249,Texas-El Paso,0,1992-07-25,6,False,Active,,,,,9999999,0.0,0.0,0.0,0.0,0.0,0.0,0.0,0.0,0.0,0.0,0.0,0.0,0.0,0.0,0.0,0.0,0.0,0.0,0.0,0.0,0.0,0.0,0.0,0.0,0.0,0.0,514,,0,,,,,,,,
2547,1027,WR bench,,8019,Devontres Dukes,WR,FA,24,76,216,USF,84,1997-06-18,1,False,Active,,,,,,0.0,0.0,0.0,0.0,0.0,0.0,0.0,0.0,0.0,0.0,0.0,0.0,0.0,0.0,0.0,0.0,0.0,0.0,0.0,0.0,0.0,0.0,0.0,0.0,0.0,0.0,1027,,0,,,,,,,,
2548,1028,WR bench,,12169,Reggie Brown,WR,FA,,73,195,James Madison,,,1,False,Active,,,,,9999999,0.0,0.0,0.0,0.0,0.0,0.0,0.0,0.0,0.0,0.0,0.0,0.0,0.0,0.0,0.0,0.0,0.0,0.0,0.0,0.0,0.0,0.0,0.0,0.0,0.0,0.0,1028,,0,,,,,,,,
2549,515,TE bench,,12850,Tyler Neville,TE,FA,,75,250,Virginia,,,1,False,Active,,,,,669,0.0,0.0,0.0,0.0,0.0,0.0,0.0,0.0,0.0,0.0,0.0,0.0,0.0,0.0,0.0,0.0,0.0,0.0,0.0,0.0,0.0,0.0,0.0,0.0,0.0,0.0,515,,0,,,,,,,,
2550,572,RB bench,,2597,Michael Dyer,RB,FA,34,69,220,Louisville,40,1990-10-13,10,False,Active,,,,,9999999,0.0,0.0,0.0,0.0,0.0,0.0,0.0,0.0,0.0,0.0,0.0,0.0,0.0,0.0,0.0,0.0,0.0,0.0,0.0,0.0,0.0,0.0,0.0,0.0,0.0,0.0,572,,0,,,,,,,,
2551,516,TE bench,,5886,Hakeem Butler,TE,DEN,30,77,227,Iowa State,30,1996-05-16,7,False,Active,,,,,999,0.0,0.0,0.0,0.0,0.0,0.0,0.0,0.0,0.0,0.0,0.0,0.0,0.0,0.0,0.0,0.0,0.0,0.0,0.0,0.0,0.0,0.0,0.0,0.0,0.0,0.0,516,,0,,,,,,,,
2552,1029,WR bench,,5915,Andy Isabella,WR,FA,28,69,188,UMass,7,1996-11-18,6,False,Active,Questionable,,,,336,0.0,0.0,0.0,0.0,0.0,0.0,0.0,0.0,0.0,0.0,0.0,0.0,0.0,0.0,0.0,0.0,0.0,0.0,0.0,0.0,0.0,0.0,0.0,0.0,0.0,0.0,1029,,0,,,,,,,,
2553,1030,WR bench,,6097,Jamal Custis,WR,FA,24,"6'5""",213,Syracuse,,1995-11-06,1,False,Inactive,,,,,9999999,0.0,0.0,0.0,0.0,0.0,0.0,0.0,0.0,0.0,0.0,0.0,0.0,0.0,0.0,0.0,0.0,0.0,0.0,0.0,0.0,0.0,0.0,0.0,0.0,0.0,0.0,1030,,0,,,,,,,,
2554,281,QB bench,,7158,Riley Neal,QB,FA,25,78,225,Vanderbilt,5,1996-10-02,2,False,Active,,,,,9999999,0.0,0.0,0.0,0.0,0.0,0.0,0.0,0.0,0.0,0.0,0.0,0.0,0.0,0.0,0.0,0.0,0.0,0.0,0.0,0.0,0.0,0.0,0.0,0.0,0.0,0.0,281,,0,,,,,,,,
2555,282,QB bench,,6450,David Blough,QB,FA,28,73,207,Purdue,18,1995-07-31,5,False,Active,,,,,351,0.0,0.0,0.0,0.0,0.0,0.0,0.0,0.0,0.0,0.0,0.0,0.0,0.0,0.0,0.0,0.0,0.0,0.0,0.0,0.0,0.0,0.0,0.0,0.0,0.0,0.0,282,,0,,,,,,,,
2556,573,RB bench,,7055,Sewo Olonilua,RB,FA,24,75,240,TCU,33,1997-11-27,2,False,Active,,,,,9999999,0.0,0.0,0.0,0.0,0.0,0.0,0.0,0.0,0.0,0.0,0.0,0.0,0.0,0.0,0.0,0.0,0.0,0.0,0.0,0.0,0.0,0.0,0.0,0.0,0.0,0.0,573,,0,,,,,,,,
2557,1031,WR bench,,2004,Cody Latimer,WR,FA,29,74,215,Indiana,12,1992-10-10,8,False,Inactive,,,,,798,0.0,0.0,0.0,0.0,0.0,0.0,0.0,0.0,0.0,0.0,0.0,0.0,0.0,0.0,0.0,0.0,0.0,0.0,0.0,0.0,0.0,0.0,0.0,0.0,0.0,0.0,1031,,0,,,,,,,,
822,107,QB depth,,2549,Trevor Siemian,QB,FA,34,75,220,Northwestern,13,1991-12-26,11,False,Active,Questionable,,,,999,0.0,0.0,0.0,0.0,0.0,0.0,0.0,0.0,0.0,0.0,0.0,0.0,0.0,0.0,0.0,0.0,0.0,0.0,0.0,0.0,0.0,0.0,0.0,0.0,0.0,0.0,283,170.0,1,0,929,,,170.0,,,54
2559,1032,WR bench,,8863,Kaylon Geiger,WR,FA,25,70,180,Texas Tech,80,1997-11-01,1,False,Active,,,,,9999999,0.0,0.0,0.0,0.0,0.0,0.0,0.0,0.0,0.0,0.0,0.0,0.0,0.0,0.0,0.0,0.0,0.0,0.0,0.0,0.0,0.0,0.0,0.0,0.0,0.0,0.0,1032,,0,,,,,,,,
2560,517,TE bench,,6365,Carson Meier,TE,FA,26,77,254,Oklahoma,89,1995-06-29,3,False,Active,,,,,1706,0.0,0.0,0.0,0.0,0.0,0.0,0.0,0.0,0.0,0.0,0.0,0.0,0.0,0.0,0.0,0.0,0.0,0.0,0.0,0.0,0.0,0.0,0.0,0.0,0.0,0.0,517,,0,,,,,,,,
2561,518,TE bench,,2082,Xavier Grimble,TE,FA,29,76,261,Southern California,85,1992-09-22,8,False,Active,,,,,815,0.0,0.0,0.0,0.0,0.0,0.0,0.0,0.0,0.0,0.0,0.0,0.0,0.0,0.0,0.0,0.0,0.0,0.0,0.0,0.0,0.0,0.0,0.0,0.0,0.0,0.0,518,,0,,,,,,,,
2562,519,TE bench,,7218,Cam Sutton,TE,FA,25,78,226,Fresno State,0,1996-09-13,2,False,Active,,,,,9999999,0.0,0.0,0.0,0.0,0.0,0.0,0.0,0.0,0.0,0.0,0.0,0.0,0.0,0.0,0.0,0.0,0.0,0.0,0.0,0.0,0.0,0.0,0.0,0.0,0.0,0.0,519,,0,,,,,,,,
2563,284,QB bench,,7589,Ian Book,QB,FA,26,72,206,Notre Dame,13,1998-03-30,4,False,Active,,,,,361,0.0,0.0,0.0,0.0,0.0,0.0,0.0,0.0,0.0,0.0,0.0,0.0,0.0,0.0,0.0,0.0,0.0,0.0,0.0,0.0,0.0,0.0,0.0,0.0,0.0,0.0,284,,0,,,,,,,,
2564,1033,WR bench,,6063,Tyron Billy-Johnson,WR,FA,28,73,193,Oklahoma State,13,1996-01-08,5,False,Active,,,,,380,0.0,0.0,0.0,0.0,0.0,0.0,0.0,0.0,0.0,0.0,0.0,0.0,0.0,0.0,0.0,0.0,0.0,0.0,0.0,0.0,0.0,0.0,0.0,0.0,0.0,0.0,1033,,0,,,,,,,,
823,178,RB depth,,4018,Joe Mixon,RB,FA,29,73,220,Oklahoma,28,1996-07-24,9,False,Active,Questionable,,,,212,0.0,0.0,0.0,0.0,0.0,0.0,0.0,0.0,0.0,0.0,0.0,0.0,0.0,14.0,240.5,17.18,0.0,0.0,0.0,245.0,1016.0,11.0,36.0,52.0,309.0,1.0,574,170.0,1,0,422,,,170.0,,,-454
2566,1034,WR bench,,13227,Mitch Van Vooren,WR,NE,,77,255,St. Norbert,46,,1,False,Active,,,,,999,0.0,0.0,0.0,0.0,0.0,0.0,0.0,0.0,0.0,0.0,0.0,0.0,0.0,0.0,0.0,0.0,0.0,0.0,0.0,0.0,0.0,0.0,0.0,0.0,0.0,0.0,1034,,0,,,,,,,,
354,123,WR depth,,13411,Zavion Thomas,WR,CHI,22,70,190,LSU,81,2004-02-14,0,True,Active,,,5,WR5,9999999,0.0,0.0,0.0,0.0,0.0,0.0,0.0,0.0,0.0,0.0,0.0,0.0,0.0,0.0,0.0,0.0,0.0,0.0,0.0,0.0,0.0,0.0,0.0,0.0,0.0,0.0,1035,169.9,1,0,277,,,169.9,,,-600
2568,1036,WR bench,,2319,DeVante Parker,WR,FA,31,75,218,Louisville,13,1993-01-20,9,False,Active,,,,,474,0.0,0.0,0.0,0.0,0.0,0.0,0.0,0.0,0.0,0.0,0.0,0.0,0.0,0.0,0.0,0.0,0.0,0.0,0.0,0.0,0.0,0.0,0.0,0.0,0.0,0.0,1036,,0,,,,,,,,
1277,246,TE depth,,13407,Carson Towt,TE,IND,25,80,250,Notre Dame,45,2001-06-01,0,True,Active,,,,,9999999,0.0,0.0,0.0,0.0,0.0,0.0,0.0,0.0,0.0,0.0,0.0,0.0,0.0,0.0,0.0,0.0,0.0,0.0,0.0,0.0,0.0,0.0,0.0,0.0,0.0,0.0,520,,0,,,,,,,,
2570,575,RB bench,,4533,James Summers,RB,FA,27,75,210,East Carolina,39,1994-06-12,5,False,Active,,,,,9999999,0.0,0.0,0.0,0.0,0.0,0.0,0.0,0.0,0.0,0.0,0.0,0.0,0.0,0.0,0.0,0.0,0.0,0.0,0.0,0.0,0.0,0.0,0.0,0.0,0.0,0.0,575,,0,,,,,,,,
2571,1037,WR bench,,4721,Shakeir Ryan,WR,FA,26,68,160,"Northwestern State, La.",12,1995-08-11,5,False,Active,,,,,9999999,0.0,0.0,0.0,0.0,0.0,0.0,0.0,0.0,0.0,0.0,0.0,0.0,0.0,0.0,0.0,0.0,0.0,0.0,0.0,0.0,0.0,0.0,0.0,0.0,0.0,0.0,1037,,0,,,,,,,,
2572,521,TE bench,,8094,Michael Jacobson,TE,FA,28,79,244,Iowa State,86,1997-04-04,4,False,Active,,,,,689,0.0,0.0,0.0,0.0,0.0,0.0,0.0,0.0,0.0,0.0,0.0,0.0,0.0,0.0,0.0,0.0,0.0,0.0,0.0,0.0,0.0,0.0,0.0,0.0,0.0,0.0,521,,0,,,,,,,,
1278,288,RB depth,,13348,J'Mari Taylor,RB,JAX,24,69,199,Virginia,30,2002-03-15,0,True,Active,,,3,RB3,999,0.0,0.0,0.0,0.0,0.0,0.0,0.0,0.0,0.0,0.0,0.0,0.0,0.0,0.0,0.0,0.0,0.0,0.0,0.0,0.0,0.0,0.0,0.0,0.0,0.0,0.0,576,,0,,,,,,,,
2574,522,TE bench,,4229,Mason Schreck,TE,FA,29,77,252,Buffalo,86,1993-11-04,6,False,Active,,,,,9999999,0.0,0.0,0.0,0.0,0.0,0.0,0.0,0.0,0.0,0.0,0.0,0.0,0.0,0.0,0.0,0.0,0.0,0.0,0.0,0.0,0.0,0.0,0.0,0.0,0.0,0.0,522,,0,,,,,,,,
2575,1038,WR bench,,11863,Leon Johnson,WR,FA,23,77,215,Oklahoma State,,2001-06-12,1,False,Active,,,,,302,0.0,0.0,0.0,0.0,0.0,0.0,0.0,0.0,0.0,0.0,0.0,0.0,0.0,0.0,0.0,0.0,0.0,0.0,0.0,0.0,0.0,0.0,0.0,0.0,0.0,0.0,1038,,0,,,,,,,,
2576,285,QB bench,,12190,Jason Bean,QB,FA,26,74,196,Kansas,12,1999-06-09,1,False,Active,,,,,417,0.0,0.0,0.0,0.0,0.0,0.0,0.0,0.0,0.0,0.0,0.0,0.0,0.0,0.0,0.0,0.0,0.0,0.0,0.0,0.0,0.0,0.0,0.0,0.0,0.0,0.0,285,,0,,,,,,,,
2577,1039,WR bench,,6438,Kelvin McKnight,WR,FA,24,68,186,Samford,16,1997-04-25,3,False,Active,,,,,1724,0.0,0.0,0.0,0.0,0.0,0.0,0.0,0.0,0.0,0.0,0.0,0.0,0.0,0.0,0.0,0.0,0.0,0.0,0.0,0.0,0.0,0.0,0.0,0.0,0.0,0.0,1039,,0,,,,,,,,
2578,124,K bench,,7071,JJ Molson,K,FA,25,71,180,UCLA,35,1997-04-03,2,False,Active,,,,K1,9999999,0.0,0.0,0.0,0.0,0.0,0.0,0.0,0.0,0.0,0.0,0.0,0.0,0.0,0.0,0.0,0.0,0.0,0.0,0.0,0.0,0.0,0.0,0.0,0.0,0.0,0.0,124,,0,,,,,,,,
2579,1040,WR bench,,2039,Seth Roberts,WR,FA,30,74,195,West Alabama,15,1991-02-22,8,False,Inactive,,,,,286,0.0,0.0,0.0,0.0,0.0,0.0,0.0,0.0,0.0,0.0,0.0,0.0,0.0,0.0,0.0,0.0,0.0,0.0,0.0,0.0,0.0,0.0,0.0,0.0,0.0,0.0,1040,,0,,,,,,,,
2580,1041,WR bench,,5249,Andre Levrone,WR,FA,26,74,222,Virginia,16,1995-03-09,4,False,Active,,,,,9999999,0.0,0.0,0.0,0.0,0.0,0.0,0.0,0.0,0.0,0.0,0.0,0.0,0.0,0.0,0.0,0.0,0.0,0.0,0.0,0.0,0.0,0.0,0.0,0.0,0.0,0.0,1041,,0,,,,,,,,
2581,125,K bench,,3008,Matt Wile,K,FA,29,74,225,Michigan,4,1992-06-20,7,False,Active,,,,K1,9999999,0.0,0.0,0.0,0.0,0.0,0.0,0.0,0.0,0.0,0.0,0.0,0.0,0.0,0.0,0.0,0.0,0.0,0.0,0.0,0.0,0.0,0.0,0.0,0.0,0.0,0.0,125,,0,,,,,,,,
2582,1042,WR bench,,3548,Jamal Robinson,WR,FA,28,76,205,Louisiana-Lafayette,19,1993-01-13,6,False,Active,,,,,9999999,0.0,0.0,0.0,0.0,0.0,0.0,0.0,0.0,0.0,0.0,0.0,0.0,0.0,0.0,0.0,0.0,0.0,0.0,0.0,0.0,0.0,0.0,0.0,0.0,0.0,0.0,1042,,0,,,,,,,,
2583,1043,WR bench,,7035,Kendrick Rogers,WR,FA,24,76,204,Texas A&M,16,1997-08-07,2,False,Active,,,,,9999999,0.0,0.0,0.0,0.0,0.0,0.0,0.0,0.0,0.0,0.0,0.0,0.0,0.0,0.0,0.0,0.0,0.0,0.0,0.0,0.0,0.0,0.0,0.0,0.0,0.0,0.0,1043,,0,,,,,,,,
2584,577,RB bench,,5565,Jason Cabinda,RB,FA,27,73,235,Penn State,45,1996-03-17,6,False,Active,,,,,567,0.0,0.0,0.0,0.0,0.0,0.0,0.0,0.0,0.0,0.0,0.0,0.0,0.0,0.0,0.0,0.0,0.0,0.0,0.0,0.0,0.0,0.0,0.0,0.0,0.0,0.0,577,,0,,,,,,,,
1279,247,TE depth,,13205,Luke Deal,TE,FA,,77,252,Auburn,,,0,True,Active,Questionable,,,,999,0.0,0.0,0.0,0.0,0.0,0.0,0.0,0.0,0.0,0.0,0.0,0.0,0.0,0.0,0.0,0.0,0.0,0.0,0.0,0.0,0.0,0.0,0.0,0.0,0.0,0.0,523,,0,,,,,,,,
2586,286,QB bench,,2229,Garrett Gilbert,QB,FA,32,76,221,SMU,19,1991-01-01,9,False,Active,,,,,9999999,0.0,0.0,0.0,0.0,0.0,0.0,0.0,0.0,0.0,0.0,0.0,0.0,0.0,0.0,0.0,0.0,0.0,0.0,0.0,0.0,0.0,0.0,0.0,0.0,0.0,0.0,286,,0,,,,,,,,
2587,1044,WR bench,,4626,Amba Etta-Tawo,WR,FA,28,73,208,Syracuse,6,1993-11-10,5,False,Active,,,,,9999999,0.0,0.0,0.0,0.0,0.0,0.0,0.0,0.0,0.0,0.0,0.0,0.0,0.0,0.0,0.0,0.0,0.0,0.0,0.0,0.0,0.0,0.0,0.0,0.0,0.0,0.0,1044,,0,,,,,,,,
2588,1045,WR bench,,5796,Austin Wolf,WR,FA,25,"6'3""",205,None,15,1994-10-12,2,False,Inactive,,,,,9999999,0.0,0.0,0.0,0.0,0.0,0.0,0.0,0.0,0.0,0.0,0.0,0.0,0.0,0.0,0.0,0.0,0.0,0.0,0.0,0.0,0.0,0.0,0.0,0.0,0.0,0.0,1045,,0,,,,,,,,
2589,1046,WR bench,,5275,Jeff Badet,WR,FA,27,71,182,Oklahoma,0,1994-09-02,4,False,Active,,,,,422,0.0,0.0,0.0,0.0,0.0,0.0,0.0,0.0,0.0,0.0,0.0,0.0,0.0,0.0,0.0,0.0,0.0,0.0,0.0,0.0,0.0,0.0,0.0,0.0,0.0,0.0,1046,,0,,,,,,,,
1280,248,TE depth,,3896,Benson Browne,TE,FA,25,"6'5""",254,North Carolina State,82,1992-09-29,0,True,Inactive,,,,,9999999,0.0,0.0,0.0,0.0,0.0,0.0,0.0,0.0,0.0,0.0,0.0,0.0,0.0,0.0,0.0,0.0,0.0,0.0,0.0,0.0,0.0,0.0,0.0,0.0,0.0,0.0,524,,0,,,,,,,,
2591,1047,WR bench,,5125,Damoun Patterson,WR,FA,27,74,190,Youngstown State,0,1994-09-16,4,False,Active,,,,,9999999,0.0,0.0,0.0,0.0,0.0,0.0,0.0,0.0,0.0,0.0,0.0,0.0,0.0,0.0,0.0,0.0,0.0,0.0,0.0,0.0,0.0,0.0,0.0,0.0,0.0,0.0,1047,,0,,,,,,,,
2592,525,TE bench,,8101,Mark Vital,TE,FA,25,77,250,Baylor,80,1996-11-07,1,False,Active,,,,,9999999,0.0,0.0,0.0,0.0,0.0,0.0,0.0,0.0,0.0,0.0,0.0,0.0,0.0,0.0,0.0,0.0,0.0,0.0,0.0,0.0,0.0,0.0,0.0,0.0,0.0,0.0,525,,0,,,,,,,,
1281,488,WR depth,,3804,Darrin Peterson,WR,FA,24,"6'1""",206,Liberty,15,1994-07-14,0,True,Inactive,,,,,9999999,0.0,0.0,0.0,0.0,0.0,0.0,0.0,0.0,0.0,0.0,0.0,0.0,0.0,0.0,0.0,0.0,0.0,0.0,0.0,0.0,0.0,0.0,0.0,0.0,0.0,0.0,1048,,0,,,,,,,,
2594,526,TE bench,,3333,Temarrick Hemingway,TE,WAS,28,77,245,South Carolina State,88,1993-07-30,6,False,Active,,,,,9999999,0.0,0.0,0.0,0.0,0.0,0.0,0.0,0.0,0.0,0.0,0.0,0.0,0.0,0.0,0.0,0.0,0.0,0.0,0.0,0.0,0.0,0.0,0.0,0.0,0.0,0.0,526,,0,,,,,,,,
2595,527,TE bench,,4747,Stevie Donatell,TE,FA,27,78,235,Western Kentucky,87,1994-03-05,5,False,Active,,,,,9999999,0.0,0.0,0.0,0.0,0.0,0.0,0.0,0.0,0.0,0.0,0.0,0.0,0.0,0.0,0.0,0.0,0.0,0.0,0.0,0.0,0.0,0.0,0.0,0.0,0.0,0.0,527,,0,,,,,,,,
2596,1049,WR bench,,3297,Tajae Sharpe,WR,FA,27,74,194,UMass,17,1994-12-23,6,False,Inactive,,,,,317,0.0,0.0,0.0,0.0,0.0,0.0,0.0,0.0,0.0,0.0,0.0,0.0,0.0,0.0,0.0,0.0,0.0,0.0,0.0,0.0,0.0,0.0,0.0,0.0,0.0,0.0,1049,,0,,,,,,,,
2597,528,TE bench,,5276,Tyler Hoppes,TE,FA,26,76,245,Nebraska,86,1995-05-08,4,False,Active,,,,,9999999,0.0,0.0,0.0,0.0,0.0,0.0,0.0,0.0,0.0,0.0,0.0,0.0,0.0,0.0,0.0,0.0,0.0,0.0,0.0,0.0,0.0,0.0,0.0,0.0,0.0,0.0,528,,0,,,,,,,,
2598,578,RB bench,,11857,Daijun Edwards,RB,FA,23,70,201,Georgia,,2001-04-11,1,False,Active,,,,,609,0.0,0.0,0.0,0.0,0.0,0.0,0.0,0.0,0.0,0.0,0.0,0.0,0.0,0.0,0.0,0.0,0.0,0.0,0.0,0.0,0.0,0.0,0.0,0.0,0.0,0.0,578,,0,,,,,,,,
2599,1050,WR bench,,538,Emmanuel Sanders,WR,FA,35,71,180,SMU,1,1987-03-17,12,False,Active,,,,,394,0.0,0.0,0.0,0.0,0.0,0.0,0.0,0.0,0.0,0.0,0.0,0.0,0.0,0.0,0.0,0.0,0.0,0.0,0.0,0.0,0.0,0.0,0.0,0.0,0.0,0.0,1050,,0,,,,,,,,
2600,1051,WR bench,,4197,Isaiah McKenzie,WR,FA,29,67,173,Georgia,3,1995-04-09,8,False,Active,,,,,563,0.0,0.0,0.0,0.0,0.0,0.0,0.0,0.0,0.0,0.0,0.0,0.0,0.0,0.0,0.0,0.0,0.0,0.0,0.0,0.0,0.0,0.0,0.0,0.0,0.0,0.0,1051,,0,,,,,,,,
2601,579,RB bench,,5890,Damien Harris,RB,FA,27,71,213,Alabama,22,1997-02-11,5,False,Active,,,,,126,0.0,0.0,0.0,0.0,0.0,0.0,0.0,0.0,0.0,0.0,0.0,0.0,0.0,0.0,0.0,0.0,0.0,0.0,0.0,0.0,0.0,0.0,0.0,0.0,0.0,0.0,579,,0,,,,,,,,
2602,1052,WR bench,,8005,Tarik Black,WR,DET,28,75,213,Texas,12,1998-02-10,5,False,Active,,,,,999,0.0,0.0,0.0,0.0,0.0,0.0,0.0,0.0,0.0,0.0,0.0,0.0,0.0,0.0,0.0,0.0,0.0,0.0,0.0,0.0,0.0,0.0,0.0,0.0,0.0,0.0,1052,,0,,,,,,,,
2603,529,TE bench,,12187,Malcolm Epps,TE,FA,25,78,255,Pittsburgh,,2000-01-13,1,False,Active,,,,,9999999,0.0,0.0,0.0,0.0,0.0,0.0,0.0,0.0,0.0,0.0,0.0,0.0,0.0,0.0,0.0,0.0,0.0,0.0,0.0,0.0,0.0,0.0,0.0,0.0,0.0,0.0,529,,0,,,,,,,,
2604,530,TE bench,,8033,Bernhard Seikovits,TE,FA,27,77,262,AUT,47,1997-07-24,4,False,Active,,,,,9999999,0.0,0.0,0.0,0.0,0.0,0.0,0.0,0.0,0.0,0.0,0.0,0.0,0.0,0.0,0.0,0.0,0.0,0.0,0.0,0.0,0.0,0.0,0.0,0.0,0.0,0.0,530,,0,,,,,,,,
2605,126,K bench,,7961,Jose Borregales,K,FA,24,70,206,Miami (FL),19,1997-12-15,1,False,Active,,,,K1,473,0.0,0.0,0.0,0.0,0.0,0.0,0.0,0.0,0.0,0.0,0.0,0.0,0.0,0.0,0.0,0.0,0.0,0.0,0.0,0.0,0.0,0.0,0.0,0.0,0.0,0.0,126,,0,,,,,,,,
2606,1053,WR bench,,5111,Javon Wims,WR,FA,28,76,215,Georgia,13,1994-09-11,5,False,Active,,,,,606,0.0,0.0,0.0,0.0,0.0,0.0,0.0,0.0,0.0,0.0,0.0,0.0,0.0,0.0,0.0,0.0,0.0,0.0,0.0,0.0,0.0,0.0,0.0,0.0,0.0,0.0,1053,,0,,,,,,,,
2607,580,RB bench,,5791,Gerald Holmes,RB,FA,27,73,231,Michigan State,34,1994-11-15,4,False,Active,,,,,9999999,0.0,0.0,0.0,0.0,0.0,0.0,0.0,0.0,0.0,0.0,0.0,0.0,0.0,0.0,0.0,0.0,0.0,0.0,0.0,0.0,0.0,0.0,0.0,0.0,0.0,0.0,580,,0,,,,,,,,
824,108,QB depth,,12705,Graham Mertz,QB,HOU,25,74,216,Florida,18,2000-12-06,1,False,Active,,,3,QB3,999,0.0,0.0,0.0,0.0,0.0,0.0,0.0,0.0,0.0,0.0,0.0,0.0,0.0,0.0,0.0,0.0,0.0,0.0,0.0,0.0,0.0,0.0,0.0,0.0,0.0,0.0,287,170.0,1,0,648,,,170.0,,,-230
2609,1054,WR bench,,13026,Moochie Dixon,WR,FA,,72,187,SMU,,,1,False,Active,,,,,597,0.0,0.0,0.0,0.0,0.0,0.0,0.0,0.0,0.0,0.0,0.0,0.0,0.0,0.0,0.0,0.0,0.0,0.0,0.0,0.0,0.0,0.0,0.0,0.0,0.0,0.0,1054,,0,,,,,,,,
2610,581,RB bench,,6002,Qadree Ollison,RB,FA,27,73,232,Pittsburgh,41,1996-09-08,4,False,Active,,,,,9999999,0.0,0.0,0.0,0.0,0.0,0.0,0.0,0.0,0.0,0.0,0.0,0.0,0.0,0.0,0.0,0.0,0.0,0.0,0.0,0.0,0.0,0.0,0.0,0.0,0.0,0.0,581,,0,,,,,,,,
2611,1055,WR bench,,8602,Danny Davis,WR,FA,24,73,188,Wisconsin,0,1998-01-20,1,False,Active,,,,,9999999,0.0,0.0,0.0,0.0,0.0,0.0,0.0,0.0,0.0,0.0,0.0,0.0,0.0,0.0,0.0,0.0,0.0,0.0,0.0,0.0,0.0,0.0,0.0,0.0,0.0,0.0,1055,,0,,,,,,,,
825,293,WR depth,,11645,Javon Baker,WR,FA,23,73,202,UCF,83,2002-02-18,2,False,Active,,,,,549,0.0,0.0,0.0,0.0,0.0,0.0,0.0,0.0,0.0,0.0,0.0,0.0,0.0,11.0,2.2,0.2,0.0,0.0,0.0,0.0,0.0,0.0,1.0,4.0,12.0,0.0,1056,170.0,1,0,714,,,170.0,,,-165
2613,1057,WR bench,,2672,Damarr Aultman,WR,FA,33,71,198,Maine,0,1992-01-13,10,False,Active,,,,,9999999,0.0,0.0,0.0,0.0,0.0,0.0,0.0,0.0,0.0,0.0,0.0,0.0,0.0,0.0,0.0,0.0,0.0,0.0,0.0,0.0,0.0,0.0,0.0,0.0,0.0,0.0,1057,,0,,,,,,,,
2614,1058,WR bench,,223,Larry Fitzgerald,WR,FA,38,75,218,Pittsburgh,11,1983-08-31,18,False,Inactive,,,,,165,0.0,0.0,0.0,0.0,0.0,0.0,0.0,0.0,0.0,0.0,0.0,0.0,0.0,0.0,0.0,0.0,0.0,0.0,0.0,0.0,0.0,0.0,0.0,0.0,0.0,0.0,1058,,0,,,,,,,,
826,179,RB depth,,11104,SaRodorick Thompson,RB,FA,24,72,215,Texas Tech,27,1999-10-01,1,False,Active,,,,,484,0.0,0.0,0.0,0.0,0.0,0.0,0.0,0.0,0.0,0.0,0.0,0.0,0.0,0.0,0.0,0.0,0.0,0.0,0.0,0.0,0.0,0.0,0.0,0.0,0.0,0.0,582,170.0,1,0,510,,,170.0,,,-370
1282,489,WR depth,,7604,Tamorrion Terry,WR,FA,27,75,207,Florida State,83,1998-03-21,0,True,Inactive,,,,,,0.0,0.0,0.0,0.0,0.0,0.0,0.0,0.0,0.0,0.0,0.0,0.0,0.0,0.0,0.0,0.0,0.0,0.0,0.0,0.0,0.0,0.0,0.0,0.0,0.0,0.0,1059,,0,,,,,,,,
2617,583,RB bench,,5168,Jordan Chunn,RB,FA,27,72,230,Troy,38,1995-01-02,4,False,Inactive,,,,,1423,0.0,0.0,0.0,0.0,0.0,0.0,0.0,0.0,0.0,0.0,0.0,0.0,0.0,0.0,0.0,0.0,0.0,0.0,0.0,0.0,0.0,0.0,0.0,0.0,0.0,0.0,583,,0,,,,,,,,
827,109,QB depth,,12688,Cam Miller,QB,MIA,25,73,211,North Dakota State,15,2001-06-18,1,False,Active,,,3,QB3,999,0.0,0.0,0.0,0.0,0.0,0.0,0.0,0.0,0.0,0.0,0.0,0.0,0.0,0.0,0.0,0.0,0.0,0.0,0.0,0.0,0.0,0.0,0.0,0.0,0.0,0.0,288,170.0,1,0,652,,,170.0,,,-229
1283,490,WR depth,,12456,Player Invalid,WR,FA,,,,,,,0,True,Inactive,,,,,,0.0,0.0,0.0,0.0,0.0,0.0,0.0,0.0,0.0,0.0,0.0,0.0,0.0,0.0,0.0,0.0,0.0,0.0,0.0,0.0,0.0,0.0,0.0,0.0,0.0,0.0,1060,,0,,,,,,,,
2620,1061,WR bench,,4922,Garrett Scantling,WR,ATL,,"6'3""",210,Georgia,89,,1,False,Active,,,,,9999999,0.0,0.0,0.0,0.0,0.0,0.0,0.0,0.0,0.0,0.0,0.0,0.0,0.0,0.0,0.0,0.0,0.0,0.0,0.0,0.0,0.0,0.0,0.0,0.0,0.0,0.0,1061,,0,,,,,,,,
2621,1062,WR bench,,5831,Bryant Mitchell,WR,FA,29,74,198,"Northwestern State, La.",16,1992-08-16,3,False,Inactive,,,,,9999999,0.0,0.0,0.0,0.0,0.0,0.0,0.0,0.0,0.0,0.0,0.0,0.0,0.0,0.0,0.0,0.0,0.0,0.0,0.0,0.0,0.0,0.0,0.0,0.0,0.0,0.0,1062,,0,,,,,,,,
828,166,TE depth,,11381,Travis Vokolek,TE,ARI,27,78,260,Nebraska,81,1998-06-04,3,False,Active,,,,,9999999,5.0,0.0,0.0,0.0,0.0,0.0,0.0,0.0,0.0,0.0,0.0,0.0,0.0,1.0,0.0,0.0,0.0,0.0,0.0,0.0,0.0,0.0,0.0,0.0,0.0,0.0,531,170.0,1,0,711,,,170.0,,,-171
2623,127,K bench,,8937,Parker White,K,FA,24,76,207,South Carolina,48,1998-07-24,1,False,Active,,,,K1,9999999,0.0,0.0,0.0,0.0,0.0,0.0,0.0,0.0,0.0,0.0,0.0,0.0,0.0,0.0,0.0,0.0,0.0,0.0,0.0,0.0,0.0,0.0,0.0,0.0,0.0,0.0,127,,0,,,,,,,,
2624,584,RB bench,,5201,Terry Swanson,RB,FA,25,70,205,Toledo,42,1996-08-06,4,False,Active,,,,,9999999,0.0,0.0,0.0,0.0,0.0,0.0,0.0,0.0,0.0,0.0,0.0,0.0,0.0,0.0,0.0,0.0,0.0,0.0,0.0,0.0,0.0,0.0,0.0,0.0,0.0,0.0,584,,0,,,,,,,,
2625,289,QB bench,,1559,Mike Glennon,QB,FA,33,78,225,North Carolina State,16,1989-12-12,10,False,Active,,,,,397,0.0,0.0,0.0,0.0,0.0,0.0,0.0,0.0,0.0,0.0,0.0,0.0,0.0,0.0,0.0,0.0,0.0,0.0,0.0,0.0,0.0,0.0,0.0,0.0,0.0,0.0,289,,0,,,,,,,,
1284,249,TE depth,,7557,Player Invalid,TE,FA,,,,,,,0,True,Inactive,,,,,,0.0,0.0,0.0,0.0,0.0,0.0,0.0,0.0,0.0,0.0,0.0,0.0,0.0,0.0,0.0,0.0,0.0,0.0,0.0,0.0,0.0,0.0,0.0,0.0,0.0,0.0,532,,0,,,,,,,,
2627,1063,WR bench,,7558,Whop Philyor,WR,FA,23,71,182,Indiana,0,1998-07-31,1,False,Active,,,,,9999999,0.0,0.0,0.0,0.0,0.0,0.0,0.0,0.0,0.0,0.0,0.0,0.0,0.0,0.0,0.0,0.0,0.0,0.0,0.0,0.0,0.0,0.0,0.0,0.0,0.0,0.0,1063,,0,,,,,,,,
829,294,WR depth,,4951,DJ Chark,WR,FA,28,75,198,LSU,16,1996-09-23,7,False,Active,,,,,490,0.0,0.0,0.0,0.0,0.0,0.0,0.0,0.0,0.0,0.0,0.0,0.0,0.0,7.0,13.1,1.87,0.0,0.0,0.0,0.0,0.0,0.0,4.0,10.0,31.0,1.0,1064,170.0,1,0,938,,,170.0,,,55
830,180,RB depth,,11483,Ellis Merriweather,RB,FA,26,73,220,UMass,38,1999-04-07,2,False,Active,,,,,621,0.0,0.0,0.0,0.0,0.0,0.0,0.0,0.0,0.0,0.0,0.0,0.0,0.0,0.0,0.0,0.0,0.0,0.0,0.0,0.0,0.0,0.0,0.0,0.0,0.0,0.0,585,170.0,1,0,862,,,170.0,,,-22
2630,128,K bench,,120,Adam Vinatieri,K,FA,49,72,212,South Dakota State,0,1972-12-28,26,False,Injured Reserve,,,,K1,588,0.0,0.0,0.0,0.0,0.0,0.0,0.0,0.0,0.0,0.0,0.0,0.0,0.0,0.0,0.0,0.0,0.0,0.0,0.0,0.0,0.0,0.0,0.0,0.0,0.0,0.0,128,,0,,,,,,,,
2631,1065,WR bench,,4786,Jhajuan Seales,WR,FA,28,72,205,Oklahoma State,0,1993-11-26,5,False,Active,,,,,9999999,0.0,0.0,0.0,0.0,0.0,0.0,0.0,0.0,0.0,0.0,0.0,0.0,0.0,0.0,0.0,0.0,0.0,0.0,0.0,0.0,0.0,0.0,0.0,0.0,0.0,0.0,1065,,0,,,,,,,,
2632,533,TE bench,,5774,Cam Serigne,TE,FA,27,75,240,Wake Forest,86,1994-08-06,4,False,Active,,,,,9999999,0.0,0.0,0.0,0.0,0.0,0.0,0.0,0.0,0.0,0.0,0.0,0.0,0.0,0.0,0.0,0.0,0.0,0.0,0.0,0.0,0.0,0.0,0.0,0.0,0.0,0.0,533,,0,,,,,,,,
2633,1066,WR bench,,8229,Isaiah Weston,WR,FA,25,76,214,Northern Iowa,81,1997-10-25,1,False,Injured Reserve,,,,,446,0.0,0.0,0.0,0.0,0.0,0.0,0.0,0.0,0.0,0.0,0.0,0.0,0.0,0.0,0.0,0.0,0.0,0.0,0.0,0.0,0.0,0.0,0.0,0.0,0.0,0.0,1066,,0,,,,,,,,
831,110,QB depth,,5089,Mike White,QB,FA,30,77,220,Western Kentucky,16,1995-03-25,8,False,Active,,,,,598,0.0,0.0,0.0,0.0,0.0,0.0,0.0,0.0,0.0,0.0,0.0,0.0,0.0,1.0,1.12,1.12,28.0,0.0,0.0,0.0,0.0,0.0,0.0,0.0,0.0,0.0,290,170.0,1,0,924,,,170.0,,,39
2635,534,TE bench,,3296,Seth DeValve,TE,FA,28,75,245,Princeton,86,1993-01-29,6,False,Inactive,,,,,1013,0.0,0.0,0.0,0.0,0.0,0.0,0.0,0.0,0.0,0.0,0.0,0.0,0.0,0.0,0.0,0.0,0.0,0.0,0.0,0.0,0.0,0.0,0.0,0.0,0.0,0.0,534,,0,,,,,,,,
1285,289,RB depth,,7393,Sirgeo Hoffman,RB,FA,,72,215,Portland State,0,,0,True,Inactive,NA,,,,9999999,0.0,0.0,0.0,0.0,0.0,0.0,0.0,0.0,0.0,0.0,0.0,0.0,0.0,0.0,0.0,0.0,0.0,0.0,0.0,0.0,0.0,0.0,0.0,0.0,0.0,0.0,586,,0,,,,,,,,
2637,1067,WR bench,,4453,Victor Bolden,WR,FA,28,68,178,Oregon State,84,1995-04-04,6,False,Active,,,,,9999999,0.0,0.0,0.0,0.0,0.0,0.0,0.0,0.0,0.0,0.0,0.0,0.0,0.0,0.0,0.0,0.0,0.0,0.0,0.0,0.0,0.0,0.0,0.0,0.0,0.0,0.0,1067,,0,,,,,,,,
2638,291,QB bench,,12268,Colby Suits,QB,FA,,76,240,Houston Christian,,,1,False,Active,,,,,9999999,0.0,0.0,0.0,0.0,0.0,0.0,0.0,0.0,0.0,0.0,0.0,0.0,0.0,0.0,0.0,0.0,0.0,0.0,0.0,0.0,0.0,0.0,0.0,0.0,0.0,0.0,291,,0,,,,,,,,
2639,1068,WR bench,,4680,Larry Clark,WR,FA,28,75,182,Colorado State-Pueblo,17,1993-05-08,5,False,Active,,,,,9999999,0.0,0.0,0.0,0.0,0.0,0.0,0.0,0.0,0.0,0.0,0.0,0.0,0.0,0.0,0.0,0.0,0.0,0.0,0.0,0.0,0.0,0.0,0.0,0.0,0.0,0.0,1068,,0,,,,,,,,
2640,1069,WR bench,,8732,Raleigh Webb,WR,FA,26,74,204,The Citadel,17,1997-12-28,2,False,Active,,,,,523,0.0,0.0,0.0,0.0,0.0,0.0,0.0,0.0,0.0,0.0,0.0,0.0,0.0,0.0,0.0,0.0,0.0,0.0,0.0,0.0,0.0,0.0,0.0,0.0,0.0,0.0,1069,,0,,,,,,,,
2641,535,TE bench,,3921,Nick Truesdell,TE,FA,31,79,230,Grand Rapids CC,85,1990-03-14,6,False,Active,,,,,9999999,0.0,0.0,0.0,0.0,0.0,0.0,0.0,0.0,0.0,0.0,0.0,0.0,0.0,0.0,0.0,0.0,0.0,0.0,0.0,0.0,0.0,0.0,0.0,0.0,0.0,0.0,535,,0,,,,,,,,
2642,292,QB bench,,7581,Kellen Mond,QB,FA,24,75,217,Texas A&M,2,1999-06-22,3,False,Active,,,,,385,0.0,0.0,0.0,0.0,0.0,0.0,0.0,0.0,0.0,0.0,0.0,0.0,0.0,0.0,0.0,0.0,0.0,0.0,0.0,0.0,0.0,0.0,0.0,0.0,0.0,0.0,292,,0,,,,,,,,
1286,491,WR depth,,5814,Frank Stephens,WR,FA,30,71,180,Northern Colorado,0,1995-10-23,0,True,Inactive,NA,,,,9999999,0.0,0.0,0.0,0.0,0.0,0.0,0.0,0.0,0.0,0.0,0.0,0.0,0.0,0.0,0.0,0.0,0.0,0.0,0.0,0.0,0.0,0.0,0.0,0.0,0.0,0.0,1070,,0,,,,,,,,
1287,68,K depth,,13644,Mason Shipley,K,FA,,72,187,Texas,46,,0,True,Active,,,,K1,9999999,0.0,0.0,0.0,0.0,0.0,0.0,0.0,0.0,0.0,0.0,0.0,0.0,0.0,0.0,0.0,0.0,0.0,0.0,0.0,0.0,0.0,0.0,0.0,0.0,0.0,0.0,129,,0,,,,,,,,
2645,1071,WR bench,,4749,Cameron Posey,WR,FA,28,73,192,Purdue,9,1993-10-27,5,False,Active,,,,,9999999,0.0,0.0,0.0,0.0,0.0,0.0,0.0,0.0,0.0,0.0,0.0,0.0,0.0,0.0,0.0,0.0,0.0,0.0,0.0,0.0,0.0,0.0,0.0,0.0,0.0,0.0,1071,,0,,,,,,,,
2646,536,TE bench,,6590,Michael Colubiale,TE,FA,26,73,223,Central Florida,86,1995-02-09,3,False,Inactive,,,,,9999999,0.0,0.0,0.0,0.0,0.0,0.0,0.0,0.0,0.0,0.0,0.0,0.0,0.0,0.0,0.0,0.0,0.0,0.0,0.0,0.0,0.0,0.0,0.0,0.0,0.0,0.0,536,,0,,,,,,,,
2647,1072,WR bench,,7173,Jalen McCleskey,WR,FA,24,70,178,Tulane,87,1997-08-06,2,False,Active,,,,,9999999,0.0,0.0,0.0,0.0,0.0,0.0,0.0,0.0,0.0,0.0,0.0,0.0,0.0,0.0,0.0,0.0,0.0,0.0,0.0,0.0,0.0,0.0,0.0,0.0,0.0,0.0,1072,,0,,,,,,,,
1288,250,TE depth,,13280,Chamon Metayer,TE,CAR,,76,262,Arizona State,41,,0,True,Active,,,,,999,0.0,0.0,0.0,0.0,0.0,0.0,0.0,0.0,0.0,0.0,0.0,0.0,0.0,0.0,0.0,0.0,0.0,0.0,0.0,0.0,0.0,0.0,0.0,0.0,0.0,0.0,537,,0,,,,,,,,
2649,538,TE bench,,5171,Kevin Rader,TE,FA,29,76,250,Youngstown State,88,1995-04-26,6,False,Inactive,,,,,484,0.0,0.0,0.0,0.0,0.0,0.0,0.0,0.0,0.0,0.0,0.0,0.0,0.0,0.0,0.0,0.0,0.0,0.0,0.0,0.0,0.0,0.0,0.0,0.0,0.0,0.0,538,,0,,,,,,,,
832,111,QB depth,,12494,Kyle McCord,QB,GB,23,75,218,Syracuse,18,2002-09-19,1,False,Active,,,3,QB3,999,0.0,0.0,0.0,0.0,0.0,0.0,0.0,0.0,0.0,0.0,0.0,0.0,0.0,0.0,0.0,0.0,0.0,0.0,0.0,0.0,0.0,0.0,0.0,0.0,0.0,0.0,293,170.0,1,0,779,,,170.0,,,-107
2651,130,K bench,,8042,Chris Naggar,K,FA,24,71,193,SMU,19,1997-12-09,1,False,Active,,,,K1,348,0.0,0.0,0.0,0.0,0.0,0.0,0.0,0.0,0.0,0.0,0.0,0.0,0.0,0.0,0.0,0.0,0.0,0.0,0.0,0.0,0.0,0.0,0.0,0.0,0.0,0.0,130,,0,,,,,,,,
1289,492,WR depth,,13929,Sahmir Hagans,WR,IND,,71,188,Duke,11,,0,True,Active,,,,,9999999,0.0,0.0,0.0,0.0,0.0,0.0,0.0,0.0,0.0,0.0,0.0,0.0,0.0,0.0,0.0,0.0,0.0,0.0,0.0,0.0,0.0,0.0,0.0,0.0,0.0,0.0,1073,,0,,,,,,,,
2653,1074,WR bench,,4942,Marcell Ateman,WR,FA,29,76,216,Oklahoma State,15,1994-09-16,5,False,Active,,,,,9999999,0.0,0.0,0.0,0.0,0.0,0.0,0.0,0.0,0.0,0.0,0.0,0.0,0.0,0.0,0.0,0.0,0.0,0.0,0.0,0.0,0.0,0.0,0.0,0.0,0.0,0.0,1074,,0,,,,,,,,
2654,1075,WR bench,,4146,Dede Westbrook,WR,FA,29,72,178,Oklahoma,80,1993-11-21,5,False,Active,,,,,437,0.0,0.0,0.0,0.0,0.0,0.0,0.0,0.0,0.0,0.0,0.0,0.0,0.0,0.0,0.0,0.0,0.0,0.0,0.0,0.0,0.0,0.0,0.0,0.0,0.0,0.0,1075,,0,,,,,,,,
833,181,RB depth,,11582,Carson Steele,RB,PHI,23,72,228,UCLA,34,2002-10-21,2,False,Active,,,6,RB6,999,0.0,0.0,0.0,0.0,0.0,0.0,0.0,0.0,0.0,0.0,0.0,0.0,0.0,17.0,23.9,1.41,0.0,0.0,0.0,56.0,183.0,0.0,7.0,11.0,26.0,0.0,587,170.0,1,0,481,,,170.0,,,-406
2656,1076,WR bench,,7744,Antonio Nunn,WR,FA,25,71,200,Buffalo,0,1996-09-14,1,False,Active,,,,,,0.0,0.0,0.0,0.0,0.0,0.0,0.0,0.0,0.0,0.0,0.0,0.0,0.0,0.0,0.0,0.0,0.0,0.0,0.0,0.0,0.0,0.0,0.0,0.0,0.0,0.0,1076,,0,,,,,,,,
834,295,WR depth,,9489,Justin Shorter,WR,LV,26,76,227,Florida,88,2000-04-17,3,False,Inactive,IR,,9,WR9,9999999,7.0,0.0,0.0,0.0,0.0,0.0,0.0,0.0,0.0,0.0,0.0,0.0,0.0,10.0,0.0,0.0,0.0,0.0,0.0,0.0,0.0,0.0,0.0,0.0,0.0,0.0,1077,170.0,1,0,592,,,170.0,,,-296
2658,539,TE bench,,8559,Josh Babicz,TE,FA,23,78,255,North Dakota State,0,1999-04-23,2,False,Active,,,,,606,0.0,0.0,0.0,0.0,0.0,0.0,0.0,0.0,0.0,0.0,0.0,0.0,0.0,0.0,0.0,0.0,0.0,0.0,0.0,0.0,0.0,0.0,0.0,0.0,0.0,0.0,539,,0,,,,,,,,
2659,588,RB bench,,5116,Nick Bawden,RB,FA,28,74,245,San Diego State,83,1996-06-22,6,False,Active,,,,,999,0.0,0.0,0.0,0.0,0.0,0.0,0.0,0.0,0.0,0.0,0.0,0.0,0.0,0.0,0.0,0.0,0.0,0.0,0.0,0.0,0.0,0.0,0.0,0.0,0.0,0.0,588,,0,,,,,,,,
2660,540,TE bench,,11864,Zach Heins,TE,FA,24,79,260,South Dakota State,,2000-04-21,1,False,Active,,,,,307,0.0,0.0,0.0,0.0,0.0,0.0,0.0,0.0,0.0,0.0,0.0,0.0,0.0,0.0,0.0,0.0,0.0,0.0,0.0,0.0,0.0,0.0,0.0,0.0,0.0,0.0,540,,0,,,,,,,,
355,71,RB depth,,11573,Frank Gore,RB,BUF,24,68,201,Southern Miss,20,2002-03-13,2,False,Active,,,3,RB3,999,0.0,0.0,0.0,0.0,0.0,0.0,0.0,0.0,0.0,0.0,0.0,0.0,0.0,0.0,0.0,0.0,0.0,0.0,0.0,0.0,0.0,0.0,0.0,0.0,0.0,0.0,589,169.9,1,0,342,,,169.9,,,-547
835,167,TE depth,,13408,Tanner Koziol,TE,JAX,22,79,250,Houston,89,2004-01-28,0,True,Active,,,4,TE4,999,0.0,0.0,0.0,0.0,0.0,0.0,0.0,0.0,0.0,0.0,0.0,0.0,0.0,0.0,0.0,0.0,0.0,0.0,0.0,0.0,0.0,0.0,0.0,0.0,0.0,0.0,541,170.0,1,0,537,,,170.0,,,-353
2663,542,TE bench,,12817,Jake Briningstool,TE,KC,23,78,240,Clemson,88,2002-12-09,1,False,Active,,,5,TE5,999,0.0,0.0,0.0,0.0,0.0,0.0,0.0,0.0,0.0,0.0,0.0,0.0,0.0,0.0,0.0,0.0,0.0,0.0,0.0,0.0,0.0,0.0,0.0,0.0,0.0,0.0,542,,0,,,,,,,,
2664,590,RB bench,,5700,Robert Martin,RB,FA,26,71,212,Rutgers,49,1995-09-04,4,False,Active,,,,,9999999,0.0,0.0,0.0,0.0,0.0,0.0,0.0,0.0,0.0,0.0,0.0,0.0,0.0,0.0,0.0,0.0,0.0,0.0,0.0,0.0,0.0,0.0,0.0,0.0,0.0,0.0,590,,0,,,,,,,,
2665,543,TE bench,,7288,Ben Ellefson,TE,FA,26,75,250,North Dakota State,82,1996-09-01,3,False,Active,,,,,9999999,0.0,0.0,0.0,0.0,0.0,0.0,0.0,0.0,0.0,0.0,0.0,0.0,0.0,0.0,0.0,0.0,0.0,0.0,0.0,0.0,0.0,0.0,0.0,0.0,0.0,0.0,543,,0,,,,,,,,
836,168,TE depth,,12725,Luke Lachey,TE,GB,25,78,250,Iowa,86,2001-06-29,1,False,Inactive,IR,,,,999,0.0,0.0,0.0,0.0,0.0,0.0,0.0,0.0,0.0,0.0,0.0,0.0,0.0,0.0,0.0,0.0,0.0,0.0,0.0,0.0,0.0,0.0,0.0,0.0,0.0,0.0,544,170.0,1,0,647,,,170.0,,,-244
2667,294,QB bench,,6730,Jordan Ta'amu,QB,FA,25,75,221,Ole Miss,4,1997-12-10,4,False,Active,,,,,336,0.0,0.0,0.0,0.0,0.0,0.0,0.0,0.0,0.0,0.0,0.0,0.0,0.0,0.0,0.0,0.0,0.0,0.0,0.0,0.0,0.0,0.0,0.0,0.0,0.0,0.0,294,,0,,,,,,,,
2668,1078,WR bench,,7395,Rashad Medaris,WR,FA,25,71,178,Cincinnati,0,1996-10-09,2,False,Active,,,,,9999999,0.0,0.0,0.0,0.0,0.0,0.0,0.0,0.0,0.0,0.0,0.0,0.0,0.0,0.0,0.0,0.0,0.0,0.0,0.0,0.0,0.0,0.0,0.0,0.0,0.0,0.0,1078,,0,,,,,,,,
2669,295,QB bench,,8103,Ryan Willis,QB,FA,25,76,211,Virginia Tech,14,1996-09-28,1,False,Active,,,,,9999999,0.0,0.0,0.0,0.0,0.0,0.0,0.0,0.0,0.0,0.0,0.0,0.0,0.0,0.0,0.0,0.0,0.0,0.0,0.0,0.0,0.0,0.0,0.0,0.0,0.0,0.0,295,,0,,,,,,,,
2670,296,QB bench,,13065,Ben Wooldridge,QB,FA,26,74,214,Louisiana,,1999-09-27,1,False,Active,,,,,420,0.0,0.0,0.0,0.0,0.0,0.0,0.0,0.0,0.0,0.0,0.0,0.0,0.0,0.0,0.0,0.0,0.0,0.0,0.0,0.0,0.0,0.0,0.0,0.0,0.0,0.0,296,,0,,,,,,,,
2671,1079,WR bench,,491,Danny Amendola,WR,FA,36,71,185,Texas Tech,89,1985-11-02,14,False,Active,,,,,9999999,0.0,0.0,0.0,0.0,0.0,0.0,0.0,0.0,0.0,0.0,0.0,0.0,0.0,0.0,0.0,0.0,0.0,0.0,0.0,0.0,0.0,0.0,0.0,0.0,0.0,0.0,1079,,0,,,,,,,,
2672,297,QB bench,,3347,Jake Rudock,QB,FA,28,75,212,Michigan,0,1993-01-21,6,False,Injured Reserve,,,,,1029,0.0,0.0,0.0,0.0,0.0,0.0,0.0,0.0,0.0,0.0,0.0,0.0,0.0,0.0,0.0,0.0,0.0,0.0,0.0,0.0,0.0,0.0,0.0,0.0,0.0,0.0,297,,0,,,,,,,,
1290,290,RB depth,,5352,Ryan Green,RB,FA,24,"5'10""",204,None,7,1994-04-19,0,True,Inactive,,,,,9999999,0.0,0.0,0.0,0.0,0.0,0.0,0.0,0.0,0.0,0.0,0.0,0.0,0.0,0.0,0.0,0.0,0.0,0.0,0.0,0.0,0.0,0.0,0.0,0.0,0.0,0.0,591,,0,,,,,,,,
1291,493,WR depth,,13889,Levi Wentz,WR,PIT,,74,199,Kansas,28,,0,True,Active,,,,,9999999,0.0,0.0,0.0,0.0,0.0,0.0,0.0,0.0,0.0,0.0,0.0,0.0,0.0,0.0,0.0,0.0,0.0,0.0,0.0,0.0,0.0,0.0,0.0,0.0,0.0,0.0,1080,,0,,,,,,,,
1292,494,WR depth,,13624,Shaleak Knotts,WR,FA,,75,194,,30,,0,True,Active,,,,,9999999,0.0,0.0,0.0,0.0,0.0,0.0,0.0,0.0,0.0,0.0,0.0,0.0,0.0,0.0,0.0,0.0,0.0,0.0,0.0,0.0,0.0,0.0,0.0,0.0,0.0,0.0,1081,,0,,,,,,,,
2676,1082,WR bench,,11073,Thayer Thomas,WR,FA,27,72,195,North Carolina State,89,1998-05-20,2,False,Active,,,,,557,0.0,0.0,0.0,0.0,0.0,0.0,0.0,0.0,0.0,0.0,0.0,0.0,0.0,0.0,0.0,0.0,0.0,0.0,0.0,0.0,0.0,0.0,0.0,0.0,0.0,0.0,1082,,0,,,,,,,,
356,124,WR depth,,13477,Colbie Young,WR,CIN,24,76,218,Georgia,86,2002-07-24,0,True,Active,,,5,WR5,9999999,0.0,0.0,0.0,0.0,0.0,0.0,0.0,0.0,0.0,0.0,0.0,0.0,0.0,0.0,0.0,0.0,0.0,0.0,0.0,0.0,0.0,0.0,0.0,0.0,0.0,0.0,1083,169.9,1,0,293,,,169.9,,,-599
2678,1084,WR bench,,6357,Shawn Bane,WR,FA,26,71,170,Northwest Missouri State,16,1995-06-09,3,False,Active,,,,,9999999,0.0,0.0,0.0,0.0,0.0,0.0,0.0,0.0,0.0,0.0,0.0,0.0,0.0,0.0,0.0,0.0,0.0,0.0,0.0,0.0,0.0,0.0,0.0,0.0,0.0,0.0,1084,,0,,,,,,,,
2679,545,TE bench,,5094,Ryan Izzo,TE,FA,26,77,255,Florida State,47,1995-12-21,4,False,Active,,,,,9999999,0.0,0.0,0.0,0.0,0.0,0.0,0.0,0.0,0.0,0.0,0.0,0.0,0.0,0.0,0.0,0.0,0.0,0.0,0.0,0.0,0.0,0.0,0.0,0.0,0.0,0.0,545,,0,,,,,,,,
2680,592,RB bench,,4914,Glen Coffee,RB,SF,30,"6'0""",209,Alabama,29,1987-05-01,1,False,Active,,,,,9999999,0.0,0.0,0.0,0.0,0.0,0.0,0.0,0.0,0.0,0.0,0.0,0.0,0.0,0.0,0.0,0.0,0.0,0.0,0.0,0.0,0.0,0.0,0.0,0.0,0.0,0.0,592,,0,,,,,,,,
2681,593,RB bench,,12479,Ja'Quinden Jackson,RB,FA,24,74,233,Arkansas,38,2001-09-12,1,False,Active,,,,,999,0.0,0.0,0.0,0.0,0.0,0.0,0.0,0.0,0.0,0.0,0.0,0.0,0.0,0.0,0.0,0.0,0.0,0.0,0.0,0.0,0.0,0.0,0.0,0.0,0.0,0.0,593,,0,,,,,,,,
2682,298,QB bench,,5265,Nic Shimonek,QB,FA,27,75,225,Texas Tech,0,1994-08-22,4,False,Active,,,,,9999999,0.0,0.0,0.0,0.0,0.0,0.0,0.0,0.0,0.0,0.0,0.0,0.0,0.0,0.0,0.0,0.0,0.0,0.0,0.0,0.0,0.0,0.0,0.0,0.0,0.0,0.0,298,,0,,,,,,,,
2683,594,RB bench,,8027,Tre Harbison,RB,FA,23,71,218,Charlotte,37,1998-07-01,1,False,Active,,,,,9999999,0.0,0.0,0.0,0.0,0.0,0.0,0.0,0.0,0.0,0.0,0.0,0.0,0.0,0.0,0.0,0.0,0.0,0.0,0.0,0.0,0.0,0.0,0.0,0.0,0.0,0.0,594,,0,,,,,,,,
2684,1085,WR bench,,8234,Jaivon Heiligh,WR,FA,23,74,202,Coastal Carolina,0,1999-09-02,1,False,Active,,,,,9999999,0.0,0.0,0.0,0.0,0.0,0.0,0.0,0.0,0.0,0.0,0.0,0.0,0.0,0.0,0.0,0.0,0.0,0.0,0.0,0.0,0.0,0.0,0.0,0.0,0.0,0.0,1085,,0,,,,,,,,
1293,495,WR depth,,13645,Michael Wortham,WR,JAX,,69,190,Montana,0,,0,True,Active,,,,,9999999,0.0,0.0,0.0,0.0,0.0,0.0,0.0,0.0,0.0,0.0,0.0,0.0,0.0,0.0,0.0,0.0,0.0,0.0,0.0,0.0,0.0,0.0,0.0,0.0,0.0,0.0,1086,,0,,,,,,,,
837,169,TE depth,,6074,Donald Parham,TE,FA,28,80,237,Stetson,89,1997-08-16,7,False,Active,,,,,999,0.0,0.0,0.0,0.0,0.0,0.0,0.0,0.0,0.0,0.0,0.0,0.0,0.0,0.0,0.0,0.0,0.0,0.0,0.0,0.0,0.0,0.0,0.0,0.0,0.0,0.0,546,170.0,1,0,824,,,170.0,,,-69
838,112,QB depth,,13404,Garrett Nussmeier,QB,KC,24,73,205,LSU,14,2002-02-07,0,True,Active,,,4,QB4,329,0.0,0.0,0.0,0.0,0.0,0.0,0.0,0.0,0.0,0.0,0.0,0.0,0.0,0.0,0.0,0.0,0.0,0.0,0.0,0.0,0.0,0.0,0.0,0.0,0.0,0.0,299,170.0,1,0,496,,,170.0,,,-398
2688,1087,WR bench,,2593,Antwan Goodley,WR,FA,30,71,220,Baylor,14,1991-09-06,7,False,Inactive,,,,,9999999,0.0,0.0,0.0,0.0,0.0,0.0,0.0,0.0,0.0,0.0,0.0,0.0,0.0,0.0,0.0,0.0,0.0,0.0,0.0,0.0,0.0,0.0,0.0,0.0,0.0,0.0,1087,,0,,,,,,,,
2689,547,TE bench,,6308,Ian Bunting,TE,FA,27,79,255,California,89,1996-02-10,4,False,Active,,,,,9999999,0.0,0.0,0.0,0.0,0.0,0.0,0.0,0.0,0.0,0.0,0.0,0.0,0.0,0.0,0.0,0.0,0.0,0.0,0.0,0.0,0.0,0.0,0.0,0.0,0.0,0.0,547,,0,,,,,,,,
839,296,WR depth,,11815,Cornelius Johnson,WR,BAL,25,75,212,Michigan,86,2000-11-29,2,False,Active,,,5,WR5,999,0.0,0.0,0.0,0.0,0.0,0.0,0.0,0.0,0.0,0.0,0.0,0.0,0.0,0.0,0.0,0.0,0.0,0.0,0.0,0.0,0.0,0.0,0.0,0.0,0.0,0.0,1088,170.0,1,0,625,,,170.0,,,-270
2691,1089,WR bench,,4934,Jalen Williams,WR,FA,27,75,205,Massachusetts,0,1994-06-21,5,False,Inactive,,,,,9999999,0.0,0.0,0.0,0.0,0.0,0.0,0.0,0.0,0.0,0.0,0.0,0.0,0.0,0.0,0.0,0.0,0.0,0.0,0.0,0.0,0.0,0.0,0.0,0.0,0.0,0.0,1089,,0,,,,,,,,
2692,1090,WR bench,,12077,Lincoln Victor,WR,FA,,69,177,Washington State,30,,1,False,Active,,,,,9999999,0.0,0.0,0.0,0.0,0.0,0.0,0.0,0.0,0.0,0.0,0.0,0.0,0.0,0.0,0.0,0.0,0.0,0.0,0.0,0.0,0.0,0.0,0.0,0.0,0.0,0.0,1090,,0,,,,,,,,
2693,1091,WR bench,,2093,Ryan Grant,WR,FA,31,72,195,Tulane,11,1990-12-19,8,False,Active,,,,,819,0.0,0.0,0.0,0.0,0.0,0.0,0.0,0.0,0.0,0.0,0.0,0.0,0.0,0.0,0.0,0.0,0.0,0.0,0.0,0.0,0.0,0.0,0.0,0.0,0.0,0.0,1091,,0,,,,,,,,
1294,496,WR depth,,5282,Duplicate Player,WR,CHI,,"6'1""",186,None,37,,0,True,Inactive,,,,,9999999,0.0,0.0,0.0,0.0,0.0,0.0,0.0,0.0,0.0,0.0,0.0,0.0,0.0,0.0,0.0,0.0,0.0,0.0,0.0,0.0,0.0,0.0,0.0,0.0,0.0,0.0,1092,,0,,,,,,,,
2695,131,K bench,,7518,Taylor Russolino,K,FA,32,71,160,Millsaps,0,1989-05-23,2,False,Active,,,,K1,,0.0,0.0,0.0,0.0,0.0,0.0,0.0,0.0,0.0,0.0,0.0,0.0,0.0,0.0,0.0,0.0,0.0,0.0,0.0,0.0,0.0,0.0,0.0,0.0,0.0,0.0,131,,0,,,,,,,,
1295,291,RB depth,,13436,Kentrel Bullock,RB,CIN,24,70,204,South Alabama,31,2002-03-31,0,True,Active,,,,,9999999,0.0,0.0,0.0,0.0,0.0,0.0,0.0,0.0,0.0,0.0,0.0,0.0,0.0,0.0,0.0,0.0,0.0,0.0,0.0,0.0,0.0,0.0,0.0,0.0,0.0,0.0,595,,0,,,,,,,,
2697,548,TE bench,,3336,Moritz Bohringer,TE,FA,28,77,250,No College,49,1993-10-16,6,False,Active,,,,,9999999,0.0,0.0,0.0,0.0,0.0,0.0,0.0,0.0,0.0,0.0,0.0,0.0,0.0,0.0,0.0,0.0,0.0,0.0,0.0,0.0,0.0,0.0,0.0,0.0,0.0,0.0,548,,0,,,,,,,,
2698,132,K bench,,391,Ryan Succop,K,FA,36,74,218,South Carolina,3,1986-09-19,14,False,Active,,,,K1,275,0.0,0.0,0.0,0.0,0.0,0.0,0.0,0.0,0.0,0.0,0.0,0.0,0.0,0.0,0.0,0.0,0.0,0.0,0.0,0.0,0.0,0.0,0.0,0.0,0.0,0.0,132,,0,,,,,,,,
1296,497,WR depth,,7517,Duplicate Player,WR,FA,22,"5'9""",175,Southern Mississippi,12,1998-07-12,0,True,Inactive,,,,,,0.0,0.0,0.0,0.0,0.0,0.0,0.0,0.0,0.0,0.0,0.0,0.0,0.0,0.0,0.0,0.0,0.0,0.0,0.0,0.0,0.0,0.0,0.0,0.0,0.0,0.0,1093,,0,,,,,,,,
2700,133,K bench,,12750,Jonathan Kim,K,FA,21,72,232,Michigan State,,2004-03-25,1,False,Active,,,,K1,695,0.0,0.0,0.0,0.0,0.0,0.0,0.0,0.0,0.0,0.0,0.0,0.0,0.0,0.0,0.0,0.0,0.0,0.0,0.0,0.0,0.0,0.0,0.0,0.0,0.0,0.0,133,,0,,,,,,,,
840,297,WR depth,,11347,Chase Cota,WR,FA,25,76,205,Oregon,38,1999-11-09,2,False,Active,,,,,403,0.0,0.0,0.0,0.0,0.0,0.0,0.0,0.0,0.0,0.0,0.0,0.0,0.0,0.0,0.0,0.0,0.0,0.0,0.0,0.0,0.0,0.0,0.0,0.0,0.0,0.0,1094,170.0,1,0,708,,,170.0,,,-188
2702,1095,WR bench,,11089,Jordan Byrd,WR,FA,23,69,170,San Diego State,16,2000-04-07,1,False,Active,,,,,9999999,0.0,0.0,0.0,0.0,0.0,0.0,0.0,0.0,0.0,0.0,0.0,0.0,0.0,0.0,0.0,0.0,0.0,0.0,0.0,0.0,0.0,0.0,0.0,0.0,0.0,0.0,1095,,0,,,,,,,,
2703,1096,WR bench,,11184,Daniel Arias,WR,FA,25,75,216,Colorado,38,1998-09-02,1,False,Active,,,,,465,0.0,0.0,0.0,0.0,0.0,0.0,0.0,0.0,0.0,0.0,0.0,0.0,0.0,0.0,0.0,0.0,0.0,0.0,0.0,0.0,0.0,0.0,0.0,0.0,0.0,0.0,1096,,0,,,,,,,,
2704,1097,WR bench,,7400,Manasseh Bailey,WR,FA,24,73,195,Morgan State,3,1997-06-27,2,False,Active,,,,,9999999,0.0,0.0,0.0,0.0,0.0,0.0,0.0,0.0,0.0,0.0,0.0,0.0,0.0,0.0,0.0,0.0,0.0,0.0,0.0,0.0,0.0,0.0,0.0,0.0,0.0,0.0,1097,,0,,,,,,,,
2705,1098,WR bench,,7988,Riley Lees,WR,FA,,72,200,Northwestern,12,,1,False,Active,,,,,,0.0,0.0,0.0,0.0,0.0,0.0,0.0,0.0,0.0,0.0,0.0,0.0,0.0,0.0,0.0,0.0,0.0,0.0,0.0,0.0,0.0,0.0,0.0,0.0,0.0,0.0,1098,,0,,,,,,,,
2706,1099,WR bench,,6322,Xavier Ubosi,WR,FA,27,75,215,Alabama-Birmingham,0,1994-02-02,3,False,Inactive,,,,,9999999,0.0,0.0,0.0,0.0,0.0,0.0,0.0,0.0,0.0,0.0,0.0,0.0,0.0,0.0,0.0,0.0,0.0,0.0,0.0,0.0,0.0,0.0,0.0,0.0,0.0,0.0,1099,,0,,,,,,,,
2707,1100,WR bench,,8411,Devon Allen,WR,FA,29,73,190,Oregon,82,1994-12-12,2,False,Active,,,,,490,0.0,0.0,0.0,0.0,0.0,0.0,0.0,0.0,0.0,0.0,0.0,0.0,0.0,0.0,0.0,0.0,0.0,0.0,0.0,0.0,0.0,0.0,0.0,0.0,0.0,0.0,1100,,0,,,,,,,,
1297,498,WR depth,,3019,James Butler,WR,FA,,"6'2""",215,Louisiana-Lafayette,13,,0,True,Inactive,,,,,9999999,0.0,0.0,0.0,0.0,0.0,0.0,0.0,0.0,0.0,0.0,0.0,0.0,0.0,0.0,0.0,0.0,0.0,0.0,0.0,0.0,0.0,0.0,0.0,0.0,0.0,0.0,1101,,0,,,,,,,,
2709,596,RB bench,,2943,Mark Weisman,RB,FA,33,71,242,Iowa,35,1991-10-28,10,False,Active,,,,,9999999,0.0,0.0,0.0,0.0,0.0,0.0,0.0,0.0,0.0,0.0,0.0,0.0,0.0,0.0,0.0,0.0,0.0,0.0,0.0,0.0,0.0,0.0,0.0,0.0,0.0,0.0,596,,0,,,,,,,,
2710,549,TE bench,,7992,Matt Bushman,TE,FA,28,77,245,BYU,49,1995-11-03,3,False,Active,,,,,589,0.0,0.0,0.0,0.0,0.0,0.0,0.0,0.0,0.0,0.0,0.0,0.0,0.0,0.0,0.0,0.0,0.0,0.0,0.0,0.0,0.0,0.0,0.0,0.0,0.0,0.0,549,,0,,,,,,,,
841,298,WR depth,,8202,Michael Woods,WR,DEN,26,73,204,Oklahoma,30,2000-03-19,4,False,Inactive,Questionable,,,,999,0.0,0.0,0.0,0.0,0.0,0.0,0.0,0.0,0.0,0.0,0.0,0.0,0.0,5.0,13.5,2.7,0.0,0.0,0.0,0.0,0.0,0.0,7.0,17.0,65.0,0.0,1102,170.0,1,0,847,,,170.0,,,-50
2712,1103,WR bench,,1067,Marvin Jones,WR,FA,33,74,199,California,0,1990-03-12,11,False,Active,,,,,505,0.0,0.0,0.0,0.0,0.0,0.0,0.0,0.0,0.0,0.0,0.0,0.0,0.0,0.0,0.0,0.0,0.0,0.0,0.0,0.0,0.0,0.0,0.0,0.0,0.0,0.0,1103,,0,,,,,,,,
842,299,WR depth,,2381,Chris Conley,WR,FA,32,75,205,Georgia,18,1992-10-25,10,False,Active,,,,,9999999,0.0,0.0,0.0,0.0,0.0,0.0,0.0,0.0,0.0,0.0,0.0,0.0,0.0,15.0,13.6,0.91,0.0,0.0,0.0,0.0,0.0,0.0,6.0,12.0,76.0,0.0,1104,170.0,1,0,961,,,170.0,,,63
2714,597,RB bench,,4557,Freddie Stevenson,RB,FA,26,73,241,Florida State,43,1995-04-12,5,False,Active,,,,,9999999,0.0,0.0,0.0,0.0,0.0,0.0,0.0,0.0,0.0,0.0,0.0,0.0,0.0,0.0,0.0,0.0,0.0,0.0,0.0,0.0,0.0,0.0,0.0,0.0,0.0,0.0,597,,0,,,,,,,,
2715,300,QB bench,,4475,Sefo Liufau,QB,FA,27,76,230,Colorado,8,1994-10-29,5,False,Inactive,,,,,9999999,0.0,0.0,0.0,0.0,0.0,0.0,0.0,0.0,0.0,0.0,0.0,0.0,0.0,0.0,0.0,0.0,0.0,0.0,0.0,0.0,0.0,0.0,0.0,0.0,0.0,0.0,300,,0,,,,,,,,
2716,550,TE bench,,2917,Brian Vogler,TE,FA,29,79,263,Alabama,0,1992-03-07,7,False,Active,,,,,9999999,0.0,0.0,0.0,0.0,0.0,0.0,0.0,0.0,0.0,0.0,0.0,0.0,0.0,0.0,0.0,0.0,0.0,0.0,0.0,0.0,0.0,0.0,0.0,0.0,0.0,0.0,550,,0,,,,,,,,
2717,598,RB bench,,676,LeSean McCoy,RB,FA,33,71,210,Pittsburgh,0,1988-07-12,13,False,Injured Reserve,,,,,219,0.0,0.0,0.0,0.0,0.0,0.0,0.0,0.0,0.0,0.0,0.0,0.0,0.0,0.0,0.0,0.0,0.0,0.0,0.0,0.0,0.0,0.0,0.0,0.0,0.0,0.0,598,,0,,,,,,,,
2718,551,TE bench,,12126,Isaac Rex,TE,FA,26,78,246,BYU,,1998-08-04,1,False,Active,,,,,311,0.0,0.0,0.0,0.0,0.0,0.0,0.0,0.0,0.0,0.0,0.0,0.0,0.0,0.0,0.0,0.0,0.0,0.0,0.0,0.0,0.0,0.0,0.0,0.0,0.0,0.0,551,,0,,,,,,,,
2719,599,RB bench,,6553,Austin Walter,RB,FA,27,68,202,Rice,32,1996-08-17,5,False,Active,,,,,9999999,0.0,0.0,0.0,0.0,0.0,0.0,0.0,0.0,0.0,0.0,0.0,0.0,0.0,0.0,0.0,0.0,0.0,0.0,0.0,0.0,0.0,0.0,0.0,0.0,0.0,0.0,599,,0,,,,,,,,
2720,1105,WR bench,,1903,Taylor Gabriel,WR,FA,30,67,167,Abilene Christian,0,1991-02-17,8,False,Injured Reserve,,,,,9999999,0.0,0.0,0.0,0.0,0.0,0.0,0.0,0.0,0.0,0.0,0.0,0.0,0.0,0.0,0.0,0.0,0.0,0.0,0.0,0.0,0.0,0.0,0.0,0.0,0.0,0.0,1105,,0,,,,,,,,
2721,600,RB bench,,5785,James Butler,RB,FA,26,69,210,Iowa,36,1995-02-19,4,False,Active,,,,,9999999,0.0,0.0,0.0,0.0,0.0,0.0,0.0,0.0,0.0,0.0,0.0,0.0,0.0,0.0,0.0,0.0,0.0,0.0,0.0,0.0,0.0,0.0,0.0,0.0,0.0,0.0,600,,0,,,,,,,,
2722,1106,WR bench,,6628,Ventell Bryant,WR,FA,25,75,205,Temple,0,1996-08-24,3,False,Active,,,,,304,0.0,0.0,0.0,0.0,0.0,0.0,0.0,0.0,0.0,0.0,0.0,0.0,0.0,0.0,0.0,0.0,0.0,0.0,0.0,0.0,0.0,0.0,0.0,0.0,0.0,0.0,1106,,0,,,,,,,,
2723,552,TE bench,,8665,Armani Rogers,TE,FA,27,77,225,Ohio,88,1997-12-04,3,False,Active,,,,,772,0.0,0.0,0.0,0.0,0.0,0.0,0.0,0.0,0.0,0.0,0.0,0.0,0.0,0.0,0.0,0.0,0.0,0.0,0.0,0.0,0.0,0.0,0.0,0.0,0.0,0.0,552,,0,,,,,,,,
843,182,RB depth,,10651,Mohamed Ibrahim,RB,FA,25,68,203,Minnesota,36,1998-09-08,1,False,Active,,,,,527,0.0,0.0,0.0,0.0,0.0,0.0,0.0,0.0,0.0,0.0,0.0,0.0,0.0,0.0,0.0,0.0,0.0,0.0,0.0,0.0,0.0,0.0,0.0,0.0,0.0,0.0,601,170.0,1,0,707,,,170.0,,,-192
2725,1107,WR bench,,4160,Josh Malone,WR,FA,26,74,208,Tennessee,80,1996-03-21,5,False,Active,,,,,524,0.0,0.0,0.0,0.0,0.0,0.0,0.0,0.0,0.0,0.0,0.0,0.0,0.0,0.0,0.0,0.0,0.0,0.0,0.0,0.0,0.0,0.0,0.0,0.0,0.0,0.0,1107,,0,,,,,,,,
2726,301,QB bench,,6269,Kyle Shurmur,QB,FA,25,76,225,Vanderbilt,0,1996-11-06,3,False,Active,,,,,457,0.0,0.0,0.0,0.0,0.0,0.0,0.0,0.0,0.0,0.0,0.0,0.0,0.0,0.0,0.0,0.0,0.0,0.0,0.0,0.0,0.0,0.0,0.0,0.0,0.0,0.0,301,,0,,,,,,,,
2727,1108,WR bench,,2939,Javess Blue,WR,FA,32,72,191,Kentucky,10,1992-12-30,10,False,Active,,,,,9999999,0.0,0.0,0.0,0.0,0.0,0.0,0.0,0.0,0.0,0.0,0.0,0.0,0.0,0.0,0.0,0.0,0.0,0.0,0.0,0.0,0.0,0.0,0.0,0.0,0.0,0.0,1108,,0,,,,,,,,
1298,251,TE depth,,12454,Player Invalid,TE,FA,,,,,,,0,True,Inactive,,,,,,0.0,0.0,0.0,0.0,0.0,0.0,0.0,0.0,0.0,0.0,0.0,0.0,0.0,0.0,0.0,0.0,0.0,0.0,0.0,0.0,0.0,0.0,0.0,0.0,0.0,0.0,553,,0,,,,,,,,
2729,134,K bench,,7314,Dominik Eberle,K,FA,26,74,190,Utah State,17,1996-07-04,2,False,Active,,,,K1,494,0.0,0.0,0.0,0.0,0.0,0.0,0.0,0.0,0.0,0.0,0.0,0.0,0.0,0.0,0.0,0.0,0.0,0.0,0.0,0.0,0.0,0.0,0.0,0.0,0.0,0.0,134,,0,,,,,,,,
2730,1109,WR bench,,5760,Josh Crockett,WR,FA,26,76,195,Central Oklahoma,0,1995-03-13,4,False,Active,,,,,9999999,0.0,0.0,0.0,0.0,0.0,0.0,0.0,0.0,0.0,0.0,0.0,0.0,0.0,0.0,0.0,0.0,0.0,0.0,0.0,0.0,0.0,0.0,0.0,0.0,0.0,0.0,1109,,0,,,,,,,,
1299,292,RB depth,,14018,Jordan Nubin,RB,FA,,71,215,Kent State,,,0,True,Active,,,,,9999999,0.0,0.0,0.0,0.0,0.0,0.0,0.0,0.0,0.0,0.0,0.0,0.0,0.0,0.0,0.0,0.0,0.0,0.0,0.0,0.0,0.0,0.0,0.0,0.0,0.0,0.0,602,,0,,,,,,,,
2732,603,RB bench,,5112,Bo Scarbrough,RB,FA,25,73,235,Alabama,40,1996-09-29,4,False,Active,,,,,9999999,0.0,0.0,0.0,0.0,0.0,0.0,0.0,0.0,0.0,0.0,0.0,0.0,0.0,0.0,0.0,0.0,0.0,0.0,0.0,0.0,0.0,0.0,0.0,0.0,0.0,0.0,603,,0,,,,,,,,
2733,604,RB bench,,2431,Mike Davis,RB,FA,29,69,223,South Carolina,0,1993-02-19,7,False,Active,,,,,201,0.0,0.0,0.0,0.0,0.0,0.0,0.0,0.0,0.0,0.0,0.0,0.0,0.0,0.0,0.0,0.0,0.0,0.0,0.0,0.0,0.0,0.0,0.0,0.0,0.0,0.0,604,,0,,,,,,,,
969,221,RB depth,,13288,Nicholas Singleton,RB,TEN,22,72,219,Penn State,32,2004-01-06,0,True,Active,,,3,RB3,167,0.0,0.0,0.0,0.0,0.0,0.0,0.0,0.0,0.0,0.0,0.0,0.0,0.0,0.0,0.0,0.0,0.0,0.0,0.0,0.0,0.0,0.0,0.0,0.0,0.0,0.0,605,170.2,1,0,998,,,170.2,,,98
2735,1110,WR bench,,2752,Trent Steelman,WR,FA,35,72,207,Army,6,1989-11-14,12,False,Active,,,,,9999999,0.0,0.0,0.0,0.0,0.0,0.0,0.0,0.0,0.0,0.0,0.0,0.0,0.0,0.0,0.0,0.0,0.0,0.0,0.0,0.0,0.0,0.0,0.0,0.0,0.0,0.0,1110,,0,,,,,,,,
2736,606,RB bench,,5800,Justin Stockton,RB,FA,26,70,192,Texas Tech,25,1995-07-06,4,False,Active,,,,,9999999,0.0,0.0,0.0,0.0,0.0,0.0,0.0,0.0,0.0,0.0,0.0,0.0,0.0,0.0,0.0,0.0,0.0,0.0,0.0,0.0,0.0,0.0,0.0,0.0,0.0,0.0,606,,0,,,,,,,,
2737,302,QB bench,,4607,Zach Conque,QB,FA,27,78,237,Stephen F. Austin,48,1994-04-22,5,False,Active,,,,,9999999,0.0,0.0,0.0,0.0,0.0,0.0,0.0,0.0,0.0,0.0,0.0,0.0,0.0,0.0,0.0,0.0,0.0,0.0,0.0,0.0,0.0,0.0,0.0,0.0,0.0,0.0,302,,0,,,,,,,,
2738,1111,WR bench,,12363,Xavier Wade,WR,FA,,73,192,Ferris State,,,1,False,Active,,,,,445,0.0,0.0,0.0,0.0,0.0,0.0,0.0,0.0,0.0,0.0,0.0,0.0,0.0,0.0,0.0,0.0,0.0,0.0,0.0,0.0,0.0,0.0,0.0,0.0,0.0,0.0,1111,,0,,,,,,,,
1300,499,WR depth,,13867,Sean Brown,WR,FA,,76,200,Charlotte,,,0,True,Active,,,,,9999999,0.0,0.0,0.0,0.0,0.0,0.0,0.0,0.0,0.0,0.0,0.0,0.0,0.0,0.0,0.0,0.0,0.0,0.0,0.0,0.0,0.0,0.0,0.0,0.0,0.0,0.0,1112,,0,,,,,,,,
2740,554,TE bench,,11126,Michael Ezeike,TE,FA,23,77,245,UCLA,47,2000-09-17,1,False,Active,,,,,597,0.0,0.0,0.0,0.0,0.0,0.0,0.0,0.0,0.0,0.0,0.0,0.0,0.0,0.0,0.0,0.0,0.0,0.0,0.0,0.0,0.0,0.0,0.0,0.0,0.0,0.0,554,,0,,,,,,,,
844,300,WR depth,,6453,D.J. Montgomery,WR,FA,29,73,201,Austin Peay,2,1996-11-17,7,False,Active,,,,,330,0.0,0.0,0.0,0.0,0.0,0.0,0.0,0.0,0.0,0.0,0.0,0.0,0.0,0.0,0.0,0.0,0.0,0.0,0.0,0.0,0.0,0.0,0.0,0.0,0.0,0.0,1113,170.0,1,0,504,,,170.0,,,-397
2742,607,RB bench,,5587,Chris Warren,RB,FA,25,76,250,Texas,34,1996-06-06,4,False,Active,,,,,9999999,0.0,0.0,0.0,0.0,0.0,0.0,0.0,0.0,0.0,0.0,0.0,0.0,0.0,0.0,0.0,0.0,0.0,0.0,0.0,0.0,0.0,0.0,0.0,0.0,0.0,0.0,607,,0,,,,,,,,
2743,555,TE bench,,5235,David Wells,TE,FA,29,78,260,San Diego State,89,1995-05-02,6,False,Active,,,,,700,0.0,0.0,0.0,0.0,0.0,0.0,0.0,0.0,0.0,0.0,0.0,0.0,0.0,0.0,0.0,0.0,0.0,0.0,0.0,0.0,0.0,0.0,0.0,0.0,0.0,0.0,555,,0,,,,,,,,
2744,1114,WR bench,,5705,John Franklin,WR,FA,27,72,186,Florida Atlantic,0,1994-09-21,4,False,Inactive,,,,,9999999,0.0,0.0,0.0,0.0,0.0,0.0,0.0,0.0,0.0,0.0,0.0,0.0,0.0,0.0,0.0,0.0,0.0,0.0,0.0,0.0,0.0,0.0,0.0,0.0,0.0,0.0,1114,,0,,,,,,,,
2745,1115,WR bench,,11607,Hayden Hatten,WR,FA,24,73,207,Idaho,,2000-06-06,1,False,Active,,,,,608,0.0,0.0,0.0,0.0,0.0,0.0,0.0,0.0,0.0,0.0,0.0,0.0,0.0,0.0,0.0,0.0,0.0,0.0,0.0,0.0,0.0,0.0,0.0,0.0,0.0,0.0,1115,,0,,,,,,,,
2746,608,RB bench,,11580,Dillon Johnson,RB,FA,23,72,218,Washington,,2001-06-15,1,False,Active,,,,,600,0.0,0.0,0.0,0.0,0.0,0.0,0.0,0.0,0.0,0.0,0.0,0.0,0.0,0.0,0.0,0.0,0.0,0.0,0.0,0.0,0.0,0.0,0.0,0.0,0.0,0.0,608,,0,,,,,,,,
2747,1116,WR bench,,3177,Corey Coleman,WR,FA,28,71,193,Baylor,89,1994-07-06,6,False,Active,,,,,553,0.0,0.0,0.0,0.0,0.0,0.0,0.0,0.0,0.0,0.0,0.0,0.0,0.0,0.0,0.0,0.0,0.0,0.0,0.0,0.0,0.0,0.0,0.0,0.0,0.0,0.0,1116,,0,,,,,,,,
2748,609,RB bench,,4537,Jordan Johnson,RB,FA,27,73,220,Buffalo,0,1994-05-21,5,False,Active,,,,,9999999,0.0,0.0,0.0,0.0,0.0,0.0,0.0,0.0,0.0,0.0,0.0,0.0,0.0,0.0,0.0,0.0,0.0,0.0,0.0,0.0,0.0,0.0,0.0,0.0,0.0,0.0,609,,0,,,,,,,,
2749,1117,WR bench,,5570,Chad Beebe,WR,FA,28,70,187,Northern Illinois,86,1994-06-01,4,False,Active,,,,,483,0.0,0.0,0.0,0.0,0.0,0.0,0.0,0.0,0.0,0.0,0.0,0.0,0.0,0.0,0.0,0.0,0.0,0.0,0.0,0.0,0.0,0.0,0.0,0.0,0.0,0.0,1117,,0,,,,,,,,
2750,1118,WR bench,,13238,Winston Wright,WR,FA,,70,192,East Carolina,,,2,False,Active,,,,,9999999,0.0,0.0,0.0,0.0,0.0,0.0,0.0,0.0,0.0,0.0,0.0,0.0,0.0,0.0,0.0,0.0,0.0,0.0,0.0,0.0,0.0,0.0,0.0,0.0,0.0,0.0,1118,,0,,,,,,,,
1301,69,K depth,,13731,Luke Drzewiecki,K,FA,,72,186,,,,0,True,Active,,,,K1,9999999,0.0,0.0,0.0,0.0,0.0,0.0,0.0,0.0,0.0,0.0,0.0,0.0,0.0,0.0,0.0,0.0,0.0,0.0,0.0,0.0,0.0,0.0,0.0,0.0,0.0,0.0,135,,0,,,,,,,,
1302,252,TE depth,,13433,Riley Nowakowski,TE,PIT,24,74,250,Indiana,37,2002-06-30,0,True,Active,,,5,TE5,9999999,0.0,0.0,0.0,0.0,0.0,0.0,0.0,0.0,0.0,0.0,0.0,0.0,0.0,0.0,0.0,0.0,0.0,0.0,0.0,0.0,0.0,0.0,0.0,0.0,0.0,0.0,556,,0,,,,,,,,
2753,303,QB bench,,233,Matt Moore,QB,FA,37,75,219,Oregon State,8,1984-08-09,15,False,Inactive,,,,,502,0.0,0.0,0.0,0.0,0.0,0.0,0.0,0.0,0.0,0.0,0.0,0.0,0.0,0.0,0.0,0.0,0.0,0.0,0.0,0.0,0.0,0.0,0.0,0.0,0.0,0.0,303,,0,,,,,,,,
2754,610,RB bench,,6446,Jon Hilliman,RB,FA,26,71,216,Rutgers,28,1995-11-14,3,False,Active,,,,,1740,0.0,0.0,0.0,0.0,0.0,0.0,0.0,0.0,0.0,0.0,0.0,0.0,0.0,0.0,0.0,0.0,0.0,0.0,0.0,0.0,0.0,0.0,0.0,0.0,0.0,0.0,610,,0,,,,,,,,
845,170,TE depth,,6894,Mitchell Wilcox,TE,FA,28,76,250,South Florida,86,1996-11-07,5,False,Active,,,,,520,0.0,0.0,0.0,0.0,0.0,0.0,0.0,0.0,0.0,0.0,0.0,0.0,0.0,2.0,0.0,0.0,0.0,0.0,0.0,0.0,0.0,0.0,0.0,0.0,0.0,0.0,557,170.0,1,0,694,,,170.0,,,-208
1303,253,TE depth,,12786,Anthony Landphere,TE,FA,,77,248,Memphis,,,0,True,Active,,,,,9999999,0.0,0.0,0.0,0.0,0.0,0.0,0.0,0.0,0.0,0.0,0.0,0.0,0.0,0.0,0.0,0.0,0.0,0.0,0.0,0.0,0.0,0.0,0.0,0.0,0.0,0.0,558,,0,,,,,,,,
2757,304,QB bench,,3440,Josh Woodrum,QB,FA,29,75,228,Liberty,0,1992-11-07,6,False,Active,,,,,9999999,0.0,0.0,0.0,0.0,0.0,0.0,0.0,0.0,0.0,0.0,0.0,0.0,0.0,0.0,0.0,0.0,0.0,0.0,0.0,0.0,0.0,0.0,0.0,0.0,0.0,0.0,304,,0,,,,,,,,
2758,611,RB bench,,4806,Brandon Radcliff,RB,FA,28,69,210,Louisville,37,1993-03-18,5,False,Active,,,,,9999999,0.0,0.0,0.0,0.0,0.0,0.0,0.0,0.0,0.0,0.0,0.0,0.0,0.0,0.0,0.0,0.0,0.0,0.0,0.0,0.0,0.0,0.0,0.0,0.0,0.0,0.0,611,,0,,,,,,,,
2759,1119,WR bench,,7618,Micah Simon,WR,CAR,,73,195,Brigham Young,81,,1,False,Active,,,,,,0.0,0.0,0.0,0.0,0.0,0.0,0.0,0.0,0.0,0.0,0.0,0.0,0.0,0.0,0.0,0.0,0.0,0.0,0.0,0.0,0.0,0.0,0.0,0.0,0.0,0.0,1119,,0,,,,,,,,
846,171,TE depth,,12389,Hayden Rucci,TE,SF,25,77,247,Wisconsin,83,2001-01-27,2,False,Active,,,3,TE3,999,4.0,0.0,0.0,0.0,0.0,0.0,0.0,0.0,0.0,0.0,0.0,0.0,0.0,0.0,0.0,0.0,0.0,0.0,0.0,0.0,0.0,0.0,0.0,0.0,0.0,0.0,559,170.0,1,0,792,,,170.0,,,-111
2761,1120,WR bench,,4610,Deante' Gray,WR,FA,27,70,175,Texas Christian,0,1994-02-27,5,False,Active,,,,,9999999,0.0,0.0,0.0,0.0,0.0,0.0,0.0,0.0,0.0,0.0,0.0,0.0,0.0,0.0,0.0,0.0,0.0,0.0,0.0,0.0,0.0,0.0,0.0,0.0,0.0,0.0,1120,,0,,,,,,,,
2762,1121,WR bench,,5747,Kayaune Ross,WR,FA,27,78,225,Kentucky,11,1994-07-08,4,False,Active,,,,,9999999,0.0,0.0,0.0,0.0,0.0,0.0,0.0,0.0,0.0,0.0,0.0,0.0,0.0,0.0,0.0,0.0,0.0,0.0,0.0,0.0,0.0,0.0,0.0,0.0,0.0,0.0,1121,,0,,,,,,,,
2763,560,TE bench,,11540,La'Michael Pettway,TE,FA,27,75,250,Iowa State,46,1997-03-20,5,False,Active,,,,,552,0.0,0.0,0.0,0.0,0.0,0.0,0.0,0.0,0.0,0.0,0.0,0.0,0.0,0.0,0.0,0.0,0.0,0.0,0.0,0.0,0.0,0.0,0.0,0.0,0.0,0.0,560,,0,,,,,,,,
2764,561,TE bench,,2922,Devin Mahina,TE,FA,36,78,251,BYU,0,1989-01-06,10,False,Active,,,,,9999999,0.0,0.0,0.0,0.0,0.0,0.0,0.0,0.0,0.0,0.0,0.0,0.0,0.0,0.0,0.0,0.0,0.0,0.0,0.0,0.0,0.0,0.0,0.0,0.0,0.0,0.0,561,,0,,,,,,,,
2765,1122,WR bench,,7367,Will Hastings,WR,FA,25,70,174,Auburn,0,1996-07-30,2,False,Inactive,,,,,1990,0.0,0.0,0.0,0.0,0.0,0.0,0.0,0.0,0.0,0.0,0.0,0.0,0.0,0.0,0.0,0.0,0.0,0.0,0.0,0.0,0.0,0.0,0.0,0.0,0.0,0.0,1122,,0,,,,,,,,
2766,1123,WR bench,,11080,Malik Knowles,WR,FA,25,74,196,Kansas State,82,2000-08-17,2,False,Active,,,,,474,0.0,0.0,0.0,0.0,0.0,0.0,0.0,0.0,0.0,0.0,0.0,0.0,0.0,0.0,0.0,0.0,0.0,0.0,0.0,0.0,0.0,0.0,0.0,0.0,0.0,0.0,1123,,0,,,,,,,,
2767,562,TE bench,,7972,Tony Poljan,TE,FA,25,79,260,Virginia,83,1997-04-25,1,False,Active,,,,,455,0.0,0.0,0.0,0.0,0.0,0.0,0.0,0.0,0.0,0.0,0.0,0.0,0.0,0.0,0.0,0.0,0.0,0.0,0.0,0.0,0.0,0.0,0.0,0.0,0.0,0.0,562,,0,,,,,,,,
2768,1124,WR bench,,4938,Speedy Noil,WR,FA,26,71,202,Texas A&M,0,1995-10-14,5,False,Active,,,,,9999999,0.0,0.0,0.0,0.0,0.0,0.0,0.0,0.0,0.0,0.0,0.0,0.0,0.0,0.0,0.0,0.0,0.0,0.0,0.0,0.0,0.0,0.0,0.0,0.0,0.0,0.0,1124,,0,,,,,,,,
222,79,WR depth,,13274,Germie Bernard,WR,PIT,22,73,206,Alabama,17,2003-12-02,0,True,Active,,,3,WR3,194,0.0,0.0,0.0,0.0,0.0,0.0,0.0,0.0,0.0,0.0,0.0,0.0,0.0,0.0,0.0,0.0,0.0,0.0,0.0,0.0,0.0,0.0,0.0,0.0,0.0,0.0,1125,167.6,2,780,622,,164.7,170.4,,,-282
2770,1126,WR bench,,6552,Malik Henry,WR,FA,24,72,175,West Georgia,7,1997-04-16,3,False,Active,,,,,9999999,0.0,0.0,0.0,0.0,0.0,0.0,0.0,0.0,0.0,0.0,0.0,0.0,0.0,0.0,0.0,0.0,0.0,0.0,0.0,0.0,0.0,0.0,0.0,0.0,0.0,0.0,1126,,0,,,,,,,,
2771,612,RB bench,,8934,Clint Ratkovich,RB,FA,25,73,220,Northern Illinois,38,1997-09-16,2,False,Active,,,,,9999999,0.0,0.0,0.0,0.0,0.0,0.0,0.0,0.0,0.0,0.0,0.0,0.0,0.0,0.0,0.0,0.0,0.0,0.0,0.0,0.0,0.0,0.0,0.0,0.0,0.0,0.0,612,,0,,,,,,,,
2772,1127,WR bench,,3655,Reggie Diggs,WR,FA,28,76,200,Richmond,17,1993-05-08,6,False,Active,,,,,9999999,0.0,0.0,0.0,0.0,0.0,0.0,0.0,0.0,0.0,0.0,0.0,0.0,0.0,0.0,0.0,0.0,0.0,0.0,0.0,0.0,0.0,0.0,0.0,0.0,0.0,0.0,1127,,0,,,,,,,,
2773,613,RB bench,,8407,T.J. Pledger,RB,FA,22,69,196,Utah,0,2000-02-24,1,False,Active,,,,,9999999,0.0,0.0,0.0,0.0,0.0,0.0,0.0,0.0,0.0,0.0,0.0,0.0,0.0,0.0,0.0,0.0,0.0,0.0,0.0,0.0,0.0,0.0,0.0,0.0,0.0,0.0,613,,0,,,,,,,,
2774,1128,WR bench,,2800,Mario Hull,WR,FA,32,73,200,Rice,0,1992-08-29,10,False,Active,,,,,9999999,0.0,0.0,0.0,0.0,0.0,0.0,0.0,0.0,0.0,0.0,0.0,0.0,0.0,0.0,0.0,0.0,0.0,0.0,0.0,0.0,0.0,0.0,0.0,0.0,0.0,0.0,1128,,0,,,,,,,,
189,50,RB depth,,12467,Jordan James,RB,SF,22,69,208,Oregon,29,2004-03-29,1,False,Active,Questionable,Fracture,2,RB2,999,3.0,0.0,0.0,0.0,0.0,0.0,0.0,0.0,0.0,0.0,0.0,0.0,0.0,0.0,0.0,0.0,0.0,0.0,0.0,0.0,0.0,0.0,0.0,0.0,0.0,0.0,614,163.3,2,829,597,,156.0,170.6,,,-308
2776,563,TE bench,,2909,Beau Gardner,TE,FA,35,76,240,Northern Arizona,0,1989-12-27,10,False,Active,,,,,9999999,0.0,0.0,0.0,0.0,0.0,0.0,0.0,0.0,0.0,0.0,0.0,0.0,0.0,0.0,0.0,0.0,0.0,0.0,0.0,0.0,0.0,0.0,0.0,0.0,0.0,0.0,563,,0,,,,,,,,
2777,615,RB bench,,5889,Bryce Love,RB,FA,24,69,205,Stanford,35,1997-07-08,3,False,Inactive,,,,,127,0.0,0.0,0.0,0.0,0.0,0.0,0.0,0.0,0.0,0.0,0.0,0.0,0.0,0.0,0.0,0.0,0.0,0.0,0.0,0.0,0.0,0.0,0.0,0.0,0.0,0.0,615,,0,,,,,,,,
1304,254,TE depth,,3905,Mandel Dixon,TE,FA,25,"6'2""",240,Tulsa,49,1993-04-21,0,True,Inactive,,,,,9999999,0.0,0.0,0.0,0.0,0.0,0.0,0.0,0.0,0.0,0.0,0.0,0.0,0.0,0.0,0.0,0.0,0.0,0.0,0.0,0.0,0.0,0.0,0.0,0.0,0.0,0.0,564,,0,,,,,,,,
2779,1129,WR bench,,2577,Devante Davis,WR,FA,32,75,215,UNLV,0,1992-10-13,10,False,Active,,,,,9999999,0.0,0.0,0.0,0.0,0.0,0.0,0.0,0.0,0.0,0.0,0.0,0.0,0.0,0.0,0.0,0.0,0.0,0.0,0.0,0.0,0.0,0.0,0.0,0.0,0.0,0.0,1129,,0,,,,,,,,
2780,1130,WR bench,,5661,Chris Lacy,WR,FA,27,75,205,Oklahoma State,15,1996-01-28,5,False,Active,,,,,9999999,0.0,0.0,0.0,0.0,0.0,0.0,0.0,0.0,0.0,0.0,0.0,0.0,0.0,0.0,0.0,0.0,0.0,0.0,0.0,0.0,0.0,0.0,0.0,0.0,0.0,0.0,1130,,0,,,,,,,,
2781,565,TE bench,,6439,Hale Hentges,TE,FA,25,76,245,Alabama,87,1996-08-19,3,False,Injured Reserve,,,,,531,0.0,0.0,0.0,0.0,0.0,0.0,0.0,0.0,0.0,0.0,0.0,0.0,0.0,0.0,0.0,0.0,0.0,0.0,0.0,0.0,0.0,0.0,0.0,0.0,0.0,0.0,565,,0,,,,,,,,
847,301,WR depth,,8114,Erik Ezukanma,WR,PHI,26,74,206,Texas Tech,49,2000-01-25,4,False,Active,,,8,WR8,999,0.0,0.0,0.0,0.0,0.0,0.0,0.0,0.0,0.0,0.0,0.0,0.0,0.0,2.0,0.0,0.0,0.0,0.0,0.0,0.0,0.0,0.0,0.0,2.0,0.0,0.0,1131,170.0,1,0,571,,,170.0,,,-335
2783,1132,WR bench,,3503,Geronimo Allison,WR,FA,28,75,202,Illinois,82,1994-01-18,6,False,Active,,,,,9999999,0.0,0.0,0.0,0.0,0.0,0.0,0.0,0.0,0.0,0.0,0.0,0.0,0.0,0.0,0.0,0.0,0.0,0.0,0.0,0.0,0.0,0.0,0.0,0.0,0.0,0.0,1132,,0,,,,,,,,
205,56,RB depth,,13305,Mike Washington,RB,LV,23,74,228,Arkansas,30,2003-07-03,0,True,Active,,,2,RB2,139,0.0,0.0,0.0,0.0,0.0,0.0,0.0,0.0,0.0,0.0,0.0,0.0,0.0,0.0,0.0,0.0,0.0,0.0,0.0,0.0,0.0,0.0,0.0,0.0,0.0,0.0,616,165.2,2,790,594,,160.1,170.3,,,-313
848,302,WR depth,,11621,Brenden Rice,WR,FA,24,74,208,USC,89,2002-03-18,2,False,Active,Questionable,,,,999,0.0,0.0,0.0,0.0,0.0,0.0,0.0,0.0,0.0,0.0,0.0,0.0,0.0,3.0,0.0,0.0,0.0,0.0,0.0,0.0,0.0,0.0,0.0,0.0,0.0,0.0,1133,170.0,1,0,480,,,170.0,,,-428
2786,566,TE bench,,6529,Chris Myarick,TE,LV,30,77,261,Temple,86,1995-10-06,7,False,Active,,,,,999,0.0,0.0,0.0,0.0,0.0,0.0,0.0,0.0,0.0,0.0,0.0,0.0,0.0,0.0,0.0,0.0,0.0,0.0,0.0,0.0,0.0,0.0,0.0,0.0,0.0,0.0,566,,0,,,,,,,,
849,303,WR depth,,11053,Antoine Green,WR,FA,25,74,200,North Carolina,18,1999-11-15,2,False,Active,,,,,399,0.0,0.0,0.0,0.0,0.0,0.0,0.0,0.0,0.0,0.0,0.0,0.0,0.0,0.0,0.0,0.0,0.0,0.0,0.0,0.0,0.0,0.0,0.0,0.0,0.0,0.0,1134,170.0,1,0,853,,,170.0,,,-56
2788,1135,WR bench,,7234,Maurice Ffrench,WR,FA,24,71,200,Pittsburgh,80,1998-01-01,2,False,Active,,,,,384,0.0,0.0,0.0,0.0,0.0,0.0,0.0,0.0,0.0,0.0,0.0,0.0,0.0,0.0,0.0,0.0,0.0,0.0,0.0,0.0,0.0,0.0,0.0,0.0,0.0,0.0,1135,,0,,,,,,,,
2789,617,RB bench,,1848,James White,RB,FA,30,70,205,Wisconsin,28,1992-02-03,8,False,Active,,,,,278,0.0,0.0,0.0,0.0,0.0,0.0,0.0,0.0,0.0,0.0,0.0,0.0,0.0,0.0,0.0,0.0,0.0,0.0,0.0,0.0,0.0,0.0,0.0,0.0,0.0,0.0,617,,0,,,,,,,,
2790,1136,WR bench,,12938,Jackson Meeks,WR,DET,23,74,235,Syracuse,13,2003-03-24,1,False,Active,,,,,9999999,2.0,0.0,0.0,0.0,0.0,0.0,0.0,0.0,0.0,0.0,0.0,0.0,0.0,0.0,0.0,0.0,0.0,0.0,0.0,0.0,0.0,0.0,0.0,0.0,0.0,0.0,1136,,0,,,,,,,,
2791,1137,WR bench,,7579,Austin Watkins,WR,FA,26,75,210,UAB,41,1998-02-16,3,False,Active,,,,,9999999,0.0,0.0,0.0,0.0,0.0,0.0,0.0,0.0,0.0,0.0,0.0,0.0,0.0,0.0,0.0,0.0,0.0,0.0,0.0,0.0,0.0,0.0,0.0,0.0,0.0,0.0,1137,,0,,,,,,,,
1305,500,WR depth,,14005,Tommy Thomas,WR,FA,,74,190,Chadron State,,,0,True,Active,,,,,9999999,0.0,0.0,0.0,0.0,0.0,0.0,0.0,0.0,0.0,0.0,0.0,0.0,0.0,0.0,0.0,0.0,0.0,0.0,0.0,0.0,0.0,0.0,0.0,0.0,0.0,0.0,1138,,0,,,,,,,,
2793,1139,WR bench,,12029,Tyler Harrell,WR,FA,24,72,200,Miami (FL),,2000-08-01,1,False,Active,,,,,9999999,0.0,0.0,0.0,0.0,0.0,0.0,0.0,0.0,0.0,0.0,0.0,0.0,0.0,0.0,0.0,0.0,0.0,0.0,0.0,0.0,0.0,0.0,0.0,0.0,0.0,0.0,1139,,0,,,,,,,,
2794,1140,WR bench,,7580,Khalil McClain,WR,FA,22,76,222,Troy,0,1999-03-19,1,False,Active,,,,,,0.0,0.0,0.0,0.0,0.0,0.0,0.0,0.0,0.0,0.0,0.0,0.0,0.0,0.0,0.0,0.0,0.0,0.0,0.0,0.0,0.0,0.0,0.0,0.0,0.0,0.0,1140,,0,,,,,,,,
2795,1141,WR bench,,4937,Al Riles,WR,IND,24,"5'10""",212,LA-Lafayette,3,1993-09-17,1,False,Active,,,,,9999999,0.0,0.0,0.0,0.0,0.0,0.0,0.0,0.0,0.0,0.0,0.0,0.0,0.0,0.0,0.0,0.0,0.0,0.0,0.0,0.0,0.0,0.0,0.0,0.0,0.0,0.0,1141,,0,,,,,,,,
2796,1142,WR bench,,4328,Jerome Lane,WR,FA,26,75,220,Akron,6,1995-03-09,5,False,Active,,,,,9999999,0.0,0.0,0.0,0.0,0.0,0.0,0.0,0.0,0.0,0.0,0.0,0.0,0.0,0.0,0.0,0.0,0.0,0.0,0.0,0.0,0.0,0.0,0.0,0.0,0.0,0.0,1142,,0,,,,,,,,
2797,1143,WR bench,,947,Julio Jones,WR,FA,35,75,220,Alabama,80,1989-02-08,13,False,Active,,,,,418,0.0,0.0,0.0,0.0,0.0,0.0,0.0,0.0,0.0,0.0,0.0,0.0,0.0,0.0,0.0,0.0,0.0,0.0,0.0,0.0,0.0,0.0,0.0,0.0,0.0,0.0,1143,,0,,,,,,,,
2798,1144,WR bench,,6261,Reggie White,WR,FA,25,74,210,"Monmouth, N.J.",13,1996-03-10,3,False,Active,,,,,9999999,0.0,0.0,0.0,0.0,0.0,0.0,0.0,0.0,0.0,0.0,0.0,0.0,0.0,0.0,0.0,0.0,0.0,0.0,0.0,0.0,0.0,0.0,0.0,0.0,0.0,0.0,1144,,0,,,,,,,,
2799,1145,WR bench,,7582,Jhamon Ausbon,WR,FA,22,74,218,Texas A&M,48,1999-09-03,1,False,Active,,,,,,0.0,0.0,0.0,0.0,0.0,0.0,0.0,0.0,0.0,0.0,0.0,0.0,0.0,0.0,0.0,0.0,0.0,0.0,0.0,0.0,0.0,0.0,0.0,0.0,0.0,0.0,1145,,0,,,,,,,,
1306,501,WR depth,,6313,Duplicate Player,WR,FA,22,,190,Colorado State,0,1997-03-17,0,True,Inactive,,,,,9999999,0.0,0.0,0.0,0.0,0.0,0.0,0.0,0.0,0.0,0.0,0.0,0.0,0.0,0.0,0.0,0.0,0.0,0.0,0.0,0.0,0.0,0.0,0.0,0.0,0.0,0.0,1146,,0,,,,,,,,
2801,567,TE bench,,3668,Joshua Perkins,TE,NYJ,28,75,223,Washington,89,1993-08-05,6,False,Active,,,,,9999999,0.0,0.0,0.0,0.0,0.0,0.0,0.0,0.0,0.0,0.0,0.0,0.0,0.0,0.0,0.0,0.0,0.0,0.0,0.0,0.0,0.0,0.0,0.0,0.0,0.0,0.0,567,,0,,,,,,,,
2802,568,TE bench,,11231,Christian Trahan,TE,FA,24,74,256,Houston,85,1998-10-22,1,False,Active,,,,,629,0.0,0.0,0.0,0.0,0.0,0.0,0.0,0.0,0.0,0.0,0.0,0.0,0.0,0.0,0.0,0.0,0.0,0.0,0.0,0.0,0.0,0.0,0.0,0.0,0.0,0.0,568,,0,,,,,,,,
2803,1147,WR bench,,11130,Pokey Wilson,WR,FA,26,72,175,Florida State,81,1999-08-12,2,False,Active,,,,,664,0.0,0.0,0.0,0.0,0.0,0.0,0.0,0.0,0.0,0.0,0.0,0.0,0.0,0.0,0.0,0.0,0.0,0.0,0.0,0.0,0.0,0.0,0.0,0.0,0.0,0.0,1147,,0,,,,,,,,
2804,136,K bench,,3805,Jon Brown,K,FA,29,70,202,Louisville,0,1992-12-07,6,False,Active,,,,K1,1101,0.0,0.0,0.0,0.0,0.0,0.0,0.0,0.0,0.0,0.0,0.0,0.0,0.0,0.0,0.0,0.0,0.0,0.0,0.0,0.0,0.0,0.0,0.0,0.0,0.0,0.0,136,,0,,,,,,,,
2805,618,RB bench,,6318,Jordan Ellis,RB,FA,25,70,225,Virginia,31,1996-03-22,3,False,Active,,,,,9999999,0.0,0.0,0.0,0.0,0.0,0.0,0.0,0.0,0.0,0.0,0.0,0.0,0.0,0.0,0.0,0.0,0.0,0.0,0.0,0.0,0.0,0.0,0.0,0.0,0.0,0.0,618,,0,,,,,,,,
1307,293,RB depth,,13315,Dean Connors,RB,LAR,22,71,206,Houston,33,2003-08-29,0,True,Active,,,5,RB5,999,0.0,0.0,0.0,0.0,0.0,0.0,0.0,0.0,0.0,0.0,0.0,0.0,0.0,0.0,0.0,0.0,0.0,0.0,0.0,0.0,0.0,0.0,0.0,0.0,0.0,0.0,619,,0,,,,,,,,
2807,620,RB bench,,1048,Lamar Miller,RB,FA,30,70,221,Miami (FL),0,1991-04-25,10,False,Active,,,,,584,0.0,0.0,0.0,0.0,0.0,0.0,0.0,0.0,0.0,0.0,0.0,0.0,0.0,0.0,0.0,0.0,0.0,0.0,0.0,0.0,0.0,0.0,0.0,0.0,0.0,0.0,620,,0,,,,,,,,
212,76,WR depth,,6803,Brandon Aiyuk,WR,SF,28,72,200,Arizona State,11,1998-03-17,6,False,Active,DNR,Surgery,6,WR6,177,0.0,0.0,0.0,0.0,0.0,0.0,0.0,0.0,0.0,0.0,0.0,0.0,0.0,7.0,62.4,8.91,0.0,0.0,0.0,0.0,0.0,0.0,25.0,47.0,374.0,0.0,1148,166.5,2,816,632,,162.0,171.0,,,-278
1308,255,TE depth,,14069,Connor Hulstein,TE,NYJ,,77,235,,,,0,True,Active,,,,,9999999,0.0,0.0,0.0,0.0,0.0,0.0,0.0,0.0,0.0,0.0,0.0,0.0,0.0,0.0,0.0,0.0,0.0,0.0,0.0,0.0,0.0,0.0,0.0,0.0,0.0,0.0,569,,0,,,,,,,,
2810,621,RB bench,,11249,Chris Smith,RB,FA,23,69,194,Louisiana,34,1999-09-08,1,False,Active,,,,,9999999,0.0,0.0,0.0,0.0,0.0,0.0,0.0,0.0,0.0,0.0,0.0,0.0,0.0,0.0,0.0,0.0,0.0,0.0,0.0,0.0,0.0,0.0,0.0,0.0,0.0,0.0,621,,0,,,,,,,,
2811,622,RB bench,,5407,Ervin Philips,RB,FA,26,71,181,Syracuse,89,1995-01-18,4,False,Active,,,,,9999999,0.0,0.0,0.0,0.0,0.0,0.0,0.0,0.0,0.0,0.0,0.0,0.0,0.0,0.0,0.0,0.0,0.0,0.0,0.0,0.0,0.0,0.0,0.0,0.0,0.0,0.0,622,,0,,,,,,,,
2812,1149,WR bench,,6032,Keelan Doss,WR,FA,28,75,215,UC Davis,10,1996-03-21,5,False,Active,,,,,9999999,0.0,0.0,0.0,0.0,0.0,0.0,0.0,0.0,0.0,0.0,0.0,0.0,0.0,0.0,0.0,0.0,0.0,0.0,0.0,0.0,0.0,0.0,0.0,0.0,0.0,0.0,1149,,0,,,,,,,,
1309,502,WR depth,,13943,Squirrel White,WR,FA,,70,178,Florida State,26,,0,True,Active,NA,,,,9999999,0.0,0.0,0.0,0.0,0.0,0.0,0.0,0.0,0.0,0.0,0.0,0.0,0.0,0.0,0.0,0.0,0.0,0.0,0.0,0.0,0.0,0.0,0.0,0.0,0.0,0.0,1150,,0,,,,,,,,
2814,570,TE bench,,4730,Sam Cotton,TE,FA,27,77,250,Nebraska,85,1994-01-27,5,False,Active,,,,,9999999,0.0,0.0,0.0,0.0,0.0,0.0,0.0,0.0,0.0,0.0,0.0,0.0,0.0,0.0,0.0,0.0,0.0,0.0,0.0,0.0,0.0,0.0,0.0,0.0,0.0,0.0,570,,0,,,,,,,,
2815,1151,WR bench,,11359,Kody Case,WR,FA,24,70,182,Illinois,13,1998-09-11,1,False,Active,,,,,381,0.0,0.0,0.0,0.0,0.0,0.0,0.0,0.0,0.0,0.0,0.0,0.0,0.0,0.0,0.0,0.0,0.0,0.0,0.0,0.0,0.0,0.0,0.0,0.0,0.0,0.0,1151,,0,,,,,,,,
2816,1152,WR bench,,7092,Chris Finke,WR,FA,26,69,186,Notre Dame,17,1996-05-02,2,False,Active,,,,,447,0.0,0.0,0.0,0.0,0.0,0.0,0.0,0.0,0.0,0.0,0.0,0.0,0.0,0.0,0.0,0.0,0.0,0.0,0.0,0.0,0.0,0.0,0.0,0.0,0.0,0.0,1152,,0,,,,,,,,
2817,1153,WR bench,,2916,Ify Umodu,WR,FA,32,75,215,Northern Arizona,85,1992-07-22,10,False,Active,,,,,9999999,0.0,0.0,0.0,0.0,0.0,0.0,0.0,0.0,0.0,0.0,0.0,0.0,0.0,0.0,0.0,0.0,0.0,0.0,0.0,0.0,0.0,0.0,0.0,0.0,0.0,0.0,1153,,0,,,,,,,,
2818,1154,WR bench,,12398,Jadon Janke,WR,FA,25,74,212,South Dakota State,82,1999-11-10,1,False,Active,,,,,563,0.0,0.0,0.0,0.0,0.0,0.0,0.0,0.0,0.0,0.0,0.0,0.0,0.0,0.0,0.0,0.0,0.0,0.0,0.0,0.0,0.0,0.0,0.0,0.0,0.0,0.0,1154,,0,,,,,,,,
850,183,RB depth,,9222,Zach Evans,RB,FA,24,71,202,Ole Miss,38,2001-05-30,2,False,Active,,,,,647,0.0,0.0,0.0,0.0,0.0,0.0,0.0,0.0,0.0,0.0,0.0,0.0,0.0,0.0,0.0,0.0,0.0,0.0,0.0,0.0,0.0,0.0,0.0,0.0,0.0,0.0,623,170.0,1,0,702,,,170.0,,,-209
2820,571,TE bench,,7576,Sage Surratt,TE,FA,26,75,234,Wake Forest,47,1998-04-13,3,False,Active,,,,,999,0.0,0.0,0.0,0.0,0.0,0.0,0.0,0.0,0.0,0.0,0.0,0.0,0.0,0.0,0.0,0.0,0.0,0.0,0.0,0.0,0.0,0.0,0.0,0.0,0.0,0.0,571,,0,,,,,,,,
1310,503,WR depth,,14034,Brock Rechsteiner,WR,NO,,74,225,Jacksonville State,89,,0,True,Active,,,,,9999999,0.0,0.0,0.0,0.0,0.0,0.0,0.0,0.0,0.0,0.0,0.0,0.0,0.0,0.0,0.0,0.0,0.0,0.0,0.0,0.0,0.0,0.0,0.0,0.0,0.0,0.0,1155,,0,,,,,,,,
2822,1156,WR bench,,7613,Jonathan Adams,WR,FA,23,74,210,Arkansas State,82,1999-01-21,1,False,Active,,,,,,0.0,0.0,0.0,0.0,0.0,0.0,0.0,0.0,0.0,0.0,0.0,0.0,0.0,0.0,0.0,0.0,0.0,0.0,0.0,0.0,0.0,0.0,0.0,0.0,0.0,0.0,1156,,0,,,,,,,,
2823,1157,WR bench,,8222,Josh Johnson,WR,FA,23,71,181,Tulsa,0,1999-08-10,2,False,Active,,,,,446,0.0,0.0,0.0,0.0,0.0,0.0,0.0,0.0,0.0,0.0,0.0,0.0,0.0,0.0,0.0,0.0,0.0,0.0,0.0,0.0,0.0,0.0,0.0,0.0,0.0,0.0,1157,,0,,,,,,,,
1311,70,K depth,,13990,Paul Geelen,K,FA,,78,205,Southern Illinois,,,0,True,Active,,,,K1,9999999,0.0,0.0,0.0,0.0,0.0,0.0,0.0,0.0,0.0,0.0,0.0,0.0,0.0,0.0,0.0,0.0,0.0,0.0,0.0,0.0,0.0,0.0,0.0,0.0,0.0,0.0,137,,0,,,,,,,,
2825,1158,WR bench,,2331,Breshad Perriman,WR,FA,29,74,215,UCF,9,1993-09-10,8,False,Active,,,,,9999999,0.0,0.0,0.0,0.0,0.0,0.0,0.0,0.0,0.0,0.0,0.0,0.0,0.0,0.0,0.0,0.0,0.0,0.0,0.0,0.0,0.0,0.0,0.0,0.0,0.0,0.0,1158,,0,,,,,,,,
2826,1159,WR bench,,12093,Geordon Porter,WR,FA,,72,195,UConn,,,1,False,Active,,,,,9999999,0.0,0.0,0.0,0.0,0.0,0.0,0.0,0.0,0.0,0.0,0.0,0.0,0.0,0.0,0.0,0.0,0.0,0.0,0.0,0.0,0.0,0.0,0.0,0.0,0.0,0.0,1159,,0,,,,,,,,
2827,305,QB bench,,8193,E.J. Perry,QB,FA,26,74,210,Brown,6,1998-01-01,2,False,Active,,,,,9999999,0.0,0.0,0.0,0.0,0.0,0.0,0.0,0.0,0.0,0.0,0.0,0.0,0.0,0.0,0.0,0.0,0.0,0.0,0.0,0.0,0.0,0.0,0.0,0.0,0.0,0.0,305,,0,,,,,,,,
1312,256,TE depth,,13870,Quentin Moore,TE,WAS,,77,260,Washington,40,,0,True,Active,,,,,9999999,0.0,0.0,0.0,0.0,0.0,0.0,0.0,0.0,0.0,0.0,0.0,0.0,0.0,0.0,0.0,0.0,0.0,0.0,0.0,0.0,0.0,0.0,0.0,0.0,0.0,0.0,572,,0,,,,,,,,
2829,306,QB bench,,6778,Chris Streveler,QB,FA,28,73,216,South Dakota,15,1995-01-06,3,False,Inactive,,,,,550,0.0,0.0,0.0,0.0,0.0,0.0,0.0,0.0,0.0,0.0,0.0,0.0,0.0,0.0,0.0,0.0,0.0,0.0,0.0,0.0,0.0,0.0,0.0,0.0,0.0,0.0,306,,0,,,,,,,,
2830,573,TE bench,,7903,Briley Moore,TE,FA,24,76,240,Kansas State,82,1998-01-13,1,False,Active,,,,,9999999,0.0,0.0,0.0,0.0,0.0,0.0,0.0,0.0,0.0,0.0,0.0,0.0,0.0,0.0,0.0,0.0,0.0,0.0,0.0,0.0,0.0,0.0,0.0,0.0,0.0,0.0,573,,0,,,,,,,,
1313,504,WR depth,,8141,Player Invalid,WR,FA,,,,,,,0,True,Inactive,,,,,,0.0,0.0,0.0,0.0,0.0,0.0,0.0,0.0,0.0,0.0,0.0,0.0,0.0,0.0,0.0,0.0,0.0,0.0,0.0,0.0,0.0,0.0,0.0,0.0,0.0,0.0,1160,,0,,,,,,,,
2832,624,RB bench,,5395,Shaun Wilson,RB,FA,26,69,185,Duke,39,1995-12-02,4,False,Active,,,,,1478,0.0,0.0,0.0,0.0,0.0,0.0,0.0,0.0,0.0,0.0,0.0,0.0,0.0,0.0,0.0,0.0,0.0,0.0,0.0,0.0,0.0,0.0,0.0,0.0,0.0,0.0,624,,0,,,,,,,,
2833,574,TE bench,,8706,Kehinde Oginni,TE,FA,25,78,240,,72,1999-03-03,2,False,Active,,,,,549,0.0,0.0,0.0,0.0,0.0,0.0,0.0,0.0,0.0,0.0,0.0,0.0,0.0,0.0,0.0,0.0,0.0,0.0,0.0,0.0,0.0,0.0,0.0,0.0,0.0,0.0,574,,0,,,,,,,,
2834,625,RB bench,,5464,De'Lance Turner,RB,FA,26,71,214,Alcorn State,34,1995-08-23,4,False,Active,,,,,1491,0.0,0.0,0.0,0.0,0.0,0.0,0.0,0.0,0.0,0.0,0.0,0.0,0.0,0.0,0.0,0.0,0.0,0.0,0.0,0.0,0.0,0.0,0.0,0.0,0.0,0.0,625,,0,,,,,,,,
2835,307,QB bench,,12009,Jack Plummer,QB,FA,25,77,215,Louisville,16,1999-10-21,1,False,Active,,,,,380,0.0,0.0,0.0,0.0,0.0,0.0,0.0,0.0,0.0,0.0,0.0,0.0,0.0,0.0,0.0,0.0,0.0,0.0,0.0,0.0,0.0,0.0,0.0,0.0,0.0,0.0,307,,0,,,,,,,,
177,67,WR depth,,13346,Denzel Boston,WR,CLE,22,76,215,Washington,12,2003-12-06,0,True,Active,,,3,WR3,144,0.0,0.0,0.0,0.0,0.0,0.0,0.0,0.0,0.0,0.0,0.0,0.0,0.0,0.0,0.0,0.0,0.0,0.0,0.0,0.0,0.0,0.0,0.0,0.0,0.0,0.0,1161,161.5,2,13,173,,155.6,167.4,,,-739
851,184,RB depth,,11773,Keilan Robinson,RB,FA,26,68,191,Texas,36,2000-02-16,2,False,Active,Questionable,,,,9999999,0.0,0.0,0.0,0.0,0.0,0.0,0.0,0.0,0.0,0.0,0.0,0.0,0.0,6.0,0.0,0.0,0.0,0.0,0.0,0.0,0.0,0.0,0.0,0.0,0.0,0.0,626,170.0,1,0,715,,,170.0,,,-198
2838,308,QB bench,,3551,Max Wittek,QB,FA,31,76,240,Hawai'i,0,1993-07-01,9,False,Active,,,,,9999999,0.0,0.0,0.0,0.0,0.0,0.0,0.0,0.0,0.0,0.0,0.0,0.0,0.0,0.0,0.0,0.0,0.0,0.0,0.0,0.0,0.0,0.0,0.0,0.0,0.0,0.0,308,,0,,,,,,,,
1314,257,TE depth,,13712,Hayden Large,TE,CHI,24,76,250,Iowa,43,2002-03-27,0,True,Active,,,,,9999999,0.0,0.0,0.0,0.0,0.0,0.0,0.0,0.0,0.0,0.0,0.0,0.0,0.0,0.0,0.0,0.0,0.0,0.0,0.0,0.0,0.0,0.0,0.0,0.0,0.0,0.0,575,,0,,,,,,,,
2840,627,RB bench,,2914,Luke Lundy,RB,FA,36,72,239,Ottawa (KS),0,1988-08-23,10,False,Active,,,,,9999999,0.0,0.0,0.0,0.0,0.0,0.0,0.0,0.0,0.0,0.0,0.0,0.0,0.0,0.0,0.0,0.0,0.0,0.0,0.0,0.0,0.0,0.0,0.0,0.0,0.0,0.0,627,,0,,,,,,,,
214,60,RB depth,,13345,Jonah Coleman,RB,DEN,22,68,220,Washington,20,2003-08-20,0,True,Active,,,3,RB3,118,0.0,0.0,0.0,0.0,0.0,0.0,0.0,0.0,0.0,0.0,0.0,0.0,0.0,0.0,0.0,0.0,0.0,0.0,0.0,0.0,0.0,0.0,0.0,0.0,0.0,0.0,628,166.8,2,774,607,,163.2,170.3,,,-307
2842,138,K bench,,8775,Andrew Mevis,K,FA,24,71,205,Iowa State,0,1998-10-12,1,False,Active,,,,K1,9999999,0.0,0.0,0.0,0.0,0.0,0.0,0.0,0.0,0.0,0.0,0.0,0.0,0.0,0.0,0.0,0.0,0.0,0.0,0.0,0.0,0.0,0.0,0.0,0.0,0.0,0.0,138,,0,,,,,,,,
2843,1162,WR bench,,6557,Jeff Smith,WR,FA,27,73,195,Boston College,86,1997-04-21,5,False,Active,,,,,426,0.0,0.0,0.0,0.0,0.0,0.0,0.0,0.0,0.0,0.0,0.0,0.0,0.0,0.0,0.0,0.0,0.0,0.0,0.0,0.0,0.0,0.0,0.0,0.0,0.0,0.0,1162,,0,,,,,,,,
240,83,WR depth,,13293,Ja'Kobi Lane,WR,BAL,22,76,205,USC,6,2004-05-05,0,True,Active,,,3,WR3,182,0.0,0.0,0.0,0.0,0.0,0.0,0.0,0.0,0.0,0.0,0.0,0.0,0.0,0.0,0.0,0.0,0.0,0.0,0.0,0.0,0.0,0.0,0.0,0.0,0.0,0.0,1163,169.4,1,0,211,,,169.4,,,-704
2845,629,RB bench,,11537,Wayne Taulapapa,RB,FA,25,70,205,Washington,43,1998-03-22,1,False,Active,,,,,440,0.0,0.0,0.0,0.0,0.0,0.0,0.0,0.0,0.0,0.0,0.0,0.0,0.0,0.0,0.0,0.0,0.0,0.0,0.0,0.0,0.0,0.0,0.0,0.0,0.0,0.0,629,,0,,,,,,,,
2846,1164,WR bench,,2771,Jimmie Hunt,WR,FA,34,72,215,Missouri,82,1990-09-04,10,False,Active,,,,,9999999,0.0,0.0,0.0,0.0,0.0,0.0,0.0,0.0,0.0,0.0,0.0,0.0,0.0,0.0,0.0,0.0,0.0,0.0,0.0,0.0,0.0,0.0,0.0,0.0,0.0,0.0,1164,,0,,,,,,,,
2847,309,QB bench,,5239,Lamar Jordan,QB,FA,27,72,192,New Mexico,86,1994-10-02,4,False,Active,,,,,9999999,0.0,0.0,0.0,0.0,0.0,0.0,0.0,0.0,0.0,0.0,0.0,0.0,0.0,0.0,0.0,0.0,0.0,0.0,0.0,0.0,0.0,0.0,0.0,0.0,0.0,0.0,309,,0,,,,,,,,
2848,630,RB bench,,3891,Kyle Coleman,RB,FA,28,74,220,Arkansas-Pine Bluff,96,1993-09-30,6,False,Active,,,,,9999999,0.0,0.0,0.0,0.0,0.0,0.0,0.0,0.0,0.0,0.0,0.0,0.0,0.0,0.0,0.0,0.0,0.0,0.0,0.0,0.0,0.0,0.0,0.0,0.0,0.0,0.0,630,,0,,,,,,,,
852,304,WR depth,,8801,Dennis Houston,WR,TB,27,73,190,Western Illinois,89,1999-04-24,4,False,Active,,,7,WR7,9999999,0.0,0.0,0.0,0.0,0.0,0.0,0.0,0.0,0.0,0.0,0.0,0.0,0.0,0.0,0.0,0.0,0.0,0.0,0.0,0.0,0.0,0.0,0.0,0.0,0.0,0.0,1165,170.0,1,0,586,,,170.0,,,-330
2850,631,RB bench,,12954,Kye Robichaux,RB,DET,23,72,213,Boston College,34,2002-10-06,1,False,Active,Questionable,,6,RB6,9999999,0.0,0.0,0.0,0.0,0.0,0.0,0.0,0.0,0.0,0.0,0.0,0.0,0.0,0.0,0.0,0.0,0.0,0.0,0.0,0.0,0.0,0.0,0.0,0.0,0.0,0.0,631,,0,,,,,,,,
2851,1166,WR bench,,8571,Ra'Shaun Henry,WR,FA,25,75,190,Virginia,18,1998-02-04,2,False,Inactive,,,,,681,0.0,0.0,0.0,0.0,0.0,0.0,0.0,0.0,0.0,0.0,0.0,0.0,0.0,0.0,0.0,0.0,0.0,0.0,0.0,0.0,0.0,0.0,0.0,0.0,0.0,0.0,1166,,0,,,,,,,,
2852,632,RB bench,,2430,Javorius Allen,RB,FA,30,72,222,Southern California,37,1991-08-27,7,False,Active,,,,,9999999,0.0,0.0,0.0,0.0,0.0,0.0,0.0,0.0,0.0,0.0,0.0,0.0,0.0,0.0,0.0,0.0,0.0,0.0,0.0,0.0,0.0,0.0,0.0,0.0,0.0,0.0,632,,0,,,,,,,,
853,185,RB depth,,11943,Michael Wiley,RB,FA,24,72,209,Arizona,30,2001-11-10,2,False,Active,Questionable,,,,999,0.0,0.0,0.0,0.0,0.0,0.0,0.0,0.0,0.0,0.0,0.0,0.0,0.0,0.0,0.0,0.0,0.0,0.0,0.0,0.0,0.0,0.0,0.0,0.0,0.0,0.0,633,170.0,1,0,514,,,170.0,,,-403
1315,505,WR depth,,12458,Player Invalid,WR,FA,,,,,,,0,True,Inactive,,,,,,0.0,0.0,0.0,0.0,0.0,0.0,0.0,0.0,0.0,0.0,0.0,0.0,0.0,0.0,0.0,0.0,0.0,0.0,0.0,0.0,0.0,0.0,0.0,0.0,0.0,0.0,1167,,0,,,,,,,,
2855,1168,WR bench,,6239,Malik Taylor,WR,FA,29,73,220,Ferris State,86,1995-12-21,6,False,Active,,,,,695,0.0,0.0,0.0,0.0,0.0,0.0,0.0,0.0,0.0,0.0,0.0,0.0,0.0,0.0,0.0,0.0,0.0,0.0,0.0,0.0,0.0,0.0,0.0,0.0,0.0,0.0,1168,,0,,,,,,,,
2856,1169,WR bench,,11438,Dallas Daniels,WR,FA,,73,180,Jackson State,46,,1,False,Active,,,,,9999999,0.0,0.0,0.0,0.0,0.0,0.0,0.0,0.0,0.0,0.0,0.0,0.0,0.0,0.0,0.0,0.0,0.0,0.0,0.0,0.0,0.0,0.0,0.0,0.0,0.0,0.0,1169,,0,,,,,,,,
2857,1170,WR bench,,4451,Isaac Whitney,WR,ARI,27,74,204,Southern California,84,1994-06-22,5,False,Inactive,,,,,1255,0.0,0.0,0.0,0.0,0.0,0.0,0.0,0.0,0.0,0.0,0.0,0.0,0.0,0.0,0.0,0.0,0.0,0.0,0.0,0.0,0.0,0.0,0.0,0.0,0.0,0.0,1170,,0,,,,,,,,
2858,634,RB bench,,1308,Jamize Olawale,RB,FA,32,73,240,North Texas,49,1989-04-17,10,False,Inactive,,,,,367,0.0,0.0,0.0,0.0,0.0,0.0,0.0,0.0,0.0,0.0,0.0,0.0,0.0,0.0,0.0,0.0,0.0,0.0,0.0,0.0,0.0,0.0,0.0,0.0,0.0,0.0,634,,0,,,,,,,,
2859,310,QB bench,,5286,Austin Allen,QB,FA,27,73,209,Arkansas,8,1994-08-21,4,False,Active,,,,,9999999,0.0,0.0,0.0,0.0,0.0,0.0,0.0,0.0,0.0,0.0,0.0,0.0,0.0,0.0,0.0,0.0,0.0,0.0,0.0,0.0,0.0,0.0,0.0,0.0,0.0,0.0,310,,0,,,,,,,,
2860,635,RB bench,,8120,Jerrion Ealy,RB,FA,23,68,187,Ole Miss,39,2000-08-19,1,False,Active,,,,,9999999,0.0,0.0,0.0,0.0,0.0,0.0,0.0,0.0,0.0,0.0,0.0,0.0,0.0,0.0,0.0,0.0,0.0,0.0,0.0,0.0,0.0,0.0,0.0,0.0,0.0,0.0,635,,0,,,,,,,,
2861,636,RB bench,,5752,Sherman Badie,RB,FA,27,72,205,Tulane,0,1995-01-03,4,False,Active,,,,,9999999,0.0,0.0,0.0,0.0,0.0,0.0,0.0,0.0,0.0,0.0,0.0,0.0,0.0,0.0,0.0,0.0,0.0,0.0,0.0,0.0,0.0,0.0,0.0,0.0,0.0,0.0,636,,0,,,,,,,,
2862,1171,WR bench,,6789,Henry Ruggs,WR,FA,22,72,190,Alabama,0,1999-01-24,2,False,Active,,,,,124,0.0,0.0,0.0,0.0,0.0,0.0,0.0,0.0,0.0,0.0,0.0,0.0,0.0,0.0,0.0,0.0,0.0,0.0,0.0,0.0,0.0,0.0,0.0,0.0,0.0,0.0,1171,,0,,,,,,,,
2863,311,QB bench,,11851,Carter Bradley,QB,JAX,26,75,221,South Alabama,10,2000-03-09,2,False,Active,,,3,QB3,999,0.0,0.0,0.0,0.0,0.0,0.0,0.0,0.0,0.0,0.0,0.0,0.0,0.0,0.0,0.0,0.0,0.0,0.0,0.0,0.0,0.0,0.0,0.0,0.0,0.0,0.0,311,,0,,,,,,,,
854,172,TE depth,,2446,MyCole Pruitt,TE,FA,32,74,258,Southern Illinois,81,1992-03-24,10,False,Active,,,,,283,0.0,0.0,0.0,0.0,0.0,0.0,0.0,0.0,0.0,0.0,0.0,0.0,0.0,12.0,16.0,1.33,0.0,0.0,0.0,0.0,0.0,0.0,6.0,10.0,40.0,1.0,576,170.0,1,0,955,,,170.0,,,37
2865,312,QB bench,,2567,Bryan Bennett,QB,FA,32,74,215,Southeastern Louisiana,0,1992-03-06,10,False,Active,,,,,9999999,0.0,0.0,0.0,0.0,0.0,0.0,0.0,0.0,0.0,0.0,0.0,0.0,0.0,0.0,0.0,0.0,0.0,0.0,0.0,0.0,0.0,0.0,0.0,0.0,0.0,0.0,312,,0,,,,,,,,
2866,1172,WR bench,,11528,Garett Maag,WR,FA,23,76,206,North Dakota State,82,2000-01-01,1,False,Active,,,,,370,0.0,0.0,0.0,0.0,0.0,0.0,0.0,0.0,0.0,0.0,0.0,0.0,0.0,0.0,0.0,0.0,0.0,0.0,0.0,0.0,0.0,0.0,0.0,0.0,0.0,0.0,1172,,0,,,,,,,,
2867,1173,WR bench,,11946,Marcus Rosemy-Jacksaint,WR,FA,23,73,205,Georgia,,2002-01-08,1,False,Active,,,,,543,0.0,0.0,0.0,0.0,0.0,0.0,0.0,0.0,0.0,0.0,0.0,0.0,0.0,0.0,0.0,0.0,0.0,0.0,0.0,0.0,0.0,0.0,0.0,0.0,0.0,0.0,1173,,0,,,,,,,,
2868,1174,WR bench,,4823,Keevan Lucas,WR,FA,26,70,195,Tulsa,81,1995-04-10,5,False,Active,,,,,9999999,0.0,0.0,0.0,0.0,0.0,0.0,0.0,0.0,0.0,0.0,0.0,0.0,0.0,0.0,0.0,0.0,0.0,0.0,0.0,0.0,0.0,0.0,0.0,0.0,0.0,0.0,1174,,0,,,,,,,,
2869,313,QB bench,,11388,Nolan Henderson,QB,FA,24,71,202,Delaware,5,1998-06-26,1,False,Active,,,,,9999999,0.0,0.0,0.0,0.0,0.0,0.0,0.0,0.0,0.0,0.0,0.0,0.0,0.0,0.0,0.0,0.0,0.0,0.0,0.0,0.0,0.0,0.0,0.0,0.0,0.0,0.0,313,,0,,,,,,,,
2870,577,TE bench,,6591,Charles Jones,TE,FA,25,76,255,Tulane,85,1996-08-05,3,False,Inactive,,,,,1760,0.0,0.0,0.0,0.0,0.0,0.0,0.0,0.0,0.0,0.0,0.0,0.0,0.0,0.0,0.0,0.0,0.0,0.0,0.0,0.0,0.0,0.0,0.0,0.0,0.0,0.0,577,,0,,,,,,,,
2871,1175,WR bench,,7175,Chris Rowland,WR,FA,24,68,170,Tennessee State,0,1997-12-19,2,False,Active,,,,,9999999,0.0,0.0,0.0,0.0,0.0,0.0,0.0,0.0,0.0,0.0,0.0,0.0,0.0,0.0,0.0,0.0,0.0,0.0,0.0,0.0,0.0,0.0,0.0,0.0,0.0,0.0,1175,,0,,,,,,,,
855,305,WR depth,,9492,Trey Palmer,WR,NO,25,73,190,Nebraska,10,2001-04-02,3,False,Active,,,10,WR10,999,0.0,0.0,0.0,0.0,0.0,0.0,0.0,0.0,0.0,0.0,0.0,0.0,0.0,15.0,35.2,2.35,0.0,0.0,0.0,0.0,0.0,0.0,12.0,22.0,172.0,1.0,1176,170.0,1,0,478,,,170.0,,,-441
2873,637,RB bench,,4774,De'Mard Llorens,RB,FA,27,70,212,"Northwestern State, La.",37,1994-02-01,5,False,Active,,,,,9999999,0.0,0.0,0.0,0.0,0.0,0.0,0.0,0.0,0.0,0.0,0.0,0.0,0.0,0.0,0.0,0.0,0.0,0.0,0.0,0.0,0.0,0.0,0.0,0.0,0.0,0.0,637,,0,,,,,,,,
2874,638,RB bench,,3934,Troymaine Pope,RB,FA,28,69,205,Jacksonville State,0,1993-11-26,6,False,Active,,,,,1110,0.0,0.0,0.0,0.0,0.0,0.0,0.0,0.0,0.0,0.0,0.0,0.0,0.0,0.0,0.0,0.0,0.0,0.0,0.0,0.0,0.0,0.0,0.0,0.0,0.0,0.0,638,,0,,,,,,,,
856,173,TE depth,,6665,Jody Fortson,TE,FA,29,76,226,Valdosta State,89,1995-12-07,6,False,Active,,,,,9999999,0.0,0.0,0.0,0.0,0.0,0.0,0.0,0.0,0.0,0.0,0.0,0.0,0.0,3.0,1.5,0.5,0.0,0.0,0.0,0.0,0.0,0.0,1.0,3.0,5.0,0.0,578,170.0,1,0,840,,,170.0,,,-80
2876,1177,WR bench,,12772,Courtney Jackson,WR,TEN,25,71,195,Arkansas State,39,2001-03-13,1,False,Active,,,,,999,0.0,0.0,0.0,0.0,0.0,0.0,0.0,0.0,0.0,0.0,0.0,0.0,0.0,0.0,0.0,0.0,0.0,0.0,0.0,0.0,0.0,0.0,0.0,0.0,0.0,0.0,1177,,0,,,,,,,,
2877,1178,WR bench,,8570,Derek Wright,WR,FA,25,73,195,Utah State,83,1998-08-13,2,False,Active,,,,,588,0.0,0.0,0.0,0.0,0.0,0.0,0.0,0.0,0.0,0.0,0.0,0.0,0.0,0.0,0.0,0.0,0.0,0.0,0.0,0.0,0.0,0.0,0.0,0.0,0.0,0.0,1178,,0,,,,,,,,
2878,314,QB bench,,5120,Danny Etling,QB,FA,29,75,220,LSU,19,1994-07-22,5,False,Active,,,,,9999999,0.0,0.0,0.0,0.0,0.0,0.0,0.0,0.0,0.0,0.0,0.0,0.0,0.0,0.0,0.0,0.0,0.0,0.0,0.0,0.0,0.0,0.0,0.0,0.0,0.0,0.0,314,,0,,,,,,,,
2879,315,QB bench,,4853,Jerod Evans,QB,FA,27,75,238,Virginia Tech,0,1994-01-16,5,False,Active,,,,,9999999,0.0,0.0,0.0,0.0,0.0,0.0,0.0,0.0,0.0,0.0,0.0,0.0,0.0,0.0,0.0,0.0,0.0,0.0,0.0,0.0,0.0,0.0,0.0,0.0,0.0,0.0,315,,0,,,,,,,,
2880,579,TE bench,,4536,Jason Croom,TE,FA,28,77,246,Tennessee,81,1994-02-28,5,False,Active,,,,,9999999,0.0,0.0,0.0,0.0,0.0,0.0,0.0,0.0,0.0,0.0,0.0,0.0,0.0,0.0,0.0,0.0,0.0,0.0,0.0,0.0,0.0,0.0,0.0,0.0,0.0,0.0,579,,0,,,,,,,,
2881,580,TE bench,,4940,DeSean Smith,TE,FA,27,77,249,Louisiana State,0,1994-11-02,5,False,Active,,,,,9999999,0.0,0.0,0.0,0.0,0.0,0.0,0.0,0.0,0.0,0.0,0.0,0.0,0.0,0.0,0.0,0.0,0.0,0.0,0.0,0.0,0.0,0.0,0.0,0.0,0.0,0.0,580,,0,,,,,,,,
2882,1179,WR bench,,6879,Quartney Davis,WR,FA,24,73,200,Texas A&M,5,1998-04-07,2,False,Active,,,,,9999999,0.0,0.0,0.0,0.0,0.0,0.0,0.0,0.0,0.0,0.0,0.0,0.0,0.0,0.0,0.0,0.0,0.0,0.0,0.0,0.0,0.0,0.0,0.0,0.0,0.0,0.0,1179,,0,,,,,,,,
857,174,TE depth,,11508,Princeton Fant,TE,DAL,27,74,245,Tennessee,85,1999-03-11,3,False,Active,Out,Surgery,4,TE4,9999999,1.0,0.0,0.0,0.0,0.0,0.0,0.0,0.0,0.0,0.0,0.0,0.0,0.0,8.0,0.0,0.0,0.0,0.0,0.0,0.0,0.0,0.0,0.0,0.0,0.0,0.0,581,170.0,1,0,413,,,170.0,,,-508
2884,1180,WR bench,,5427,LaQuvionte Gonzalez,WR,FA,28,71,175,"Southeastern, Fla.",0,1993-09-28,4,False,Active,,,,,987,0.0,0.0,0.0,0.0,0.0,0.0,0.0,0.0,0.0,0.0,0.0,0.0,0.0,0.0,0.0,0.0,0.0,0.0,0.0,0.0,0.0,0.0,0.0,0.0,0.0,0.0,1180,,0,,,,,,,,
2885,1181,WR bench,,3852,Jaydon Mickens,WR,FA,30,70,174,Washington,17,1994-04-21,8,False,Active,,,,,9999999,0.0,0.0,0.0,0.0,0.0,0.0,0.0,0.0,0.0,0.0,0.0,0.0,0.0,0.0,0.0,0.0,0.0,0.0,0.0,0.0,0.0,0.0,0.0,0.0,0.0,0.0,1181,,0,,,,,,,,
1316,506,WR depth,,3858,Miles Shuler,WR,FA,24,"5'10""",180,Northwestern,12,1993-09-26,0,True,Inactive,,,,,9999999,0.0,0.0,0.0,0.0,0.0,0.0,0.0,0.0,0.0,0.0,0.0,0.0,0.0,0.0,0.0,0.0,0.0,0.0,0.0,0.0,0.0,0.0,0.0,0.0,0.0,0.0,1182,,0,,,,,,,,
2887,639,RB bench,,5240,Daniel Marx,RB,FA,26,74,255,Stanford,0,1995-10-07,4,False,Active,,,,,9999999,0.0,0.0,0.0,0.0,0.0,0.0,0.0,0.0,0.0,0.0,0.0,0.0,0.0,0.0,0.0,0.0,0.0,0.0,0.0,0.0,0.0,0.0,0.0,0.0,0.0,0.0,639,,0,,,,,,,,
1317,159,QB depth,,7099,Tom Flacco,QB,FA,25,"6'1""",205,Towson,,1994-11-02,0,True,Inactive,NA,,,,9999999,0.0,0.0,0.0,0.0,0.0,0.0,0.0,0.0,0.0,0.0,0.0,0.0,0.0,0.0,0.0,0.0,0.0,0.0,0.0,0.0,0.0,0.0,0.0,0.0,0.0,0.0,316,,0,,,,,,,,
2889,640,RB bench,,2981,Ross Scheuerman,RB,FA,32,73,205,Lafayette,0,1993-03-05,10,False,Active,,,,,9999999,0.0,0.0,0.0,0.0,0.0,0.0,0.0,0.0,0.0,0.0,0.0,0.0,0.0,0.0,0.0,0.0,0.0,0.0,0.0,0.0,0.0,0.0,0.0,0.0,0.0,0.0,640,,0,,,,,,,,
2890,1183,WR bench,,13208,Kyrese Rowan,WR,FA,25,70,185,Utah State,80,2001-01-25,1,False,Active,,,,,549,0.0,0.0,0.0,0.0,0.0,0.0,0.0,0.0,0.0,0.0,0.0,0.0,0.0,0.0,0.0,0.0,0.0,0.0,0.0,0.0,0.0,0.0,0.0,0.0,0.0,0.0,1183,,0,,,,,,,,
2891,1184,WR bench,,7452,Josh Pearson,WR,FA,24,76,205,Jacksonville State,89,1997-06-13,2,False,Active,,,,,9999999,0.0,0.0,0.0,0.0,0.0,0.0,0.0,0.0,0.0,0.0,0.0,0.0,0.0,0.0,0.0,0.0,0.0,0.0,0.0,0.0,0.0,0.0,0.0,0.0,0.0,0.0,1184,,0,,,,,,,,
2892,641,RB bench,,5252,Ray Lawry,RB,FA,25,70,203,Old Dominion,38,1996-09-10,4,False,Active,,,,,9999999,0.0,0.0,0.0,0.0,0.0,0.0,0.0,0.0,0.0,0.0,0.0,0.0,0.0,0.0,0.0,0.0,0.0,0.0,0.0,0.0,0.0,0.0,0.0,0.0,0.0,0.0,641,,0,,,,,,,,
2893,582,TE bench,,11493,Jordan Murray,TE,FA,25,76,255,Hawai'i,48,2000-04-20,2,False,Inactive,,,,,658,0.0,0.0,0.0,0.0,0.0,0.0,0.0,0.0,0.0,0.0,0.0,0.0,0.0,0.0,0.0,0.0,0.0,0.0,0.0,0.0,0.0,0.0,0.0,0.0,0.0,0.0,582,,0,,,,,,,,
2894,642,RB bench,,12341,Markese Stepp,RB,FA,24,73,225,Western Kentucky,,2000-02-11,1,False,Active,,,,,9999999,0.0,0.0,0.0,0.0,0.0,0.0,0.0,0.0,0.0,0.0,0.0,0.0,0.0,0.0,0.0,0.0,0.0,0.0,0.0,0.0,0.0,0.0,0.0,0.0,0.0,0.0,642,,0,,,,,,,,
2895,583,TE bench,,5246,Jake Roh,TE,FA,27,75,227,Boise State,0,1994-09-24,4,False,Active,,,,,1019,0.0,0.0,0.0,0.0,0.0,0.0,0.0,0.0,0.0,0.0,0.0,0.0,0.0,0.0,0.0,0.0,0.0,0.0,0.0,0.0,0.0,0.0,0.0,0.0,0.0,0.0,583,,0,,,,,,,,
1318,507,WR depth,,13326,DT Sheffield,WR,NYJ,25,67,175,Rutgers,38,2001-02-25,0,True,Active,,,,,999,0.0,0.0,0.0,0.0,0.0,0.0,0.0,0.0,0.0,0.0,0.0,0.0,0.0,0.0,0.0,0.0,0.0,0.0,0.0,0.0,0.0,0.0,0.0,0.0,0.0,0.0,1185,,0,,,,,,,,
2897,1186,WR bench,,5254,Jimmy Williams,WR,FA,26,71,198,East Carolina,0,1995-02-24,4,False,Active,,,,,9999999,0.0,0.0,0.0,0.0,0.0,0.0,0.0,0.0,0.0,0.0,0.0,0.0,0.0,0.0,0.0,0.0,0.0,0.0,0.0,0.0,0.0,0.0,0.0,0.0,0.0,0.0,1186,,0,,,,,,,,
2898,1187,WR bench,,3348,Kolby Listenbee,WR,FA,27,73,183,Texas Christian,18,1994-01-25,6,False,Inactive,,,,,9999999,0.0,0.0,0.0,0.0,0.0,0.0,0.0,0.0,0.0,0.0,0.0,0.0,0.0,0.0,0.0,0.0,0.0,0.0,0.0,0.0,0.0,0.0,0.0,0.0,0.0,0.0,1187,,0,,,,,,,,
2899,139,K bench,,5823,Tristan Vizcaino,K,FA,27,74,205,Washington,16,1996-07-31,4,False,Active,,,,K1,9999999,0.0,0.0,0.0,0.0,0.0,0.0,0.0,0.0,0.0,0.0,0.0,0.0,0.0,0.0,0.0,0.0,0.0,0.0,0.0,0.0,0.0,0.0,0.0,0.0,0.0,0.0,139,,0,,,,,,,,
2900,643,RB bench,,3811,Alstevis Squirewell,RB,FA,32,73,270,Newberry,40,1992-09-17,9,False,Active,,,,,9999999,0.0,0.0,0.0,0.0,0.0,0.0,0.0,0.0,0.0,0.0,0.0,0.0,0.0,0.0,0.0,0.0,0.0,0.0,0.0,0.0,0.0,0.0,0.0,0.0,0.0,0.0,643,,0,,,,,,,,
2901,1188,WR bench,,7100,Derrick Dillon,WR,FA,26,71,185,LSU,80,1995-10-28,2,False,Active,,,,,9999999,0.0,0.0,0.0,0.0,0.0,0.0,0.0,0.0,0.0,0.0,0.0,0.0,0.0,0.0,0.0,0.0,0.0,0.0,0.0,0.0,0.0,0.0,0.0,0.0,0.0,0.0,1188,,0,,,,,,,,
357,125,WR depth,,13402,Skyler Bell,WR,BUF,24,71,192,UConn,13,2002-07-05,0,True,Active,,,5,WR5,999,0.0,0.0,0.0,0.0,0.0,0.0,0.0,0.0,0.0,0.0,0.0,0.0,0.0,0.0,0.0,0.0,0.0,0.0,0.0,0.0,0.0,0.0,0.0,0.0,0.0,0.0,1189,169.9,1,0,248,,,169.9,,,-674
2903,1190,WR bench,,12001,Lawrence Keys,WR,DET,26,71,175,Tulane,80,1999-12-09,2,False,Inactive,IR,,,,999,0.0,0.0,0.0,0.0,0.0,0.0,0.0,0.0,0.0,0.0,0.0,0.0,0.0,0.0,0.0,0.0,0.0,0.0,0.0,0.0,0.0,0.0,0.0,0.0,0.0,0.0,1190,,0,,,,,,,,
2904,584,TE bench,,12883,Joshua Simon,TE,ATL,25,76,240,South Carolina,47,2000-11-27,1,False,Active,,,4,TE4,9999999,0.0,0.0,0.0,0.0,0.0,0.0,0.0,0.0,0.0,0.0,0.0,0.0,0.0,0.0,0.0,0.0,0.0,0.0,0.0,0.0,0.0,0.0,0.0,0.0,0.0,0.0,584,,0,,,,,,,,
2905,140,K bench,,12156,James Turner,K,FA,24,72,190,Michigan,,2000-11-22,1,False,Active,,,,K1,331,0.0,0.0,0.0,0.0,0.0,0.0,0.0,0.0,0.0,0.0,0.0,0.0,0.0,0.0,0.0,0.0,0.0,0.0,0.0,0.0,0.0,0.0,0.0,0.0,0.0,0.0,140,,0,,,,,,,,
2906,141,K bench,,3574,John Lunsford,K,FA,31,73,180,Liberty,0,1993-11-14,9,False,Active,,,,K1,9999999,0.0,0.0,0.0,0.0,0.0,0.0,0.0,0.0,0.0,0.0,0.0,0.0,0.0,0.0,0.0,0.0,0.0,0.0,0.0,0.0,0.0,0.0,0.0,0.0,0.0,0.0,141,,0,,,,,,,,
2907,585,TE bench,,5103,Dylan Cantrell,TE,FA,27,75,226,Texas Tech,45,1994-06-29,4,False,Active,,,,,9999999,0.0,0.0,0.0,0.0,0.0,0.0,0.0,0.0,0.0,0.0,0.0,0.0,0.0,0.0,0.0,0.0,0.0,0.0,0.0,0.0,0.0,0.0,0.0,0.0,0.0,0.0,585,,0,,,,,,,,
858,175,TE depth,,4089,Gerald Everett,TE,FA,30,75,252,South Alabama,14,1994-06-25,8,False,Active,,,,,546,0.0,0.0,0.0,0.0,0.0,0.0,0.0,0.0,0.0,0.0,0.0,0.0,0.0,17.0,11.6,0.68,0.0,0.0,0.0,0.0,0.0,0.0,8.0,13.0,36.0,0.0,586,170.0,1,0,808,,,170.0,,,-115
2909,587,TE bench,,8760,Dre Miller,TE,FA,25,74,224,Maine,16,1998-04-18,2,False,Active,,,,,600,0.0,0.0,0.0,0.0,0.0,0.0,0.0,0.0,0.0,0.0,0.0,0.0,0.0,0.0,0.0,0.0,0.0,0.0,0.0,0.0,0.0,0.0,0.0,0.0,0.0,0.0,587,,0,,,,,,,,
2910,142,K bench,,2671,Josh Lambo,K,FA,32,72,215,Texas A&M,6,1990-11-19,7,False,Active,,,,K1,365,0.0,0.0,0.0,0.0,0.0,0.0,0.0,0.0,0.0,0.0,0.0,0.0,0.0,0.0,0.0,0.0,0.0,0.0,0.0,0.0,0.0,0.0,0.0,0.0,0.0,0.0,142,,0,,,,,,,,
2911,1191,WR bench,,8418,Jared Smart,WR,FA,,72,190,Hawai'i,0,,1,False,Active,,,,,9999999,0.0,0.0,0.0,0.0,0.0,0.0,0.0,0.0,0.0,0.0,0.0,0.0,0.0,0.0,0.0,0.0,0.0,0.0,0.0,0.0,0.0,0.0,0.0,0.0,0.0,0.0,1191,,0,,,,,,,,
2912,644,RB bench,,6175,Kerrith Whyte,RB,GB,25,70,204,Florida Atlantic,34,1996-10-31,3,False,Active,,,,,575,0.0,0.0,0.0,0.0,0.0,0.0,0.0,0.0,0.0,0.0,0.0,0.0,0.0,0.0,0.0,0.0,0.0,0.0,0.0,0.0,0.0,0.0,0.0,0.0,0.0,0.0,644,,0,,,,,,,,
1319,160,QB depth,,13989,E.J. Warner,QB,FA,,72,203,Fresno State,,,0,True,Active,,,,,9999999,0.0,0.0,0.0,0.0,0.0,0.0,0.0,0.0,0.0,0.0,0.0,0.0,0.0,0.0,0.0,0.0,0.0,0.0,0.0,0.0,0.0,0.0,0.0,0.0,0.0,0.0,317,,0,,,,,,,,
2914,588,TE bench,,2390,Tyler Kroft,TE,FA,31,78,252,Rutgers,82,1992-10-15,9,False,Active,,,,,9999999,0.0,0.0,0.0,0.0,0.0,0.0,0.0,0.0,0.0,0.0,0.0,0.0,0.0,0.0,0.0,0.0,0.0,0.0,0.0,0.0,0.0,0.0,0.0,0.0,0.0,0.0,588,,0,,,,,,,,
2915,645,RB bench,,2341,T.J. Yeldon,RB,FA,28,73,223,Alabama,22,1993-10-02,7,False,Inactive,,,,,322,0.0,0.0,0.0,0.0,0.0,0.0,0.0,0.0,0.0,0.0,0.0,0.0,0.0,0.0,0.0,0.0,0.0,0.0,0.0,0.0,0.0,0.0,0.0,0.0,0.0,0.0,645,,0,,,,,,,,
2916,1192,WR bench,,3393,Devin Fuller,WR,FA,27,72,200,UCLA,0,1994-01-29,6,False,Active,,,,,9999999,0.0,0.0,0.0,0.0,0.0,0.0,0.0,0.0,0.0,0.0,0.0,0.0,0.0,0.0,0.0,0.0,0.0,0.0,0.0,0.0,0.0,0.0,0.0,0.0,0.0,0.0,1192,,0,,,,,,,,
2917,1193,WR bench,,8888,Kameron Brown,WR,FA,26,75,210,Coastal Carolina,0,1996-09-11,1,False,Active,,,,,647,0.0,0.0,0.0,0.0,0.0,0.0,0.0,0.0,0.0,0.0,0.0,0.0,0.0,0.0,0.0,0.0,0.0,0.0,0.0,0.0,0.0,0.0,0.0,0.0,0.0,0.0,1193,,0,,,,,,,,
2918,143,K bench,,7855,Blake Haubeil,K,FA,,76,230,Ohio State,0,,1,False,Active,,,,K1,597,0.0,0.0,0.0,0.0,0.0,0.0,0.0,0.0,0.0,0.0,0.0,0.0,0.0,0.0,0.0,0.0,0.0,0.0,0.0,0.0,0.0,0.0,0.0,0.0,0.0,0.0,143,,0,,,,,,,,
2919,318,QB bench,,8431,Chase Garbers,QB,FA,24,74,225,California,14,1999-06-06,1,False,Active,,,,,9999999,0.0,0.0,0.0,0.0,0.0,0.0,0.0,0.0,0.0,0.0,0.0,0.0,0.0,0.0,0.0,0.0,0.0,0.0,0.0,0.0,0.0,0.0,0.0,0.0,0.0,0.0,318,,0,,,,,,,,
859,306,WR depth,,7559,Ihmir Smith-Marsette,WR,ARI,26,73,200,Iowa,9,1999-08-29,5,False,Active,,,7,WR7,999,0.0,0.0,0.0,0.0,0.0,0.0,0.0,0.0,0.0,0.0,0.0,0.0,0.0,15.0,6.0,0.4,0.0,0.0,0.0,0.0,0.0,0.0,0.0,0.0,0.0,0.0,1194,170.0,1,0,406,,,170.0,,,-518
2921,1195,WR bench,,11536,Milton Wright,WR,FA,22,75,195,Purdue,38,2000-09-28,1,False,Active,,,,,9999999,0.0,0.0,0.0,0.0,0.0,0.0,0.0,0.0,0.0,0.0,0.0,0.0,0.0,0.0,0.0,0.0,0.0,0.0,0.0,0.0,0.0,0.0,0.0,0.0,0.0,0.0,1195,,0,,,,,,,,
2922,1196,WR bench,,3520,Jay Lee,WR,FA,31,75,220,Baylor,0,1993-06-29,9,False,Active,,,,,9999999,0.0,0.0,0.0,0.0,0.0,0.0,0.0,0.0,0.0,0.0,0.0,0.0,0.0,0.0,0.0,0.0,0.0,0.0,0.0,0.0,0.0,0.0,0.0,0.0,0.0,0.0,1196,,0,,,,,,,,
2923,646,RB bench,,2588,Malcolm Brown,RB,FA,29,71,225,Texas,41,1993-05-15,8,False,Active,,,,,9999999,0.0,0.0,0.0,0.0,0.0,0.0,0.0,0.0,0.0,0.0,0.0,0.0,0.0,0.0,0.0,0.0,0.0,0.0,0.0,0.0,0.0,0.0,0.0,0.0,0.0,0.0,646,,0,,,,,,,,
2924,647,RB bench,,6435,George Aston,RB,FA,25,72,240,Pittsburgh,45,1996-02-01,3,False,Active,,,,,9999999,0.0,0.0,0.0,0.0,0.0,0.0,0.0,0.0,0.0,0.0,0.0,0.0,0.0,0.0,0.0,0.0,0.0,0.0,0.0,0.0,0.0,0.0,0.0,0.0,0.0,0.0,647,,0,,,,,,,,
860,307,WR depth,,11748,Bub Means,WR,NO,25,74,215,Pittsburgh,16,2001-01-10,2,False,Active,,,3,WR3,999,0.0,0.0,0.0,0.0,0.0,0.0,0.0,0.0,0.0,0.0,0.0,0.0,0.0,7.0,26.8,3.83,0.0,0.0,0.0,0.0,0.0,0.0,9.0,15.0,118.0,1.0,1197,170.0,1,0,623,,,170.0,,,-302
2926,1198,WR bench,,5744,Eldridge Massington,WR,NO,24,"6'2""",210,UCLA,86,1995-01-26,1,False,Active,,,,,1123,0.0,0.0,0.0,0.0,0.0,0.0,0.0,0.0,0.0,0.0,0.0,0.0,0.0,0.0,0.0,0.0,0.0,0.0,0.0,0.0,0.0,0.0,0.0,0.0,0.0,0.0,1198,,0,,,,,,,,
2927,648,RB bench,,886,Taiwan Jones,RB,FA,35,72,195,Eastern Washington,36,1988-07-26,12,False,Active,,,,,618,0.0,0.0,0.0,0.0,0.0,0.0,0.0,0.0,0.0,0.0,0.0,0.0,0.0,0.0,0.0,0.0,0.0,0.0,0.0,0.0,0.0,0.0,0.0,0.0,0.0,0.0,648,,0,,,,,,,,
1320,294,RB depth,,13725,Dominic Richardson,RB,DAL,25,72,204,Tulsa,43,2001-04-12,0,True,Active,,,,,9999999,0.0,0.0,0.0,0.0,0.0,0.0,0.0,0.0,0.0,0.0,0.0,0.0,0.0,0.0,0.0,0.0,0.0,0.0,0.0,0.0,0.0,0.0,0.0,0.0,0.0,0.0,649,,0,,,,,,,,
2929,1199,WR bench,,8745,Lance McCutcheon,WR,TEN,27,75,211,Montana State,89,1999-02-28,4,False,Active,,,9,WR9,999,0.0,0.0,0.0,0.0,0.0,0.0,0.0,0.0,0.0,0.0,0.0,0.0,0.0,0.0,0.0,0.0,0.0,0.0,0.0,0.0,0.0,0.0,0.0,0.0,0.0,0.0,1199,,0,,,,,,,,
2930,1200,WR bench,,7319,Jeff Cotton,WR,FA,26,74,206,Idaho,0,1997-04-17,3,False,Inactive,,,,,9999999,0.0,0.0,0.0,0.0,0.0,0.0,0.0,0.0,0.0,0.0,0.0,0.0,0.0,0.0,0.0,0.0,0.0,0.0,0.0,0.0,0.0,0.0,0.0,0.0,0.0,0.0,1200,,0,,,,,,,,
861,186,RB depth,,8255,Raheem Blackshear,RB,DET,28,69,190,Virginia Tech,10,1998-06-05,4,False,Active,,,4,RB4,9999999,0.0,0.0,0.0,0.0,0.0,0.0,0.0,0.0,0.0,0.0,0.0,0.0,0.0,16.0,8.0,0.5,0.0,0.0,0.0,15.0,80.0,0.0,0.0,0.0,0.0,0.0,650,170.0,1,0,505,,,170.0,,,-421
2932,319,QB bench,,8915,Drew Plitt,QB,FA,26,74,217,Ball State,7,1998-01-09,2,False,Active,,,,,437,0.0,0.0,0.0,0.0,0.0,0.0,0.0,0.0,0.0,0.0,0.0,0.0,0.0,0.0,0.0,0.0,0.0,0.0,0.0,0.0,0.0,0.0,0.0,0.0,0.0,0.0,319,,0,,,,,,,,
2933,1201,WR bench,,2639,Tony Jones,WR,FA,32,72,195,Northwestern,0,1992-03-21,10,False,Active,,,,,9999999,0.0,0.0,0.0,0.0,0.0,0.0,0.0,0.0,0.0,0.0,0.0,0.0,0.0,0.0,0.0,0.0,0.0,0.0,0.0,0.0,0.0,0.0,0.0,0.0,0.0,0.0,1201,,0,,,,,,,,
2934,1202,WR bench,,8191,Slade Bolden,WR,FA,24,71,189,Alabama,89,1999-01-26,2,False,Active,,,,,9999999,0.0,0.0,0.0,0.0,0.0,0.0,0.0,0.0,0.0,0.0,0.0,0.0,0.0,0.0,0.0,0.0,0.0,0.0,0.0,0.0,0.0,0.0,0.0,0.0,0.0,0.0,1202,,0,,,,,,,,
2935,320,QB bench,,138,Ben Roethlisberger,QB,PIT,39,77,240,Miami (OH),7,1982-03-02,18,False,Active,,,,,176,0.0,0.0,0.0,0.0,0.0,0.0,0.0,0.0,0.0,0.0,0.0,0.0,0.0,0.0,0.0,0.0,0.0,0.0,0.0,0.0,0.0,0.0,0.0,0.0,0.0,0.0,320,,0,,,,,,,,
2936,1203,WR bench,,4526,Krishawn Hogan,WR,FA,26,75,217,Marian (IN),0,1995-05-12,5,False,Active,,,,,1259,0.0,0.0,0.0,0.0,0.0,0.0,0.0,0.0,0.0,0.0,0.0,0.0,0.0,0.0,0.0,0.0,0.0,0.0,0.0,0.0,0.0,0.0,0.0,0.0,0.0,0.0,1203,,0,,,,,,,,
2937,321,QB bench,,11924,Tanner Mordecai,QB,FA,25,74,218,Wisconsin,14,1999-11-08,1,False,Active,,,,,666,0.0,0.0,0.0,0.0,0.0,0.0,0.0,0.0,0.0,0.0,0.0,0.0,0.0,0.0,0.0,0.0,0.0,0.0,0.0,0.0,0.0,0.0,0.0,0.0,0.0,0.0,321,,0,,,,,,,,
2938,651,RB bench,,3412,Devon Johnson,RB,FA,28,73,244,Marshall,0,1993-07-28,6,False,Active,,,,,9999999,0.0,0.0,0.0,0.0,0.0,0.0,0.0,0.0,0.0,0.0,0.0,0.0,0.0,0.0,0.0,0.0,0.0,0.0,0.0,0.0,0.0,0.0,0.0,0.0,0.0,0.0,651,,0,,,,,,,,
2939,589,TE bench,,11862,Luke Benson,TE,FA,23,76,233,Georgia Tech,,2001-04-26,1,False,Active,,,,,698,0.0,0.0,0.0,0.0,0.0,0.0,0.0,0.0,0.0,0.0,0.0,0.0,0.0,0.0,0.0,0.0,0.0,0.0,0.0,0.0,0.0,0.0,0.0,0.0,0.0,0.0,589,,0,,,,,,,,
2940,1204,WR bench,,6617,Andre Lindsey,WR,FA,,75,190,Sacramento State,0,,3,False,Active,,,,,9999999,0.0,0.0,0.0,0.0,0.0,0.0,0.0,0.0,0.0,0.0,0.0,0.0,0.0,0.0,0.0,0.0,0.0,0.0,0.0,0.0,0.0,0.0,0.0,0.0,0.0,0.0,1204,,0,,,,,,,,
2941,1205,WR bench,,6727,Joe Walker,WR,FA,26,73,201,Delaware,0,1996-01-12,3,False,Active,,,,,9999999,0.0,0.0,0.0,0.0,0.0,0.0,0.0,0.0,0.0,0.0,0.0,0.0,0.0,0.0,0.0,0.0,0.0,0.0,0.0,0.0,0.0,0.0,0.0,0.0,0.0,0.0,1205,,0,,,,,,,,
241,21,K depth,,7042,Tyler Bass,K,BUF,29,70,183,Georgia Southern,16,1997-02-14,6,False,Active,,,1,K1,288,0.0,0.0,0.0,0.0,0.0,0.0,0.0,0.0,0.0,0.0,0.0,0.0,0.0,17.0,136.0,8.0,0.0,0.0,0.0,0.0,0.0,0.0,0.0,0.0,0.0,0.0,144,169.4,2,9,233,,169.0,169.8,,,-694
2943,1206,WR bench,,1842,Derrick Johnson,WR,FA,33,71,190,Maine,0,1991-07-06,11,False,Active,,,,,9999999,0.0,0.0,0.0,0.0,0.0,0.0,0.0,0.0,0.0,0.0,0.0,0.0,0.0,0.0,0.0,0.0,0.0,0.0,0.0,0.0,0.0,0.0,0.0,0.0,0.0,0.0,1206,,0,,,,,,,,
2944,652,RB bench,,3204,C.J. Prosise,RB,FA,27,73,225,Notre Dame,0,1994-05-20,6,False,Active,,,,,966,0.0,0.0,0.0,0.0,0.0,0.0,0.0,0.0,0.0,0.0,0.0,0.0,0.0,0.0,0.0,0.0,0.0,0.0,0.0,0.0,0.0,0.0,0.0,0.0,0.0,0.0,652,,0,,,,,,,,
2945,653,RB bench,,7941,Nick Ralston,RB,FA,25,72,237,Louisiana,46,1996-11-10,1,False,Active,,,,,9999999,0.0,0.0,0.0,0.0,0.0,0.0,0.0,0.0,0.0,0.0,0.0,0.0,0.0,0.0,0.0,0.0,0.0,0.0,0.0,0.0,0.0,0.0,0.0,0.0,0.0,0.0,653,,0,,,,,,,,
2946,1207,WR bench,,7337,Easop Winston,WR,FA,28,71,190,Washington State,85,1996-12-17,5,False,Active,,,,,9999999,0.0,0.0,0.0,0.0,0.0,0.0,0.0,0.0,0.0,0.0,0.0,0.0,0.0,0.0,0.0,0.0,0.0,0.0,0.0,0.0,0.0,0.0,0.0,0.0,0.0,0.0,1207,,0,,,,,,,,
1321,508,WR depth,,14038,Trayvon Rudolph,WR,MIN,24,70,187,Toledo,30,2001-09-06,0,True,Active,,,,,9999999,0.0,0.0,0.0,0.0,0.0,0.0,0.0,0.0,0.0,0.0,0.0,0.0,0.0,0.0,0.0,0.0,0.0,0.0,0.0,0.0,0.0,0.0,0.0,0.0,0.0,0.0,1208,,0,,,,,,,,
1322,295,RB depth,,6106,Taiwan Deal,RB,FA,,"6'0""",225,Wisconsin,0,,0,True,Inactive,,,,,9999999,0.0,0.0,0.0,0.0,0.0,0.0,0.0,0.0,0.0,0.0,0.0,0.0,0.0,0.0,0.0,0.0,0.0,0.0,0.0,0.0,0.0,0.0,0.0,0.0,0.0,0.0,654,,0,,,,,,,,
2949,655,RB bench,,3332,Andy Janovich,RB,FA,29,73,238,Nebraska,41,1993-05-23,6,False,Active,,,,,9999999,0.0,0.0,0.0,0.0,0.0,0.0,0.0,0.0,0.0,0.0,0.0,0.0,0.0,0.0,0.0,0.0,0.0,0.0,0.0,0.0,0.0,0.0,0.0,0.0,0.0,0.0,655,,0,,,,,,,,
862,176,TE depth,,13278,Max Klare,TE,LAR,23,76,246,Ohio State,86,2003-07-08,0,True,Active,,,5,TE5,212,0.0,0.0,0.0,0.0,0.0,0.0,0.0,0.0,0.0,0.0,0.0,0.0,0.0,0.0,0.0,0.0,0.0,0.0,0.0,0.0,0.0,0.0,0.0,0.0,0.0,0.0,590,170.0,1,0,380,,,170.0,,,-548
2951,1209,WR bench,,12803,Luke Grimm,WR,LAC,24,72,190,Kansas,,2001-08-08,1,False,Active,,,,,999,0.0,0.0,0.0,0.0,0.0,0.0,0.0,0.0,0.0,0.0,0.0,0.0,0.0,0.0,0.0,0.0,0.0,0.0,0.0,0.0,0.0,0.0,0.0,0.0,0.0,0.0,1209,,0,,,,,,,,
2952,656,RB bench,,7532,Rakeem Boyd,RB,FA,,72,206,Arkansas,35,,1,False,Inactive,,,,,,0.0,0.0,0.0,0.0,0.0,0.0,0.0,0.0,0.0,0.0,0.0,0.0,0.0,0.0,0.0,0.0,0.0,0.0,0.0,0.0,0.0,0.0,0.0,0.0,0.0,0.0,656,,0,,,,,,,,
2953,322,QB bench,,11558,Sam Hartman,QB,WAS,27,73,209,Notre Dame,15,1999-07-29,2,False,Active,,,3,QB3,999,0.0,0.0,0.0,0.0,0.0,0.0,0.0,0.0,0.0,0.0,0.0,0.0,0.0,0.0,0.0,0.0,0.0,0.0,0.0,0.0,0.0,0.0,0.0,0.0,0.0,0.0,322,,0,,,,,,,,
2954,1210,WR bench,,8573,Talolo Limi-Jones,WR,FA,25,76,220,Eastern Washington,0,1997-11-16,1,False,Active,,,,,9999999,0.0,0.0,0.0,0.0,0.0,0.0,0.0,0.0,0.0,0.0,0.0,0.0,0.0,0.0,0.0,0.0,0.0,0.0,0.0,0.0,0.0,0.0,0.0,0.0,0.0,0.0,1210,,0,,,,,,,,
2955,657,RB bench,,8239,Ricky Person,RB,FA,24,72,217,North Carolina State,31,1999-11-12,1,False,Active,,,,,460,0.0,0.0,0.0,0.0,0.0,0.0,0.0,0.0,0.0,0.0,0.0,0.0,0.0,0.0,0.0,0.0,0.0,0.0,0.0,0.0,0.0,0.0,0.0,0.0,0.0,0.0,657,,0,,,,,,,,
863,308,WR depth,,10863,A.T. Perry,WR,PIT,26,77,205,Wake Forest,27,1999-10-26,3,False,Active,,,7,WR7,999,0.0,0.0,0.0,0.0,0.0,0.0,0.0,0.0,0.0,0.0,0.0,0.0,0.0,0.0,0.0,0.0,0.0,0.0,0.0,0.0,0.0,0.0,0.0,0.0,0.0,0.0,1211,170.0,1,0,606,,,170.0,,,-323
2957,1212,WR bench,,11969,Xavier Johnson,WR,CIN,27,73,210,Ohio State,18,1999-05-11,2,False,Active,,,,,999,0.0,0.0,0.0,0.0,0.0,0.0,0.0,0.0,0.0,0.0,0.0,0.0,0.0,0.0,0.0,0.0,0.0,0.0,0.0,0.0,0.0,0.0,0.0,0.0,0.0,0.0,1212,,0,,,,,,,,
2958,1213,WR bench,,1290,Jermaine Kearse,WR,FA,31,73,209,Washington,0,1990-02-06,10,False,Injured Reserve,,,,,9999999,0.0,0.0,0.0,0.0,0.0,0.0,0.0,0.0,0.0,0.0,0.0,0.0,0.0,0.0,0.0,0.0,0.0,0.0,0.0,0.0,0.0,0.0,0.0,0.0,0.0,0.0,1213,,0,,,,,,,,
864,309,WR depth,,12743,Junior Bergen,WR,SF,23,69,184,Montana,86,2002-10-23,1,False,Active,,,,,999,0.0,0.0,0.0,0.0,0.0,0.0,0.0,0.0,0.0,0.0,0.0,0.0,0.0,0.0,0.0,0.0,0.0,0.0,0.0,0.0,0.0,0.0,0.0,0.0,0.0,0.0,1214,170.0,1,0,778,,,170.0,,,-152
865,310,WR depth,,3155,Laquon Treadwell,WR,IND,31,74,215,Ole Miss,13,1995-06-14,10,False,Active,,,7,WR7,999,10.0,0.0,0.0,0.0,0.0,0.0,0.0,0.0,0.0,0.0,0.0,0.0,0.0,2.0,0.0,0.0,0.0,0.0,0.0,0.0,0.0,0.0,0.0,0.0,0.0,0.0,1215,170.0,1,0,871,,,170.0,,,-60
2961,323,QB bench,,12278,Jacob Sirmon,QB,FA,,76,235,Northern Colorado,,,1,False,Active,,,,,9999999,0.0,0.0,0.0,0.0,0.0,0.0,0.0,0.0,0.0,0.0,0.0,0.0,0.0,0.0,0.0,0.0,0.0,0.0,0.0,0.0,0.0,0.0,0.0,0.0,0.0,0.0,323,,0,,,,,,,,
866,113,QB depth,,8162,Sam Howell,QB,DAL,25,73,225,North Carolina,16,2000-09-16,4,False,Active,,,3,QB3,999,0.0,0.0,0.0,0.0,0.0,0.0,0.0,0.0,0.0,0.0,0.0,0.0,0.0,3.0,0.16,0.05,24.0,0.0,1.0,1.0,2.0,0.0,0.0,0.0,0.0,0.0,324,170.0,1,0,351,,,170.0,,,-581
867,177,TE depth,,13434,Will Kacmarek,TE,MIA,23,78,258,Ohio State,82,2003-02-12,0,True,Active,,,2,TE2,9999999,0.0,0.0,0.0,0.0,0.0,0.0,0.0,0.0,0.0,0.0,0.0,0.0,0.0,0.0,0.0,0.0,0.0,0.0,0.0,0.0,0.0,0.0,0.0,0.0,0.0,0.0,591,170.0,1,0,384,,,170.0,,,-549
2964,1216,WR bench,,8196,Ty Fryfogle,WR,FA,24,74,205,Indiana,13,1999-01-28,2,False,Active,,,,,543,0.0,0.0,0.0,0.0,0.0,0.0,0.0,0.0,0.0,0.0,0.0,0.0,0.0,0.0,0.0,0.0,0.0,0.0,0.0,0.0,0.0,0.0,0.0,0.0,0.0,0.0,1216,,0,,,,,,,,
2965,658,RB bench,,2927,Keshawn Hill,RB,FA,31,70,200,Sam Houston State,0,1993-03-17,10,False,Active,,,,,9999999,0.0,0.0,0.0,0.0,0.0,0.0,0.0,0.0,0.0,0.0,0.0,0.0,0.0,0.0,0.0,0.0,0.0,0.0,0.0,0.0,0.0,0.0,0.0,0.0,0.0,0.0,658,,0,,,,,,,,
868,311,WR depth,,9490,Tyler Scott,WR,LAR,24,71,185,Cincinnati,82,2001-10-12,3,False,Active,,,7,WR7,999,0.0,0.0,0.0,0.0,0.0,0.0,0.0,0.0,0.0,0.0,0.0,0.0,0.0,11.0,1.5,0.14,0.0,0.0,0.0,0.0,0.0,0.0,1.0,1.0,5.0,0.0,1217,170.0,1,0,596,,,170.0,,,-338
2967,659,RB bench,,8149,Master Teague,RB,FA,23,71,225,Ohio State,33,2000-05-19,2,False,Active,,,,,9999999,0.0,0.0,0.0,0.0,0.0,0.0,0.0,0.0,0.0,0.0,0.0,0.0,0.0,0.0,0.0,0.0,0.0,0.0,0.0,0.0,0.0,0.0,0.0,0.0,0.0,0.0,659,,0,,,,,,,,
2968,592,TE bench,,2476,James O'Shaughnessy,TE,FA,31,76,245,Illinois State,89,1992-01-14,8,False,Active,,,,,9999999,0.0,0.0,0.0,0.0,0.0,0.0,0.0,0.0,0.0,0.0,0.0,0.0,0.0,0.0,0.0,0.0,0.0,0.0,0.0,0.0,0.0,0.0,0.0,0.0,0.0,0.0,592,,0,,,,,,,,
2969,1218,WR bench,,5130,Auden Tate,WR,FA,26,77,228,Florida State,89,1997-02-03,5,False,Active,,,,,9999999,0.0,0.0,0.0,0.0,0.0,0.0,0.0,0.0,0.0,0.0,0.0,0.0,0.0,0.0,0.0,0.0,0.0,0.0,0.0,0.0,0.0,0.0,0.0,0.0,0.0,0.0,1218,,0,,,,,,,,
2970,325,QB bench,,181,Drew Stanton,QB,FA,37,75,226,Michigan State,0,1984-05-07,15,False,Active,,,,,591,0.0,0.0,0.0,0.0,0.0,0.0,0.0,0.0,0.0,0.0,0.0,0.0,0.0,0.0,0.0,0.0,0.0,0.0,0.0,0.0,0.0,0.0,0.0,0.0,0.0,0.0,325,,0,,,,,,,,
2971,660,RB bench,,4349,Taquan Mizzell,RB,NYG,28,69,192,Virginia,25,1993-10-21,5,False,Inactive,,,,,1233,0.0,0.0,0.0,0.0,0.0,0.0,0.0,0.0,0.0,0.0,0.0,0.0,0.0,0.0,0.0,0.0,0.0,0.0,0.0,0.0,0.0,0.0,0.0,0.0,0.0,0.0,660,,0,,,,,,,,
2972,661,RB bench,,3353,Dan Vitale,RB,FA,28,72,239,Northwestern,0,1993-10-26,6,False,Injured Reserve,,,,,1030,0.0,0.0,0.0,0.0,0.0,0.0,0.0,0.0,0.0,0.0,0.0,0.0,0.0,0.0,0.0,0.0,0.0,0.0,0.0,0.0,0.0,0.0,0.0,0.0,0.0,0.0,661,,0,,,,,,,,
2973,1219,WR bench,,2821,Jake Kumerow,WR,FA,31,76,209,Wisconsin-Whitewater,15,1992-02-17,8,False,Inactive,,,,,9999999,0.0,0.0,0.0,0.0,0.0,0.0,0.0,0.0,0.0,0.0,0.0,0.0,0.0,0.0,0.0,0.0,0.0,0.0,0.0,0.0,0.0,0.0,0.0,0.0,0.0,0.0,1219,,0,,,,,,,,
869,312,WR depth,,6798,Jalen Reagor,WR,MIA,27,71,197,TCU,17,1999-01-02,6,False,Active,,,4,WR4,999,0.0,0.0,0.0,0.0,0.0,0.0,0.0,0.0,0.0,0.0,0.0,0.0,0.0,8.0,14.7,1.84,0.0,0.0,0.0,3.0,-3.0,0.0,7.0,12.0,100.0,0.0,1220,170.0,1,0,461,,,170.0,,,-474
2975,593,TE bench,,4861,Kent Taylor,TE,FA,28,78,240,Texas-El Paso,0,1993-11-29,4,False,Active,,,,,9999999,0.0,0.0,0.0,0.0,0.0,0.0,0.0,0.0,0.0,0.0,0.0,0.0,0.0,0.0,0.0,0.0,0.0,0.0,0.0,0.0,0.0,0.0,0.0,0.0,0.0,0.0,593,,0,,,,,,,,
2976,1221,WR bench,,8441,Justin Hall,WR,FA,25,68,189,Ball State,49,1999-01-29,3,False,Active,,,,,651,0.0,0.0,0.0,0.0,0.0,0.0,0.0,0.0,0.0,0.0,0.0,0.0,0.0,0.0,0.0,0.0,0.0,0.0,0.0,0.0,0.0,0.0,0.0,0.0,0.0,0.0,1221,,0,,,,,,,,
2977,1222,WR bench,,6593,Spencer Schnell,WR,FA,27,68,180,Illinois State,83,1994-12-07,3,False,Inactive,,,,,1732,0.0,0.0,0.0,0.0,0.0,0.0,0.0,0.0,0.0,0.0,0.0,0.0,0.0,0.0,0.0,0.0,0.0,0.0,0.0,0.0,0.0,0.0,0.0,0.0,0.0,0.0,1222,,0,,,,,,,,
2978,1223,WR bench,,6359,C.J. Worton,WR,FA,25,72,183,Florida International,7,1996-01-30,3,False,Active,,,,,9999999,0.0,0.0,0.0,0.0,0.0,0.0,0.0,0.0,0.0,0.0,0.0,0.0,0.0,0.0,0.0,0.0,0.0,0.0,0.0,0.0,0.0,0.0,0.0,0.0,0.0,0.0,1223,,0,,,,,,,,
2979,1224,WR bench,,7351,Kirk Merritt,WR,FA,26,73,214,Arkansas State,33,1997-01-05,3,False,Active,,,,,312,0.0,0.0,0.0,0.0,0.0,0.0,0.0,0.0,0.0,0.0,0.0,0.0,0.0,0.0,0.0,0.0,0.0,0.0,0.0,0.0,0.0,0.0,0.0,0.0,0.0,0.0,1224,,0,,,,,,,,
1323,509,WR depth,,13698,Max Tomczak,WR,BUF,,72,195,Youngstown State,80,,0,True,Active,,,,,9999999,0.0,0.0,0.0,0.0,0.0,0.0,0.0,0.0,0.0,0.0,0.0,0.0,0.0,0.0,0.0,0.0,0.0,0.0,0.0,0.0,0.0,0.0,0.0,0.0,0.0,0.0,1225,,0,,,,,,,,
2981,1226,WR bench,,2905,Josh Reese,WR,FA,34,72,180,UCF,0,1991-01-03,10,False,Active,,,,,9999999,0.0,0.0,0.0,0.0,0.0,0.0,0.0,0.0,0.0,0.0,0.0,0.0,0.0,0.0,0.0,0.0,0.0,0.0,0.0,0.0,0.0,0.0,0.0,0.0,0.0,0.0,1226,,0,,,,,,,,
2982,662,RB bench,,12402,Ramon Jefferson,RB,FA,25,70,215,Kentucky,,2000-01-10,1,False,Active,,,,,402,0.0,0.0,0.0,0.0,0.0,0.0,0.0,0.0,0.0,0.0,0.0,0.0,0.0,0.0,0.0,0.0,0.0,0.0,0.0,0.0,0.0,0.0,0.0,0.0,0.0,0.0,662,,0,,,,,,,,
2983,1227,WR bench,,7455,John Hurst,WR,FA,25,74,190,West Georgia,9,1996-11-02,2,False,Inactive,,,,,498,0.0,0.0,0.0,0.0,0.0,0.0,0.0,0.0,0.0,0.0,0.0,0.0,0.0,0.0,0.0,0.0,0.0,0.0,0.0,0.0,0.0,0.0,0.0,0.0,0.0,0.0,1227,,0,,,,,,,,
2984,663,RB bench,,7318,Gabe Nabers,RB,FA,24,75,235,Florida State,40,1997-11-05,2,False,Active,,,,,9999999,0.0,0.0,0.0,0.0,0.0,0.0,0.0,0.0,0.0,0.0,0.0,0.0,0.0,0.0,0.0,0.0,0.0,0.0,0.0,0.0,0.0,0.0,0.0,0.0,0.0,0.0,663,,0,,,,,,,,
870,187,RB depth,,11989,D.J. Williams,RB,FA,25,72,225,Arizona,30,1999-11-15,1,False,Inactive,Questionable,,,,999,0.0,0.0,0.0,0.0,0.0,0.0,0.0,0.0,0.0,0.0,0.0,0.0,0.0,1.0,0.0,0.0,0.0,0.0,0.0,0.0,0.0,0.0,0.0,0.0,0.0,0.0,664,170.0,1,0,517,,,170.0,,,-419
2986,326,QB bench,,2557,Jerry Lovelocke,QB,FA,32,77,200,Prairie View A&M,0,1992-10-08,10,False,Active,,,,,9999999,0.0,0.0,0.0,0.0,0.0,0.0,0.0,0.0,0.0,0.0,0.0,0.0,0.0,0.0,0.0,0.0,0.0,0.0,0.0,0.0,0.0,0.0,0.0,0.0,0.0,0.0,326,,0,,,,,,,,
871,313,WR depth,,8756,Brandon Johnson,WR,LV,28,74,195,UCF,82,1998-07-26,4,False,Active,,,,,999,0.0,0.0,0.0,0.0,0.0,0.0,0.0,0.0,0.0,0.0,0.0,0.0,0.0,3.0,1.9,0.63,0.0,0.0,0.0,0.0,0.0,0.0,1.0,1.0,9.0,0.0,1228,170.0,1,0,588,,,170.0,,,-349
2988,1229,WR bench,,6036,Ryan Davis,WR,FA,24,69,188,Auburn,19,1997-04-12,3,False,Active,,,,,9999999,0.0,0.0,0.0,0.0,0.0,0.0,0.0,0.0,0.0,0.0,0.0,0.0,0.0,0.0,0.0,0.0,0.0,0.0,0.0,0.0,0.0,0.0,0.0,0.0,0.0,0.0,1229,,0,,,,,,,,
2989,327,QB bench,,6596,Jalan McClendon,QB,FA,,72,219,Baylor,2,,3,False,Active,,,,,9999999,0.0,0.0,0.0,0.0,0.0,0.0,0.0,0.0,0.0,0.0,0.0,0.0,0.0,0.0,0.0,0.0,0.0,0.0,0.0,0.0,0.0,0.0,0.0,0.0,0.0,0.0,327,,0,,,,,,,,
2990,1230,WR bench,,3464,Marquez North,WR,FA,26,76,224,Tennessee,3,1995-04-21,6,False,Active,,,,,9999999,0.0,0.0,0.0,0.0,0.0,0.0,0.0,0.0,0.0,0.0,0.0,0.0,0.0,0.0,0.0,0.0,0.0,0.0,0.0,0.0,0.0,0.0,0.0,0.0,0.0,0.0,1230,,0,,,,,,,,
2991,1231,WR bench,,7546,Tre Nixon,WR,FA,26,74,190,UCF,82,1998-01-26,3,False,Active,,,,,9999999,0.0,0.0,0.0,0.0,0.0,0.0,0.0,0.0,0.0,0.0,0.0,0.0,0.0,0.0,0.0,0.0,0.0,0.0,0.0,0.0,0.0,0.0,0.0,0.0,0.0,0.0,1231,,0,,,,,,,,
2992,1232,WR bench,,2836,Kenny Cook,WR,FA,29,76,218,Gardner-Webb,0,1992-05-20,7,False,Active,,,,,9999999,0.0,0.0,0.0,0.0,0.0,0.0,0.0,0.0,0.0,0.0,0.0,0.0,0.0,0.0,0.0,0.0,0.0,0.0,0.0,0.0,0.0,0.0,0.0,0.0,0.0,0.0,1232,,0,,,,,,,,
872,188,RB depth,,11569,Jarquez Hunter,RB,LAR,23,70,211,Auburn,27,2002-12-29,1,False,Active,,,3,RB3,191,5.0,0.0,0.0,0.0,0.0,0.0,0.0,0.0,0.0,0.0,0.0,0.0,0.0,0.0,0.0,0.0,0.0,0.0,0.0,0.0,0.0,0.0,0.0,0.0,0.0,0.0,665,170.0,1,0,415,,,170.0,,,-523
2994,1233,WR bench,,5401,Armanti Foreman,WR,FA,,72,210,Texas,0,,4,False,Active,,,,,972,0.0,0.0,0.0,0.0,0.0,0.0,0.0,0.0,0.0,0.0,0.0,0.0,0.0,0.0,0.0,0.0,0.0,0.0,0.0,0.0,0.0,0.0,0.0,0.0,0.0,0.0,1233,,0,,,,,,,,
873,314,WR depth,,12114,Joshua Cephus,WR,FA,25,74,193,UTSA,18,2001-03-05,2,False,Active,,,,,493,0.0,0.0,0.0,0.0,0.0,0.0,0.0,0.0,0.0,0.0,0.0,0.0,0.0,1.0,0.0,0.0,0.0,0.0,0.0,0.0,0.0,0.0,0.0,0.0,0.0,0.0,1234,170.0,1,0,720,,,170.0,,,-219
2996,666,RB bench,,5586,Henry Poggi,RB,FA,27,76,244,Michigan,48,1994-08-09,4,False,Active,,,,,9999999,0.0,0.0,0.0,0.0,0.0,0.0,0.0,0.0,0.0,0.0,0.0,0.0,0.0,0.0,0.0,0.0,0.0,0.0,0.0,0.0,0.0,0.0,0.0,0.0,0.0,0.0,666,,0,,,,,,,,
2997,1235,WR bench,,4805,Pig Howard,WR,FA,28,68,180,Tennessee,17,1993-03-09,5,False,Active,,,,,9999999,0.0,0.0,0.0,0.0,0.0,0.0,0.0,0.0,0.0,0.0,0.0,0.0,0.0,0.0,0.0,0.0,0.0,0.0,0.0,0.0,0.0,0.0,0.0,0.0,0.0,0.0,1235,,0,,,,,,,,
2998,667,RB bench,,11538,Toriano Clinton,RB,FA,,68,191,Indianapolis,34,,1,False,Active,,,,,700,0.0,0.0,0.0,0.0,0.0,0.0,0.0,0.0,0.0,0.0,0.0,0.0,0.0,0.0,0.0,0.0,0.0,0.0,0.0,0.0,0.0,0.0,0.0,0.0,0.0,0.0,667,,0,,,,,,,,
2999,668,RB bench,,3803,Elijhaa Penny,RB,FA,28,74,234,Idaho,39,1993-08-17,6,False,Active,,,,,9999999,0.0,0.0,0.0,0.0,0.0,0.0,0.0,0.0,0.0,0.0,0.0,0.0,0.0,0.0,0.0,0.0,0.0,0.0,0.0,0.0,0.0,0.0,0.0,0.0,0.0,0.0,668,,0,,,,,,,,
3000,669,RB bench,,7079,Pete Guerriero,RB,FA,23,70,190,"Monmouth, N.J.",30,1998-07-13,2,False,Active,,,,,9999999,0.0,0.0,0.0,0.0,0.0,0.0,0.0,0.0,0.0,0.0,0.0,0.0,0.0,0.0,0.0,0.0,0.0,0.0,0.0,0.0,0.0,0.0,0.0,0.0,0.0,0.0,669,,0,,,,,,,,
3001,328,QB bench,,5709,Luis Perez,QB,FA,30,75,218,Texas A&M-Commerce,11,1994-08-26,6,False,Active,,,,,572,0.0,0.0,0.0,0.0,0.0,0.0,0.0,0.0,0.0,0.0,0.0,0.0,0.0,0.0,0.0,0.0,0.0,0.0,0.0,0.0,0.0,0.0,0.0,0.0,0.0,0.0,328,,0,,,,,,,,
3002,594,TE bench,,7015,Jacob Breeland,TE,FA,25,77,250,Oregon,0,1996-09-20,2,False,Active,,,,,1781,0.0,0.0,0.0,0.0,0.0,0.0,0.0,0.0,0.0,0.0,0.0,0.0,0.0,0.0,0.0,0.0,0.0,0.0,0.0,0.0,0.0,0.0,0.0,0.0,0.0,0.0,594,,0,,,,,,,,
874,178,TE depth,,13308,Bauer Sharp,TE,TB,23,77,246,LSU,84,2003-05-03,0,True,Active,,,3,TE3,999,0.0,0.0,0.0,0.0,0.0,0.0,0.0,0.0,0.0,0.0,0.0,0.0,0.0,0.0,0.0,0.0,0.0,0.0,0.0,0.0,0.0,0.0,0.0,0.0,0.0,0.0,595,170.0,1,0,670,,,170.0,,,-270
3004,1236,WR bench,,12097,Ayir Asante,WR,FA,23,72,178,Wyoming,,2001-02-27,1,False,Active,,,,,999,0.0,0.0,0.0,0.0,0.0,0.0,0.0,0.0,0.0,0.0,0.0,0.0,0.0,0.0,0.0,0.0,0.0,0.0,0.0,0.0,0.0,0.0,0.0,0.0,0.0,0.0,1236,,0,,,,,,,,
3005,670,RB bench,,6753,Derrick Gore,RB,FA,29,70,212,Louisiana-Monroe,38,1994-12-13,5,False,Active,,,,,444,0.0,0.0,0.0,0.0,0.0,0.0,0.0,0.0,0.0,0.0,0.0,0.0,0.0,0.0,0.0,0.0,0.0,0.0,0.0,0.0,0.0,0.0,0.0,0.0,0.0,0.0,670,,0,,,,,,,,
875,179,TE depth,,13319,Oscar Delp,TE,NO,23,76,245,Georgia,88,2003-08-04,0,True,Active,,,4,TE4,999,0.0,0.0,0.0,0.0,0.0,0.0,0.0,0.0,0.0,0.0,0.0,0.0,0.0,0.0,0.0,0.0,0.0,0.0,0.0,0.0,0.0,0.0,0.0,0.0,0.0,0.0,596,170.0,1,0,539,,,170.0,,,-402
3007,1237,WR bench,,6763,Reggie Begelton,WR,FA,28,74,200,Lamar,84,1993-08-31,2,False,Active,,,,,2015,0.0,0.0,0.0,0.0,0.0,0.0,0.0,0.0,0.0,0.0,0.0,0.0,0.0,0.0,0.0,0.0,0.0,0.0,0.0,0.0,0.0,0.0,0.0,0.0,0.0,0.0,1237,,0,,,,,,,,
3008,671,RB bench,,12166,Trey Potts,RB,FA,,69,215,Penn State,,,1,False,Active,,,,,9999999,0.0,0.0,0.0,0.0,0.0,0.0,0.0,0.0,0.0,0.0,0.0,0.0,0.0,0.0,0.0,0.0,0.0,0.0,0.0,0.0,0.0,0.0,0.0,0.0,0.0,0.0,671,,0,,,,,,,,
3009,329,QB bench,,6443,Eric Dungey,QB,FA,25,76,226,Syracuse,5,1996-06-12,3,False,Active,,,,,9999999,0.0,0.0,0.0,0.0,0.0,0.0,0.0,0.0,0.0,0.0,0.0,0.0,0.0,0.0,0.0,0.0,0.0,0.0,0.0,0.0,0.0,0.0,0.0,0.0,0.0,0.0,329,,0,,,,,,,,
3010,597,TE bench,,8102,DeShon Williams,TE,FA,,74,225,Washington,0,,1,False,Active,,,,,274,0.0,0.0,0.0,0.0,0.0,0.0,0.0,0.0,0.0,0.0,0.0,0.0,0.0,0.0,0.0,0.0,0.0,0.0,0.0,0.0,0.0,0.0,0.0,0.0,0.0,0.0,597,,0,,,,,,,,
1324,510,WR depth,,13862,Treyvhon Saunders,WR,HOU,,69,190,Colgate,14,,0,True,Active,,,,,9999999,0.0,0.0,0.0,0.0,0.0,0.0,0.0,0.0,0.0,0.0,0.0,0.0,0.0,0.0,0.0,0.0,0.0,0.0,0.0,0.0,0.0,0.0,0.0,0.0,0.0,0.0,1238,,0,,,,,,,,
3012,598,TE bench,,11197,Joel Honigford,TE,FA,25,76,259,Michigan,42,1998-04-27,1,False,Active,,,,,596,0.0,0.0,0.0,0.0,0.0,0.0,0.0,0.0,0.0,0.0,0.0,0.0,0.0,0.0,0.0,0.0,0.0,0.0,0.0,0.0,0.0,0.0,0.0,0.0,0.0,0.0,598,,0,,,,,,,,
3013,1239,WR bench,,8813,Anthony Turner,WR,FA,,76,205,Grand View,0,,1,False,Active,,,,,9999999,0.0,0.0,0.0,0.0,0.0,0.0,0.0,0.0,0.0,0.0,0.0,0.0,0.0,0.0,0.0,0.0,0.0,0.0,0.0,0.0,0.0,0.0,0.0,0.0,0.0,0.0,1239,,0,,,,,,,,
3014,1240,WR bench,,8421,Mike Harley,WR,FA,26,70,180,Miami (FL),4,1997-12-13,2,False,Active,,,,,418,0.0,0.0,0.0,0.0,0.0,0.0,0.0,0.0,0.0,0.0,0.0,0.0,0.0,0.0,0.0,0.0,0.0,0.0,0.0,0.0,0.0,0.0,0.0,0.0,0.0,0.0,1240,,0,,,,,,,,
3015,1241,WR bench,,2570,Donatella Luckett,WR,FA,34,72,211,Harding,0,1991-02-01,10,False,Active,,,,,9999999,0.0,0.0,0.0,0.0,0.0,0.0,0.0,0.0,0.0,0.0,0.0,0.0,0.0,0.0,0.0,0.0,0.0,0.0,0.0,0.0,0.0,0.0,0.0,0.0,0.0,0.0,1241,,0,,,,,,,,
3016,672,RB bench,,3570,Brandon Ross,RB,FA,32,70,210,Maryland,0,1992-11-09,9,False,Active,,,,,9999999,0.0,0.0,0.0,0.0,0.0,0.0,0.0,0.0,0.0,0.0,0.0,0.0,0.0,0.0,0.0,0.0,0.0,0.0,0.0,0.0,0.0,0.0,0.0,0.0,0.0,0.0,672,,0,,,,,,,,
3017,145,K bench,,3827,Aldrick Rosas,K,FA,27,74,221,Southern Oregon,13,1994-12-30,6,False,Active,,,,K1,314,0.0,0.0,0.0,0.0,0.0,0.0,0.0,0.0,0.0,0.0,0.0,0.0,0.0,0.0,0.0,0.0,0.0,0.0,0.0,0.0,0.0,0.0,0.0,0.0,0.0,0.0,145,,0,,,,,,,,
3018,599,TE bench,,12551,Colin Granger,TE,FA,,80,245,Coastal Carolina,,,2,False,Active,,,,,9999999,0.0,0.0,0.0,0.0,0.0,0.0,0.0,0.0,0.0,0.0,0.0,0.0,0.0,0.0,0.0,0.0,0.0,0.0,0.0,0.0,0.0,0.0,0.0,0.0,0.0,0.0,599,,0,,,,,,,,
3019,1242,WR bench,,11850,Jeff Foreman,WR,FA,25,72,186,Arkansas State,80,1999-12-26,1,False,Active,,,,,849,0.0,0.0,0.0,0.0,0.0,0.0,0.0,0.0,0.0,0.0,0.0,0.0,0.0,0.0,0.0,0.0,0.0,0.0,0.0,0.0,0.0,0.0,0.0,0.0,0.0,0.0,1242,,0,,,,,,,,
3020,330,QB bench,,6822,Jake Fromm,QB,FA,26,74,215,Georgia,18,1998-07-30,5,False,Active,,,,,9999999,0.0,0.0,0.0,0.0,0.0,0.0,0.0,0.0,0.0,0.0,0.0,0.0,0.0,0.0,0.0,0.0,0.0,0.0,0.0,0.0,0.0,0.0,0.0,0.0,0.0,0.0,330,,0,,,,,,,,
3021,1243,WR bench,,11419,Kade Warner,WR,FA,24,73,201,Kansas State,85,1998-09-29,1,False,Active,,,,,9999999,0.0,0.0,0.0,0.0,0.0,0.0,0.0,0.0,0.0,0.0,0.0,0.0,0.0,0.0,0.0,0.0,0.0,0.0,0.0,0.0,0.0,0.0,0.0,0.0,0.0,0.0,1243,,0,,,,,,,,
3022,1244,WR bench,,8892,Keric Wheatfall,WR,FA,23,73,194,Fresno State,0,1999-04-20,1,False,Active,,,,,520,0.0,0.0,0.0,0.0,0.0,0.0,0.0,0.0,0.0,0.0,0.0,0.0,0.0,0.0,0.0,0.0,0.0,0.0,0.0,0.0,0.0,0.0,0.0,0.0,0.0,0.0,1244,,0,,,,,,,,
876,315,WR depth,,8140,Justyn Ross,WR,FA,25,76,210,Clemson,82,1999-12-15,3,False,Active,,,,,559,0.0,0.0,0.0,0.0,0.0,0.0,0.0,0.0,0.0,0.0,0.0,0.0,0.0,2.0,0.0,0.0,0.0,0.0,0.0,0.0,0.0,0.0,0.0,1.0,0.0,0.0,1245,170.0,1,0,849,,,170.0,,,-93
1325,161,QB depth,,7110,Kelly Bryant,QB,FA,23,"6'3""",229,Missouri,,1996-09-25,0,True,Inactive,NA,,,,9999999,0.0,0.0,0.0,0.0,0.0,0.0,0.0,0.0,0.0,0.0,0.0,0.0,0.0,0.0,0.0,0.0,0.0,0.0,0.0,0.0,0.0,0.0,0.0,0.0,0.0,0.0,331,,0,,,,,,,,
877,316,WR depth,,11024,Grant DuBose,WR,FA,24,74,201,Charlotte,16,2001-06-20,2,False,Active,Questionable,,,,497,0.0,0.0,0.0,0.0,0.0,0.0,0.0,0.0,0.0,0.0,0.0,0.0,0.0,3.0,3.1,1.03,0.0,0.0,0.0,0.0,0.0,0.0,2.0,4.0,11.0,0.0,1246,170.0,1,0,703,,,170.0,,,-240
878,114,QB depth,,3362,Jeff Driskel,QB,FA,32,76,231,Louisiana Tech,15,1993-04-23,10,False,Active,,,,,999,0.0,0.0,0.0,0.0,0.0,0.0,0.0,0.0,0.0,0.0,0.0,0.0,0.0,1.0,0.0,0.0,0.0,0.0,0.0,0.0,0.0,0.0,0.0,0.0,0.0,0.0,332,170.0,1,0,922,,,170.0,,,-22
1326,296,RB depth,,13022,Sone Ntoh,RB,FA,,71,220,Monmouth,,,0,True,Active,,,,,999,0.0,0.0,0.0,0.0,0.0,0.0,0.0,0.0,0.0,0.0,0.0,0.0,0.0,0.0,0.0,0.0,0.0,0.0,0.0,0.0,0.0,0.0,0.0,0.0,0.0,0.0,673,,0,,,,,,,,
3028,333,QB bench,,4588,Kyle Sloter,QB,FA,28,76,218,Northern Colorado,4,1994-02-07,5,False,Active,,,,,334,0.0,0.0,0.0,0.0,0.0,0.0,0.0,0.0,0.0,0.0,0.0,0.0,0.0,0.0,0.0,0.0,0.0,0.0,0.0,0.0,0.0,0.0,0.0,0.0,0.0,0.0,333,,0,,,,,,,,
3029,334,QB bench,,4683,Aaron Bailey,QB,BAL,,"6'1""",230,Northern Iowa,8,,1,False,Active,,,4,QB4,9999999,0.0,0.0,0.0,0.0,0.0,0.0,0.0,0.0,0.0,0.0,0.0,0.0,0.0,0.0,0.0,0.0,0.0,0.0,0.0,0.0,0.0,0.0,0.0,0.0,0.0,0.0,334,,0,,,,,,,,
1327,71,K depth,,13842,Ethan Sanchez,K,FA,24,69,192,Houston,,2002-04-14,0,True,Active,,,,K1,9999999,0.0,0.0,0.0,0.0,0.0,0.0,0.0,0.0,0.0,0.0,0.0,0.0,0.0,0.0,0.0,0.0,0.0,0.0,0.0,0.0,0.0,0.0,0.0,0.0,0.0,0.0,146,,0,,,,,,,,
3031,1247,WR bench,,7309,Siaosi Mariner,WR,FA,24,74,195,Utah State,0,1997-01-25,2,False,Active,,,,,9999999,0.0,0.0,0.0,0.0,0.0,0.0,0.0,0.0,0.0,0.0,0.0,0.0,0.0,0.0,0.0,0.0,0.0,0.0,0.0,0.0,0.0,0.0,0.0,0.0,0.0,0.0,1247,,0,,,,,,,,
3032,1248,WR bench,,6155,Jaylen Smith,WR,FA,25,74,227,Louisville,0,1997-08-01,3,False,Active,,,,,9999999,0.0,0.0,0.0,0.0,0.0,0.0,0.0,0.0,0.0,0.0,0.0,0.0,0.0,0.0,0.0,0.0,0.0,0.0,0.0,0.0,0.0,0.0,0.0,0.0,0.0,0.0,1248,,0,,,,,,,,
1328,511,WR depth,,13222,Montana Lemonious-Craig,WR,FA,23,74,194,Arizona,,2002-07-29,0,True,Active,Questionable,,,,330,0.0,0.0,0.0,0.0,0.0,0.0,0.0,0.0,0.0,0.0,0.0,0.0,0.0,0.0,0.0,0.0,0.0,0.0,0.0,0.0,0.0,0.0,0.0,0.0,0.0,0.0,1249,,0,,,,,,,,
3034,600,TE bench,,1223,Garrett Celek,TE,FA,33,77,252,Michigan State,0,1988-05-29,10,False,Injured Reserve,,,,,689,0.0,0.0,0.0,0.0,0.0,0.0,0.0,0.0,0.0,0.0,0.0,0.0,0.0,0.0,0.0,0.0,0.0,0.0,0.0,0.0,0.0,0.0,0.0,0.0,0.0,0.0,600,,0,,,,,,,,
3035,147,K bench,,3460,Ross Martin,K,FA,28,70,180,Duke,7,1993-07-03,6,False,Active,,,,K1,9999999,0.0,0.0,0.0,0.0,0.0,0.0,0.0,0.0,0.0,0.0,0.0,0.0,0.0,0.0,0.0,0.0,0.0,0.0,0.0,0.0,0.0,0.0,0.0,0.0,0.0,0.0,147,,0,,,,,,,,
3036,335,QB bench,,333,Ryan Fitzpatrick,QB,FA,39,74,221,Harvard,14,1982-11-24,17,False,Active,,,,,9999999,0.0,0.0,0.0,0.0,0.0,0.0,0.0,0.0,0.0,0.0,0.0,0.0,0.0,0.0,0.0,0.0,0.0,0.0,0.0,0.0,0.0,0.0,0.0,0.0,0.0,0.0,335,,0,,,,,,,,
3037,1250,WR bench,,12746,JP Richardson,WR,CHI,24,71,192,TCU,83,2002-03-23,1,False,Active,,,6,WR6,999,1.0,0.0,0.0,0.0,0.0,0.0,0.0,0.0,0.0,0.0,0.0,0.0,0.0,0.0,0.0,0.0,0.0,0.0,0.0,0.0,0.0,0.0,0.0,0.0,0.0,0.0,1250,,0,,,,,,,,
3038,601,TE bench,,12443,Devon Garrison,TE,FA,,77,240,Pittsburg State,,,1,False,Active,,,,,357,0.0,0.0,0.0,0.0,0.0,0.0,0.0,0.0,0.0,0.0,0.0,0.0,0.0,0.0,0.0,0.0,0.0,0.0,0.0,0.0,0.0,0.0,0.0,0.0,0.0,0.0,601,,0,,,,,,,,
3039,674,RB bench,,11413,Ronnie Brown,RB,FA,23,71,187,Shepherd (WV),43,2000-04-12,1,False,Active,,,,,9999999,0.0,0.0,0.0,0.0,0.0,0.0,0.0,0.0,0.0,0.0,0.0,0.0,0.0,0.0,0.0,0.0,0.0,0.0,0.0,0.0,0.0,0.0,0.0,0.0,0.0,0.0,674,,0,,,,,,,,
3040,602,TE bench,,1425,Ryan Griffin,TE,FA,33,78,255,UConn,84,1990-01-11,10,False,Active,,,,,9999999,0.0,0.0,0.0,0.0,0.0,0.0,0.0,0.0,0.0,0.0,0.0,0.0,0.0,0.0,0.0,0.0,0.0,0.0,0.0,0.0,0.0,0.0,0.0,0.0,0.0,0.0,602,,0,,,,,,,,
3041,675,RB bench,,5918,Rodney Anderson,RB,FA,25,72,224,Oklahoma,33,1996-09-12,3,False,Inactive,,,,,1523,0.0,0.0,0.0,0.0,0.0,0.0,0.0,0.0,0.0,0.0,0.0,0.0,0.0,0.0,0.0,0.0,0.0,0.0,0.0,0.0,0.0,0.0,0.0,0.0,0.0,0.0,675,,0,,,,,,,,
3042,676,RB bench,,8242,Shermari Jones,RB,FA,,72,225,Coastal Carolina,0,,1,False,Active,,,,,9999999,0.0,0.0,0.0,0.0,0.0,0.0,0.0,0.0,0.0,0.0,0.0,0.0,0.0,0.0,0.0,0.0,0.0,0.0,0.0,0.0,0.0,0.0,0.0,0.0,0.0,0.0,676,,0,,,,,,,,
3043,677,RB bench,,1232,Robert Turbin,RB,FA,32,70,216,Utah State,34,1989-12-02,10,False,Active,,,,,9999999,0.0,0.0,0.0,0.0,0.0,0.0,0.0,0.0,0.0,0.0,0.0,0.0,0.0,0.0,0.0,0.0,0.0,0.0,0.0,0.0,0.0,0.0,0.0,0.0,0.0,0.0,677,,0,,,,,,,,
3044,678,RB bench,,5145,Luke McNitt,RB,FA,27,74,250,Nebraska,0,1994-04-20,4,False,Active,,,,,9999999,0.0,0.0,0.0,0.0,0.0,0.0,0.0,0.0,0.0,0.0,0.0,0.0,0.0,0.0,0.0,0.0,0.0,0.0,0.0,0.0,0.0,0.0,0.0,0.0,0.0,0.0,678,,0,,,,,,,,
3045,1251,WR bench,,3199,Michael Thomas,WR,FA,31,75,212,Ohio State,13,1993-03-03,8,False,Active,,,,,230,0.0,0.0,0.0,0.0,0.0,0.0,0.0,0.0,0.0,0.0,0.0,0.0,0.0,0.0,0.0,0.0,0.0,0.0,0.0,0.0,0.0,0.0,0.0,0.0,0.0,0.0,1251,,0,,,,,,,,
3046,148,K bench,,2818,Michael Palardy,K,FA,32,71,185,Tennessee,10,1992-07-06,11,False,Active,,,,K1,9999999,0.0,0.0,0.0,0.0,0.0,0.0,0.0,0.0,0.0,0.0,0.0,0.0,0.0,4.0,0.0,0.0,0.0,0.0,0.0,0.0,0.0,0.0,0.0,0.0,0.0,0.0,148,,0,,,,,,,,
1329,512,WR depth,,13351,Junior Vandeross,WR,FA,,68,182,,,,0,True,Active,,,,,,0.0,0.0,0.0,0.0,0.0,0.0,0.0,0.0,0.0,0.0,0.0,0.0,0.0,0.0,0.0,0.0,0.0,0.0,0.0,0.0,0.0,0.0,0.0,0.0,0.0,0.0,1252,,0,,,,,,,,
3048,1253,WR bench,,7085,Isaiah Coulter,WR,FA,24,74,198,Rhode Island,82,1998-09-18,3,False,Active,,,,,306,0.0,0.0,0.0,0.0,0.0,0.0,0.0,0.0,0.0,0.0,0.0,0.0,0.0,0.0,0.0,0.0,0.0,0.0,0.0,0.0,0.0,0.0,0.0,0.0,0.0,0.0,1253,,0,,,,,,,,
3049,679,RB bench,,8707,Tayon Fleet-Davis,RB,FA,,72,213,Maryland,0,,1,False,Active,,,,,301,0.0,0.0,0.0,0.0,0.0,0.0,0.0,0.0,0.0,0.0,0.0,0.0,0.0,0.0,0.0,0.0,0.0,0.0,0.0,0.0,0.0,0.0,0.0,0.0,0.0,0.0,679,,0,,,,,,,,
3050,680,RB bench,,4186,T.J. Logan,RB,FA,27,71,195,North Carolina,0,1994-09-03,5,False,Active,,,,,9999999,0.0,0.0,0.0,0.0,0.0,0.0,0.0,0.0,0.0,0.0,0.0,0.0,0.0,0.0,0.0,0.0,0.0,0.0,0.0,0.0,0.0,0.0,0.0,0.0,0.0,0.0,680,,0,,,,,,,,
1330,297,RB depth,,14021,Kadarius Calloway,RB,TB,,72,213,New Mexico State,49,,0,True,Active,,,,,9999999,0.0,0.0,0.0,0.0,0.0,0.0,0.0,0.0,0.0,0.0,0.0,0.0,0.0,0.0,0.0,0.0,0.0,0.0,0.0,0.0,0.0,0.0,0.0,0.0,0.0,0.0,681,,0,,,,,,,,
3052,682,RB bench,,12026,Kobe Lewis,RB,FA,24,69,208,Florida Atlantic,,2000-06-14,1,False,Active,,,,,369,0.0,0.0,0.0,0.0,0.0,0.0,0.0,0.0,0.0,0.0,0.0,0.0,0.0,0.0,0.0,0.0,0.0,0.0,0.0,0.0,0.0,0.0,0.0,0.0,0.0,0.0,682,,0,,,,,,,,
1331,258,TE depth,,8124,Player Invalid,TE,FA,,,,,,,0,True,Inactive,,,,,,0.0,0.0,0.0,0.0,0.0,0.0,0.0,0.0,0.0,0.0,0.0,0.0,0.0,0.0,0.0,0.0,0.0,0.0,0.0,0.0,0.0,0.0,0.0,0.0,0.0,0.0,603,,0,,,,,,,,
3054,1254,WR bench,,13153,Giles Jackson,WR,FA,24,69,187,Washington,,2001-12-11,1,False,Active,,,,,999,0.0,0.0,0.0,0.0,0.0,0.0,0.0,0.0,0.0,0.0,0.0,0.0,0.0,0.0,0.0,0.0,0.0,0.0,0.0,0.0,0.0,0.0,0.0,0.0,0.0,0.0,1254,,0,,,,,,,,
3055,1255,WR bench,,11105,Shaquan Davis,WR,FA,24,77,215,South Carolina State,82,2000-02-08,1,False,Active,,,,,539,0.0,0.0,0.0,0.0,0.0,0.0,0.0,0.0,0.0,0.0,0.0,0.0,0.0,0.0,0.0,0.0,0.0,0.0,0.0,0.0,0.0,0.0,0.0,0.0,0.0,0.0,1255,,0,,,,,,,,
3056,1256,WR bench,,8021,Branden Mack,WR,FA,23,77,220,Temple,86,1998-08-23,1,False,Active,,,,,,0.0,0.0,0.0,0.0,0.0,0.0,0.0,0.0,0.0,0.0,0.0,0.0,0.0,0.0,0.0,0.0,0.0,0.0,0.0,0.0,0.0,0.0,0.0,0.0,0.0,0.0,1256,,0,,,,,,,,
3057,1257,WR bench,,3078,Jamel Johnson,WR,FA,30,75,220,Alabama State,0,1991-07-09,6,False,Active,,,,,9999999,0.0,0.0,0.0,0.0,0.0,0.0,0.0,0.0,0.0,0.0,0.0,0.0,0.0,0.0,0.0,0.0,0.0,0.0,0.0,0.0,0.0,0.0,0.0,0.0,0.0,0.0,1257,,0,,,,,,,,
1332,513,WR depth,,4928,Anas Hasic,WR,FA,,71,215,West Florida,0,,0,True,Active,,,,,9999999,0.0,0.0,0.0,0.0,0.0,0.0,0.0,0.0,0.0,0.0,0.0,0.0,0.0,0.0,0.0,0.0,0.0,0.0,0.0,0.0,0.0,0.0,0.0,0.0,0.0,0.0,1258,,0,,,,,,,,
3059,1259,WR bench,,312,Matthew Slater,WR,FA,38,72,205,UCLA,18,1985-09-09,16,False,Active,,,,,9999999,0.0,0.0,0.0,0.0,0.0,0.0,0.0,0.0,0.0,0.0,0.0,0.0,0.0,0.0,0.0,0.0,0.0,0.0,0.0,0.0,0.0,0.0,0.0,0.0,0.0,0.0,1259,,0,,,,,,,,
3060,683,RB bench,,7227,Artavis Pierce,RB,FA,25,71,208,Oregon State,0,1996-05-17,2,False,Active,,,,,9999999,0.0,0.0,0.0,0.0,0.0,0.0,0.0,0.0,0.0,0.0,0.0,0.0,0.0,0.0,0.0,0.0,0.0,0.0,0.0,0.0,0.0,0.0,0.0,0.0,0.0,0.0,683,,0,,,,,,,,
879,189,RB depth,,9227,Israel Abanikanda,RB,DAL,23,70,217,Pittsburgh,30,2002-10-05,3,False,Active,,,5,RB5,999,0.0,0.0,0.0,0.0,0.0,0.0,0.0,0.0,0.0,0.0,0.0,0.0,0.0,0.0,0.0,0.0,0.0,0.0,0.0,0.0,0.0,0.0,0.0,0.0,0.0,0.0,684,170.0,1,0,411,,,170.0,,,-534
3062,685,RB bench,,11222,Marcus Cooper,RB,FA,,68,184,Incarnate Word,0,,1,False,Active,,,,,9999999,0.0,0.0,0.0,0.0,0.0,0.0,0.0,0.0,0.0,0.0,0.0,0.0,0.0,0.0,0.0,0.0,0.0,0.0,0.0,0.0,0.0,0.0,0.0,0.0,0.0,0.0,685,,0,,,,,,,,
1333,298,RB depth,,13831,Kevorian Barnes,RB,FA,,69,220,TCU,,,0,True,Active,,,,,9999999,0.0,0.0,0.0,0.0,0.0,0.0,0.0,0.0,0.0,0.0,0.0,0.0,0.0,0.0,0.0,0.0,0.0,0.0,0.0,0.0,0.0,0.0,0.0,0.0,0.0,0.0,686,,0,,,,,,,,
3064,687,RB bench,,6592,Dontae Strickland,RB,FA,24,71,201,Syracuse,34,1997-03-22,3,False,Active,,,,,9999999,0.0,0.0,0.0,0.0,0.0,0.0,0.0,0.0,0.0,0.0,0.0,0.0,0.0,0.0,0.0,0.0,0.0,0.0,0.0,0.0,0.0,0.0,0.0,0.0,0.0,0.0,687,,0,,,,,,,,
3065,604,TE bench,,12237,Lincoln Sefcik,TE,FA,25,75,238,South Alabama,,1999-07-14,1,False,Active,,,,,9999999,0.0,0.0,0.0,0.0,0.0,0.0,0.0,0.0,0.0,0.0,0.0,0.0,0.0,0.0,0.0,0.0,0.0,0.0,0.0,0.0,0.0,0.0,0.0,0.0,0.0,0.0,604,,0,,,,,,,,
3066,605,TE bench,,6834,Jared Pinkney,TE,FA,26,76,257,Vanderbilt,46,1997-08-21,3,False,Inactive,,,,,613,0.0,0.0,0.0,0.0,0.0,0.0,0.0,0.0,0.0,0.0,0.0,0.0,0.0,0.0,0.0,0.0,0.0,0.0,0.0,0.0,0.0,0.0,0.0,0.0,0.0,0.0,605,,0,,,,,,,,
3067,1260,WR bench,,3380,Devin Lucien,WR,FA,28,74,195,Arizona State,10,1993-06-26,6,False,Active,,,,,9999999,0.0,0.0,0.0,0.0,0.0,0.0,0.0,0.0,0.0,0.0,0.0,0.0,0.0,0.0,0.0,0.0,0.0,0.0,0.0,0.0,0.0,0.0,0.0,0.0,0.0,0.0,1260,,0,,,,,,,,
3068,149,K bench,,8577,James McCourt,K,FA,25,73,216,Illinois,14,1997-11-09,1,False,Active,,,,K1,9999999,0.0,0.0,0.0,0.0,0.0,0.0,0.0,0.0,0.0,0.0,0.0,0.0,0.0,0.0,0.0,0.0,0.0,0.0,0.0,0.0,0.0,0.0,0.0,0.0,0.0,0.0,149,,0,,,,,,,,
3069,1261,WR bench,,8185,Johnny Johnson,WR,FA,26,73,199,Oregon,88,1999-05-04,3,False,Inactive,,,,,9999999,0.0,0.0,0.0,0.0,0.0,0.0,0.0,0.0,0.0,0.0,0.0,0.0,0.0,0.0,0.0,0.0,0.0,0.0,0.0,0.0,0.0,0.0,0.0,0.0,0.0,0.0,1261,,0,,,,,,,,
3070,1262,WR bench,,6384,Justin Sumpter,WR,FA,25,75,217,Kennesaw State,0,1996-05-22,3,False,Active,,,,,9999999,0.0,0.0,0.0,0.0,0.0,0.0,0.0,0.0,0.0,0.0,0.0,0.0,0.0,0.0,0.0,0.0,0.0,0.0,0.0,0.0,0.0,0.0,0.0,0.0,0.0,0.0,1262,,0,,,,,,,,
1334,299,RB depth,,12464,Player Invalid,RB,FA,,,,,,,0,True,Inactive,,,,,,0.0,0.0,0.0,0.0,0.0,0.0,0.0,0.0,0.0,0.0,0.0,0.0,0.0,0.0,0.0,0.0,0.0,0.0,0.0,0.0,0.0,0.0,0.0,0.0,0.0,0.0,688,,0,,,,,,,,
3072,606,TE bench,,11113,Joel Wilson,TE,TEN,26,76,245,Central Michigan,83,2000-06-21,3,False,Active,,,4,TE4,9999999,0.0,0.0,0.0,0.0,0.0,0.0,0.0,0.0,0.0,0.0,0.0,0.0,0.0,0.0,0.0,0.0,0.0,0.0,0.0,0.0,0.0,0.0,0.0,0.0,0.0,0.0,606,,0,,,,,,,,
3073,1263,WR bench,,12133,Drake Stoops,WR,FA,26,70,189,Oklahoma,6,1999-06-16,1,False,Active,,,,,651,0.0,0.0,0.0,0.0,0.0,0.0,0.0,0.0,0.0,0.0,0.0,0.0,0.0,0.0,0.0,0.0,0.0,0.0,0.0,0.0,0.0,0.0,0.0,0.0,0.0,0.0,1263,,0,,,,,,,,
1335,514,WR depth,,1652,Terrell Sinkfield,WR,FA,31,73,195,Northern Iowa,24,1990-12-10,9,False,Active,,,3,WR3,9999999,0.0,0.0,0.0,0.0,0.0,0.0,0.0,0.0,0.0,0.0,0.0,0.0,0.0,0.0,0.0,0.0,0.0,0.0,0.0,0.0,0.0,0.0,0.0,0.0,0.0,0.0,1264,,0,,,,,,,,
3075,1265,WR bench,,5924,Emanuel Hall,WR,FA,24,75,195,Missouri,80,1997-05-21,3,False,Inactive,,,,,279,0.0,0.0,0.0,0.0,0.0,0.0,0.0,0.0,0.0,0.0,0.0,0.0,0.0,0.0,0.0,0.0,0.0,0.0,0.0,0.0,0.0,0.0,0.0,0.0,0.0,0.0,1265,,0,,,,,,,,
3076,1266,WR bench,,2931,Deshon Foxx,WR,FA,29,70,173,Connecticut,0,1992-11-27,7,False,Active,,,,,9999999,0.0,0.0,0.0,0.0,0.0,0.0,0.0,0.0,0.0,0.0,0.0,0.0,0.0,0.0,0.0,0.0,0.0,0.0,0.0,0.0,0.0,0.0,0.0,0.0,0.0,0.0,1266,,0,,,,,,,,
3077,689,RB bench,,5273,Kamryn Pettway,RB,FA,26,72,235,Auburn,0,1995-12-20,4,False,Active,,,,,964,0.0,0.0,0.0,0.0,0.0,0.0,0.0,0.0,0.0,0.0,0.0,0.0,0.0,0.0,0.0,0.0,0.0,0.0,0.0,0.0,0.0,0.0,0.0,0.0,0.0,0.0,689,,0,,,,,,,,
1336,162,QB depth,,12466,Player Invalid,QB,FA,,,,,,,0,True,Inactive,,,,,,0.0,0.0,0.0,0.0,0.0,0.0,0.0,0.0,0.0,0.0,0.0,0.0,0.0,0.0,0.0,0.0,0.0,0.0,0.0,0.0,0.0,0.0,0.0,0.0,0.0,0.0,336,,0,,,,,,,,
3079,607,TE bench,,7481,Chase Harrell,TE,FA,25,76,249,Arkansas,0,1996-05-16,2,False,Active,,,,,9999999,0.0,0.0,0.0,0.0,0.0,0.0,0.0,0.0,0.0,0.0,0.0,0.0,0.0,0.0,0.0,0.0,0.0,0.0,0.0,0.0,0.0,0.0,0.0,0.0,0.0,0.0,607,,0,,,,,,,,
3080,337,QB bench,,5228,J.T. Barrett,QB,FA,26,74,225,Ohio State,16,1995-01-23,4,False,Active,,,,,9999999,0.0,0.0,0.0,0.0,0.0,0.0,0.0,0.0,0.0,0.0,0.0,0.0,0.0,0.0,0.0,0.0,0.0,0.0,0.0,0.0,0.0,0.0,0.0,0.0,0.0,0.0,337,,0,,,,,,,,
3081,608,TE bench,,3465,Ben Braunecker,TE,FA,27,75,247,Harvard,0,1994-02-07,6,False,Active,,,,,1054,0.0,0.0,0.0,0.0,0.0,0.0,0.0,0.0,0.0,0.0,0.0,0.0,0.0,0.0,0.0,0.0,0.0,0.0,0.0,0.0,0.0,0.0,0.0,0.0,0.0,0.0,608,,0,,,,,,,,
3082,1267,WR bench,,12892,Da'Quan Felton,WR,NYJ,25,77,216,Virginia Tech,30,2001-01-13,1,False,Active,Questionable,,,,9999999,0.0,0.0,0.0,0.0,0.0,0.0,0.0,0.0,0.0,0.0,0.0,0.0,0.0,0.0,0.0,0.0,0.0,0.0,0.0,0.0,0.0,0.0,0.0,0.0,0.0,0.0,1267,,0,,,,,,,,
3083,1268,WR bench,,2753,Rasheed Bailey,WR,FA,28,74,205,Delaware Valley,16,1993-07-29,7,False,Active,,,,,9999999,0.0,0.0,0.0,0.0,0.0,0.0,0.0,0.0,0.0,0.0,0.0,0.0,0.0,0.0,0.0,0.0,0.0,0.0,0.0,0.0,0.0,0.0,0.0,0.0,0.0,0.0,1268,,0,,,,,,,,
1337,300,RB depth,,13996,Trent Howland,RB,FA,,74,247,Oklahoma State,,,0,True,Active,,,,,9999999,0.0,0.0,0.0,0.0,0.0,0.0,0.0,0.0,0.0,0.0,0.0,0.0,0.0,0.0,0.0,0.0,0.0,0.0,0.0,0.0,0.0,0.0,0.0,0.0,0.0,0.0,690,,0,,,,,,,,
3085,1269,WR bench,,2412,Justin Hardy,WR,FA,30,70,192,East Carolina,6,1991-12-18,7,False,Active,,,,,888,0.0,0.0,0.0,0.0,0.0,0.0,0.0,0.0,0.0,0.0,0.0,0.0,0.0,0.0,0.0,0.0,0.0,0.0,0.0,0.0,0.0,0.0,0.0,0.0,0.0,0.0,1269,,0,,,,,,,,
3086,609,TE bench,,2932,Eric Frohnapfel,TE,FA,32,79,235,Marshall,0,1992-10-19,10,False,Active,,,,,9999999,0.0,0.0,0.0,0.0,0.0,0.0,0.0,0.0,0.0,0.0,0.0,0.0,0.0,0.0,0.0,0.0,0.0,0.0,0.0,0.0,0.0,0.0,0.0,0.0,0.0,0.0,609,,0,,,,,,,,
3087,1270,WR bench,,2312,Kevin White,WR,FA,30,75,216,West Virginia,17,1992-06-25,8,False,Active,,,,,9999999,0.0,0.0,0.0,0.0,0.0,0.0,0.0,0.0,0.0,0.0,0.0,0.0,0.0,0.0,0.0,0.0,0.0,0.0,0.0,0.0,0.0,0.0,0.0,0.0,0.0,0.0,1270,,0,,,,,,,,
3088,1271,WR bench,,6805,KJ Hamler,WR,FA,26,69,178,Penn State,19,1999-07-08,5,False,Active,,,,,678,0.0,0.0,0.0,0.0,0.0,0.0,0.0,0.0,0.0,0.0,0.0,0.0,0.0,0.0,0.0,0.0,0.0,0.0,0.0,0.0,0.0,0.0,0.0,0.0,0.0,0.0,1271,,0,,,,,,,,
3089,610,TE bench,,7733,Josh Pederson,TE,FA,26,77,235,Louisiana-Monroe,87,1997-09-22,3,False,Inactive,,,,,380,0.0,0.0,0.0,0.0,0.0,0.0,0.0,0.0,0.0,0.0,0.0,0.0,0.0,0.0,0.0,0.0,0.0,0.0,0.0,0.0,0.0,0.0,0.0,0.0,0.0,0.0,610,,0,,,,,,,,
1338,301,RB depth,,13930,Jordon Vaughn,RB,FA,,75,235,Abilene Christian,42,,0,True,Active,,,,,9999999,0.0,0.0,0.0,0.0,0.0,0.0,0.0,0.0,0.0,0.0,0.0,0.0,0.0,0.0,0.0,0.0,0.0,0.0,0.0,0.0,0.0,0.0,0.0,0.0,0.0,0.0,691,,0,,,,,,,,
180,68,WR depth,,9502,Tank Dell,WR,HOU,26,70,165,Houston,1,1999-10-29,3,False,Active,Questionable,Surgery,3,WR3,187,0.0,0.0,0.0,0.0,0.0,0.0,0.0,0.0,0.0,0.0,0.0,0.0,0.0,14.0,140.0,10.0,0.0,0.0,0.0,9.0,43.0,0.0,51.0,81.0,667.0,3.0,1272,161.9,2,26,178,,155.1,168.7,,,-768
3092,150,K bench,,110,Stephen Gostkowski,K,FA,37,73,215,Memphis,3,1984-01-28,16,False,Inactive,,,,K1,172,0.0,0.0,0.0,0.0,0.0,0.0,0.0,0.0,0.0,0.0,0.0,0.0,0.0,0.0,0.0,0.0,0.0,0.0,0.0,0.0,0.0,0.0,0.0,0.0,0.0,0.0,150,,0,,,,,,,,
3093,1273,WR bench,,11456,Tre'Shaun Harrison,WR,FA,24,71,188,Oregon State,82,2000-06-26,1,False,Inactive,,,,,611,0.0,0.0,0.0,0.0,0.0,0.0,0.0,0.0,0.0,0.0,0.0,0.0,0.0,0.0,0.0,0.0,0.0,0.0,0.0,0.0,0.0,0.0,0.0,0.0,0.0,0.0,1273,,0,,,,,,,,
3094,151,K bench,,5397,Trevor Moore,K,FA,27,71,187,North Texas,0,1994-10-31,4,False,Active,,,,K1,953,0.0,0.0,0.0,0.0,0.0,0.0,0.0,0.0,0.0,0.0,0.0,0.0,0.0,0.0,0.0,0.0,0.0,0.0,0.0,0.0,0.0,0.0,0.0,0.0,0.0,0.0,151,,0,,,,,,,,
3095,338,QB bench,,8199,D'Eriq King,QB,FA,25,71,200,Miami (FL),0,1997-08-24,2,False,Active,,,,,379,0.0,0.0,0.0,0.0,0.0,0.0,0.0,0.0,0.0,0.0,0.0,0.0,0.0,0.0,0.0,0.0,0.0,0.0,0.0,0.0,0.0,0.0,0.0,0.0,0.0,0.0,338,,0,,,,,,,,
1339,259,TE depth,,13014,Pat Conroy,TE,FA,,74,235,Old Dominion,,,0,True,Active,,,,,9999999,0.0,0.0,0.0,0.0,0.0,0.0,0.0,0.0,0.0,0.0,0.0,0.0,0.0,0.0,0.0,0.0,0.0,0.0,0.0,0.0,0.0,0.0,0.0,0.0,0.0,0.0,611,,0,,,,,,,,
3097,1274,WR bench,,11886,Tulu Griffin,WR,FA,24,70,181,Mississippi State,22,2001-01-23,1,False,Active,,,,,799,0.0,0.0,0.0,0.0,0.0,0.0,0.0,0.0,0.0,0.0,0.0,0.0,0.0,0.0,0.0,0.0,0.0,0.0,0.0,0.0,0.0,0.0,0.0,0.0,0.0,0.0,1274,,0,,,,,,,,
3098,1275,WR bench,,8178,Braylon Sanders,WR,FA,26,73,190,Ole Miss,80,1999-01-21,3,False,Active,,,,,582,0.0,0.0,0.0,0.0,0.0,0.0,0.0,0.0,0.0,0.0,0.0,0.0,0.0,0.0,0.0,0.0,0.0,0.0,0.0,0.0,0.0,0.0,0.0,0.0,0.0,0.0,1275,,0,,,,,,,,
3099,692,RB bench,,3969,Leonard Fournette,RB,FA,28,72,228,LSU,5,1995-01-18,7,False,Active,,,,,235,0.0,0.0,0.0,0.0,0.0,0.0,0.0,0.0,0.0,0.0,0.0,0.0,0.0,0.0,0.0,0.0,0.0,0.0,0.0,0.0,0.0,0.0,0.0,0.0,0.0,0.0,692,,0,,,,,,,,
3100,339,QB bench,,11932,Mike DiLiello,QB,FA,,73,215,Austin Peay,,,1,False,Active,,,,,9999999,0.0,0.0,0.0,0.0,0.0,0.0,0.0,0.0,0.0,0.0,0.0,0.0,0.0,0.0,0.0,0.0,0.0,0.0,0.0,0.0,0.0,0.0,0.0,0.0,0.0,0.0,339,,0,,,,,,,,
3101,612,TE bench,,12975,JJ Galbreath,TE,PIT,25,76,231,South Dakota,45,2001-08-05,1,False,Active,,,,,999,0.0,0.0,0.0,0.0,0.0,0.0,0.0,0.0,0.0,0.0,0.0,0.0,0.0,0.0,0.0,0.0,0.0,0.0,0.0,0.0,0.0,0.0,0.0,0.0,0.0,0.0,612,,0,,,,,,,,
3102,1276,WR bench,,5612,Anthony Mahoungou,WR,FA,27,75,210,Purdue,6,1994-02-12,4,False,Active,,,,,9999999,0.0,0.0,0.0,0.0,0.0,0.0,0.0,0.0,0.0,0.0,0.0,0.0,0.0,0.0,0.0,0.0,0.0,0.0,0.0,0.0,0.0,0.0,0.0,0.0,0.0,0.0,1276,,0,,,,,,,,
3103,613,TE bench,,12340,Alex Larson,TE,FA,,79,240,St. John’s,,,1,False,Active,,,,,9999999,0.0,0.0,0.0,0.0,0.0,0.0,0.0,0.0,0.0,0.0,0.0,0.0,0.0,0.0,0.0,0.0,0.0,0.0,0.0,0.0,0.0,0.0,0.0,0.0,0.0,0.0,613,,0,,,,,,,,
880,190,RB depth,,11378,Jordan Mims,RB,MIN,27,72,205,Fresno State,17,1999-06-16,3,False,Active,,,,,999,1.0,0.0,0.0,0.0,0.0,0.0,0.0,0.0,0.0,0.0,0.0,0.0,0.0,11.0,26.1,2.37,0.0,0.0,0.0,20.0,70.0,0.0,12.0,18.0,71.0,0.0,693,170.0,1,0,615,,,170.0,,,-332
3105,1277,WR bench,,6047,Dillon Mitchell,WR,FA,24,73,202,Oregon,13,1997-05-16,3,False,Inactive,,,,,1577,0.0,0.0,0.0,0.0,0.0,0.0,0.0,0.0,0.0,0.0,0.0,0.0,0.0,0.0,0.0,0.0,0.0,0.0,0.0,0.0,0.0,0.0,0.0,0.0,0.0,0.0,1277,,0,,,,,,,,
3106,1278,WR bench,,3515,K.J. Maye,WR,FA,27,70,194,Minnesota,19,1994-02-25,6,False,Active,,,,,9999999,0.0,0.0,0.0,0.0,0.0,0.0,0.0,0.0,0.0,0.0,0.0,0.0,0.0,0.0,0.0,0.0,0.0,0.0,0.0,0.0,0.0,0.0,0.0,0.0,0.0,0.0,1278,,0,,,,,,,,
881,180,TE depth,,8214,Cole Turner,TE,MIA,26,78,240,Nevada,87,2000-03-16,4,False,Active,,,5,TE5,999,1.0,0.0,0.0,0.0,0.0,0.0,0.0,0.0,0.0,0.0,0.0,0.0,0.0,0.0,0.0,0.0,0.0,0.0,0.0,0.0,0.0,0.0,0.0,0.0,0.0,0.0,614,170.0,1,0,573,,,170.0,,,-375
3108,694,RB bench,,13145,ShunDerrick Powell,RB,FA,23,67,183,Central Arkansas,34,2002-05-16,1,False,Active,,,,,999,0.0,0.0,0.0,0.0,0.0,0.0,0.0,0.0,0.0,0.0,0.0,0.0,0.0,0.0,0.0,0.0,0.0,0.0,0.0,0.0,0.0,0.0,0.0,0.0,0.0,0.0,694,,0,,,,,,,,
1340,163,QB depth,,5270,Riley Ferguson,QB,FA,31,76,210,Memphis,0,1995-01-19,0,True,Active,,,,,9999999,0.0,0.0,0.0,0.0,0.0,0.0,0.0,0.0,0.0,0.0,0.0,0.0,0.0,0.0,0.0,0.0,0.0,0.0,0.0,0.0,0.0,0.0,0.0,0.0,0.0,0.0,340,,0,,,,,,,,
3110,615,TE bench,,8039,Jibri Blount,TE,FA,25,79,230,North Carolina Central,0,1996-10-21,1,False,Active,,,,,,0.0,0.0,0.0,0.0,0.0,0.0,0.0,0.0,0.0,0.0,0.0,0.0,0.0,0.0,0.0,0.0,0.0,0.0,0.0,0.0,0.0,0.0,0.0,0.0,0.0,0.0,615,,0,,,,,,,,
3111,1279,WR bench,,4815,Brian Riley,WR,FA,26,75,200,San Diego,14,1995-08-22,5,False,Active,,,,,9999999,0.0,0.0,0.0,0.0,0.0,0.0,0.0,0.0,0.0,0.0,0.0,0.0,0.0,0.0,0.0,0.0,0.0,0.0,0.0,0.0,0.0,0.0,0.0,0.0,0.0,0.0,1279,,0,,,,,,,,
1341,515,WR depth,,11613,Player Invalid,WR,FA,,,,,,,0,True,Inactive,,,,,,0.0,0.0,0.0,0.0,0.0,0.0,0.0,0.0,0.0,0.0,0.0,0.0,0.0,0.0,0.0,0.0,0.0,0.0,0.0,0.0,0.0,0.0,0.0,0.0,0.0,0.0,1280,,0,,,,,,,,
882,191,RB depth,,4149,Jamaal Williams,RB,FA,29,72,224,BYU,21,1995-04-03,8,False,Active,,,,,259,0.0,0.0,0.0,0.0,0.0,0.0,0.0,0.0,0.0,0.0,0.0,0.0,0.0,14.0,37.1,2.65,0.0,0.0,0.0,48.0,164.0,1.0,9.0,11.0,57.0,0.0,695,170.0,1,0,887,,,170.0,,,-62
3114,616,TE bench,,2214,Cameron Brate,TE,FA,31,77,245,Harvard,84,1991-07-03,9,False,Active,,,,,367,0.0,0.0,0.0,0.0,0.0,0.0,0.0,0.0,0.0,0.0,0.0,0.0,0.0,0.0,0.0,0.0,0.0,0.0,0.0,0.0,0.0,0.0,0.0,0.0,0.0,0.0,616,,0,,,,,,,,
358,49,QB depth,,4017,Deshaun Watson,QB,CLE,30,75,223,Clemson,4,1995-09-14,9,False,Active,,,2,QB2,397,0.0,0.0,0.0,0.0,0.0,0.0,0.0,0.0,0.0,0.0,0.0,0.0,0.0,7.0,79.72,11.39,1148.0,5.0,3.0,31.0,148.0,1.0,0.0,0.0,0.0,0.0,341,169.9,1,0,324,,,169.9,,,-626
883,317,WR depth,,13011,Brennan Presley,WR,LAR,24,68,174,Oklahoma State,81,2002-02-02,1,False,Active,,,,,999,1.0,0.0,0.0,0.0,0.0,0.0,0.0,0.0,0.0,0.0,0.0,0.0,0.0,0.0,0.0,0.0,0.0,0.0,0.0,0.0,0.0,0.0,0.0,0.0,0.0,0.0,1281,170.0,1,0,798,,,170.0,,,-153
3117,1282,WR bench,,5310,Antonio Callaway,WR,FA,26,71,200,Florida,80,1997-01-09,5,False,Active,,,,,9999999,0.0,0.0,0.0,0.0,0.0,0.0,0.0,0.0,0.0,0.0,0.0,0.0,0.0,0.0,0.0,0.0,0.0,0.0,0.0,0.0,0.0,0.0,0.0,0.0,0.0,0.0,1282,,0,,,,,,,,
3118,1283,WR bench,,2044,Brelan Chancellor,WR,FA,33,68,183,North Texas,0,1992-08-06,12,False,Active,,,,,9999999,0.0,0.0,0.0,0.0,0.0,0.0,0.0,0.0,0.0,0.0,0.0,0.0,0.0,0.0,0.0,0.0,0.0,0.0,0.0,0.0,0.0,0.0,0.0,0.0,0.0,0.0,1283,,0,,,,,,,,
884,318,WR depth,,13329,Malik Benson,WR,LV,23,73,195,Oregon,19,2002-10-17,0,True,Active,,,5,WR5,999,0.0,0.0,0.0,0.0,0.0,0.0,0.0,0.0,0.0,0.0,0.0,0.0,0.0,0.0,0.0,0.0,0.0,0.0,0.0,0.0,0.0,0.0,0.0,0.0,0.0,0.0,1284,170.0,1,0,391,,,170.0,,,-561
3120,617,TE bench,,4768,Adam Zaruba,TE,FA,30,77,265,Simon Fraser,80,1991-03-03,5,False,Inactive,,,,,9999999,0.0,0.0,0.0,0.0,0.0,0.0,0.0,0.0,0.0,0.0,0.0,0.0,0.0,0.0,0.0,0.0,0.0,0.0,0.0,0.0,0.0,0.0,0.0,0.0,0.0,0.0,617,,0,,,,,,,,
3121,1285,WR bench,,902,Dwayne Harris,WR,FA,34,70,215,East Carolina,82,1987-09-16,11,False,Inactive,,,,,639,0.0,0.0,0.0,0.0,0.0,0.0,0.0,0.0,0.0,0.0,0.0,0.0,0.0,0.0,0.0,0.0,0.0,0.0,0.0,0.0,0.0,0.0,0.0,0.0,0.0,0.0,1285,,0,,,,,,,,
3122,696,RB bench,,7098,Ty'Son Williams,RB,FA,26,72,220,BYU,22,1996-09-04,3,False,Active,,,,,642,0.0,0.0,0.0,0.0,0.0,0.0,0.0,0.0,0.0,0.0,0.0,0.0,0.0,0.0,0.0,0.0,0.0,0.0,0.0,0.0,0.0,0.0,0.0,0.0,0.0,0.0,696,,0,,,,,,,,
3123,1286,WR bench,,8632,JaVonta Payton,WR,FA,24,72,175,Tennessee,0,1998-10-07,1,False,Active,,,,,353,0.0,0.0,0.0,0.0,0.0,0.0,0.0,0.0,0.0,0.0,0.0,0.0,0.0,0.0,0.0,0.0,0.0,0.0,0.0,0.0,0.0,0.0,0.0,0.0,0.0,0.0,1286,,0,,,,,,,,
885,192,RB depth,,7809,Avery Williams,RB,FA,27,69,195,Boise State,39,1998-07-15,4,False,Active,,,,,648,1.0,0.0,0.0,0.0,0.0,0.0,0.0,0.0,0.0,0.0,0.0,0.0,0.0,17.0,0.0,0.0,0.0,0.0,0.0,0.0,0.0,0.0,0.0,0.0,0.0,0.0,697,170.0,1,0,838,,,170.0,,,-115
3125,152,K bench,,3890,Devon Bell,K,FA,31,74,190,Mississippi State,0,1993-07-04,9,False,Active,,,,K1,9999999,0.0,0.0,0.0,0.0,0.0,0.0,0.0,0.0,0.0,0.0,0.0,0.0,0.0,0.0,0.0,0.0,0.0,0.0,0.0,0.0,0.0,0.0,0.0,0.0,0.0,0.0,152,,0,,,,,,,,
1342,260,TE depth,,13630,Evan Svoboda,TE,LAC,23,77,251,Wyoming,49,2003-03-31,0,True,Active,,,,,9999999,0.0,0.0,0.0,0.0,0.0,0.0,0.0,0.0,0.0,0.0,0.0,0.0,0.0,0.0,0.0,0.0,0.0,0.0,0.0,0.0,0.0,0.0,0.0,0.0,0.0,0.0,618,,0,,,,,,,,
1343,302,RB depth,,13778,EJ Smith,RB,KC,24,71,211,Texas A&M,35,2002-05-15,0,True,Active,,,,,9999999,0.0,0.0,0.0,0.0,0.0,0.0,0.0,0.0,0.0,0.0,0.0,0.0,0.0,0.0,0.0,0.0,0.0,0.0,0.0,0.0,0.0,0.0,0.0,0.0,0.0,0.0,698,,0,,,,,,,,
1344,261,TE depth,,13772,Eni Falayi,TE,FA,,76,240,Wake Forest,,,0,True,Active,,,,,9999999,0.0,0.0,0.0,0.0,0.0,0.0,0.0,0.0,0.0,0.0,0.0,0.0,0.0,0.0,0.0,0.0,0.0,0.0,0.0,0.0,0.0,0.0,0.0,0.0,0.0,0.0,619,,0,,,,,,,,
3129,342,QB bench,,8579,Brandon Peters,QB,FA,25,76,228,Illinois,0,1997-10-15,1,False,Active,,,,,345,0.0,0.0,0.0,0.0,0.0,0.0,0.0,0.0,0.0,0.0,0.0,0.0,0.0,0.0,0.0,0.0,0.0,0.0,0.0,0.0,0.0,0.0,0.0,0.0,0.0,0.0,342,,0,,,,,,,,
3130,620,TE bench,,2422,Blake Bell,TE,FA,32,78,252,Oklahoma,81,1991-08-07,9,False,Active,,,,,556,0.0,0.0,0.0,0.0,0.0,0.0,0.0,0.0,0.0,0.0,0.0,0.0,0.0,0.0,0.0,0.0,0.0,0.0,0.0,0.0,0.0,0.0,0.0,0.0,0.0,0.0,620,,0,,,,,,,,
886,193,RB depth,,11963,Chris Collier,RB,LV,26,70,203,Lock Haven,33,2000-03-24,2,False,Inactive,IR,,,,9999999,0.0,0.0,0.0,0.0,0.0,0.0,0.0,0.0,0.0,0.0,0.0,0.0,0.0,8.0,1.8,0.23,0.0,0.0,0.0,5.0,12.0,0.0,1.0,2.0,-4.0,0.0,699,170.0,1,0,774,,,170.0,,,-180
1345,303,RB depth,,13327,Desmond Reid,RB,FA,21,68,175,Pittsburgh,27,2004-07-29,0,True,Inactive,Questionable,,,,999,0.0,0.0,0.0,0.0,0.0,0.0,0.0,0.0,0.0,0.0,0.0,0.0,0.0,0.0,0.0,0.0,0.0,0.0,0.0,0.0,0.0,0.0,0.0,0.0,0.0,0.0,700,,0,,,,,,,,
1346,304,RB depth,,11587,Player Invalid,RB,FA,,,,,,,0,True,Inactive,,,,,,0.0,0.0,0.0,0.0,0.0,0.0,0.0,0.0,0.0,0.0,0.0,0.0,0.0,0.0,0.0,0.0,0.0,0.0,0.0,0.0,0.0,0.0,0.0,0.0,0.0,0.0,701,,0,,,,,,,,
3134,1287,WR bench,,3614,Tommylee Lewis,WR,FA,29,67,168,Northern Illinois,85,1992-10-24,6,False,Active,,,,,9999999,0.0,0.0,0.0,0.0,0.0,0.0,0.0,0.0,0.0,0.0,0.0,0.0,0.0,0.0,0.0,0.0,0.0,0.0,0.0,0.0,0.0,0.0,0.0,0.0,0.0,0.0,1287,,0,,,,,,,,
3135,702,RB bench,,12218,Jalen Jackson,RB,FA,24,69,216,Villanova,,2000-06-26,1,False,Active,,,,,363,0.0,0.0,0.0,0.0,0.0,0.0,0.0,0.0,0.0,0.0,0.0,0.0,0.0,0.0,0.0,0.0,0.0,0.0,0.0,0.0,0.0,0.0,0.0,0.0,0.0,0.0,702,,0,,,,,,,,
887,194,RB depth,,11114,Elijah Dotson,RB,FA,26,69,202,Northern Colorado,41,1999-01-19,2,False,Active,,,,,697,0.0,0.0,0.0,0.0,0.0,0.0,0.0,0.0,0.0,0.0,0.0,0.0,0.0,0.0,0.0,0.0,0.0,0.0,0.0,0.0,0.0,0.0,0.0,0.0,0.0,0.0,703,170.0,1,0,855,,,170.0,,,-100
3137,704,RB bench,,5220,Godwin Igwebuike,RB,FA,29,72,213,Northwestern,48,1994-09-10,6,False,Active,,,,,670,0.0,0.0,0.0,0.0,0.0,0.0,0.0,0.0,0.0,0.0,0.0,0.0,0.0,0.0,0.0,0.0,0.0,0.0,0.0,0.0,0.0,0.0,0.0,0.0,0.0,0.0,704,,0,,,,,,,,
3138,705,RB bench,,4651,Corey Clement,RB,FA,29,70,220,Wisconsin,23,1994-11-02,6,False,Active,,,,,561,0.0,0.0,0.0,0.0,0.0,0.0,0.0,0.0,0.0,0.0,0.0,0.0,0.0,0.0,0.0,0.0,0.0,0.0,0.0,0.0,0.0,0.0,0.0,0.0,0.0,0.0,705,,0,,,,,,,,
3139,1288,WR bench,,13191,TJ Sheffield,WR,FA,,70,188,UConn,,,1,False,Active,,,,,688,0.0,0.0,0.0,0.0,0.0,0.0,0.0,0.0,0.0,0.0,0.0,0.0,0.0,0.0,0.0,0.0,0.0,0.0,0.0,0.0,0.0,0.0,0.0,0.0,0.0,0.0,1288,,0,,,,,,,,
3140,621,TE bench,,4807,Mike Estes,TE,FA,,76,230,Gardner-Webb,49,,5,False,Active,,,,,9999999,0.0,0.0,0.0,0.0,0.0,0.0,0.0,0.0,0.0,0.0,0.0,0.0,0.0,0.0,0.0,0.0,0.0,0.0,0.0,0.0,0.0,0.0,0.0,0.0,0.0,0.0,621,,0,,,,,,,,
888,181,TE depth,,6451,Stephen Carlson,TE,CHI,29,76,248,Princeton,88,1996-12-12,7,False,Active,,,3,TE3,999,2.0,0.0,0.0,0.0,0.0,0.0,0.0,0.0,0.0,0.0,0.0,0.0,0.0,0.0,0.0,0.0,0.0,0.0,0.0,0.0,0.0,0.0,0.0,0.0,0.0,0.0,622,170.0,1,0,556,,,170.0,,,-400
3142,1289,WR bench,,4750,Lance Lenoir,WR,FA,28,72,201,Western Illinois,34,1995-02-09,6,False,Active,,,,,9999999,0.0,0.0,0.0,0.0,0.0,0.0,0.0,0.0,0.0,0.0,0.0,0.0,0.0,0.0,0.0,0.0,0.0,0.0,0.0,0.0,0.0,0.0,0.0,0.0,0.0,0.0,1289,,0,,,,,,,,
3143,706,RB bench,,11431,Isaiah Bowser,RB,FA,23,73,220,UCF,26,1999-07-14,1,False,Active,,,,,9999999,0.0,0.0,0.0,0.0,0.0,0.0,0.0,0.0,0.0,0.0,0.0,0.0,0.0,0.0,0.0,0.0,0.0,0.0,0.0,0.0,0.0,0.0,0.0,0.0,0.0,0.0,706,,0,,,,,,,,
3144,1290,WR bench,,5236,Kyle Lewis,WR,FA,26,72,207,Cal Poly,1,1995-04-22,4,False,Active,,,,,9999999,0.0,0.0,0.0,0.0,0.0,0.0,0.0,0.0,0.0,0.0,0.0,0.0,0.0,0.0,0.0,0.0,0.0,0.0,0.0,0.0,0.0,0.0,0.0,0.0,0.0,0.0,1290,,0,,,,,,,,
889,182,TE depth,,7943,Zach Davidson,TE,FA,27,79,245,Central Missouri,39,1998-07-15,5,False,Active,,,,,678,1.0,0.0,0.0,0.0,0.0,0.0,0.0,0.0,0.0,0.0,0.0,0.0,0.0,2.0,1.5,0.75,0.0,0.0,0.0,0.0,0.0,0.0,1.0,2.0,5.0,0.0,623,170.0,1,0,839,,,170.0,,,-118
890,115,QB depth,,13306,Taylen Green,QB,CLE,23,78,230,Arkansas,15,2002-10-18,0,True,Active,,,3,QB3,999,0.0,0.0,0.0,0.0,0.0,0.0,0.0,0.0,0.0,0.0,0.0,0.0,0.0,0.0,0.0,0.0,0.0,0.0,0.0,0.0,0.0,0.0,0.0,0.0,0.0,0.0,343,170.0,1,0,421,,,170.0,,,-537
3147,1291,WR bench,,13034,Tyrone Broden,WR,FA,25,77,194,Arkansas,31,2001-02-26,1,False,Active,Questionable,,,,9999999,0.0,0.0,0.0,0.0,0.0,0.0,0.0,0.0,0.0,0.0,0.0,0.0,0.0,0.0,0.0,0.0,0.0,0.0,0.0,0.0,0.0,0.0,0.0,0.0,0.0,0.0,1291,,0,,,,,,,,
3148,344,QB bench,,4996,Kyle Lauletta,QB,FA,26,75,222,Richmond,0,1995-03-17,4,False,Active,,,,,612,0.0,0.0,0.0,0.0,0.0,0.0,0.0,0.0,0.0,0.0,0.0,0.0,0.0,0.0,0.0,0.0,0.0,0.0,0.0,0.0,0.0,0.0,0.0,0.0,0.0,0.0,344,,0,,,,,,,,
3149,153,K bench,,4958,Brett Maher,K,FA,34,72,180,Nebraska,8,1989-11-21,11,False,Active,,,,K1,368,0.0,0.0,0.0,0.0,0.0,0.0,0.0,0.0,0.0,0.0,0.0,0.0,0.0,0.0,0.0,0.0,0.0,0.0,0.0,0.0,0.0,0.0,0.0,0.0,0.0,0.0,153,,0,,,,,,,,
1347,516,WR depth,,13770,J. Michael Sturdivant,WR,GB,23,75,207,Florida,87,2002-09-06,0,True,Active,,,,,9999999,0.0,0.0,0.0,0.0,0.0,0.0,0.0,0.0,0.0,0.0,0.0,0.0,0.0,0.0,0.0,0.0,0.0,0.0,0.0,0.0,0.0,0.0,0.0,0.0,0.0,0.0,1292,,0,,,,,,,,
3151,1293,WR bench,,6148,Preston Williams,WR,FA,26,77,215,Colorado State,16,1997-03-27,4,False,Active,,,,,9999999,0.0,0.0,0.0,0.0,0.0,0.0,0.0,0.0,0.0,0.0,0.0,0.0,0.0,0.0,0.0,0.0,0.0,0.0,0.0,0.0,0.0,0.0,0.0,0.0,0.0,0.0,1293,,0,,,,,,,,
3152,707,RB bench,,5961,Jalin Moore,RB,FA,26,70,212,Appalachian State,30,1995-11-28,3,False,Inactive,,,,,1578,0.0,0.0,0.0,0.0,0.0,0.0,0.0,0.0,0.0,0.0,0.0,0.0,0.0,0.0,0.0,0.0,0.0,0.0,0.0,0.0,0.0,0.0,0.0,0.0,0.0,0.0,707,,0,,,,,,,,
3153,1294,WR bench,,3584,Marcus Leak,WR,FA,29,72,210,Maryland,85,1992-11-19,6,False,Active,,,,,9999999,0.0,0.0,0.0,0.0,0.0,0.0,0.0,0.0,0.0,0.0,0.0,0.0,0.0,0.0,0.0,0.0,0.0,0.0,0.0,0.0,0.0,0.0,0.0,0.0,0.0,0.0,1294,,0,,,,,,,,
891,195,RB depth,,11568,Blake Watson,RB,FA,26,69,195,Memphis,32,1999-10-14,2,False,Active,Questionable,,,,999,0.0,0.0,0.0,0.0,0.0,0.0,0.0,0.0,0.0,0.0,0.0,0.0,0.0,2.0,3.3,1.65,0.0,0.0,0.0,4.0,10.0,0.0,1.0,2.0,13.0,0.0,708,170.0,1,0,716,,,170.0,,,-243
1348,517,WR depth,,13702,Malik Rutherford,WR,FA,,69,170,,,,0,True,Active,,,,,9999999,0.0,0.0,0.0,0.0,0.0,0.0,0.0,0.0,0.0,0.0,0.0,0.0,0.0,0.0,0.0,0.0,0.0,0.0,0.0,0.0,0.0,0.0,0.0,0.0,0.0,0.0,1295,,0,,,,,,,,
3156,624,TE bench,,12851,Rivaldo Fairweather,TE,ARI,24,75,249,Auburn,45,2002-07-19,1,False,Active,,,4,TE4,9999999,0.0,0.0,0.0,0.0,0.0,0.0,0.0,0.0,0.0,0.0,0.0,0.0,0.0,0.0,0.0,0.0,0.0,0.0,0.0,0.0,0.0,0.0,0.0,0.0,0.0,0.0,624,,0,,,,,,,,
892,319,WR depth,,11911,Jeshaun Jones,WR,MIN,26,73,188,Maryland,82,1999-12-22,2,False,Active,,,5,WR5,999,1.0,0.0,0.0,0.0,0.0,0.0,0.0,0.0,0.0,0.0,0.0,0.0,0.0,0.0,0.0,0.0,0.0,0.0,0.0,0.0,0.0,0.0,0.0,0.0,0.0,0.0,1296,170.0,1,0,454,,,170.0,,,-506
3158,625,TE bench,,4490,Wyatt Houston,TE,CAR,23,"6'5""",255,Utah State,85,1994-06-21,1,False,Active,,,40,TE40,9999999,0.0,0.0,0.0,0.0,0.0,0.0,0.0,0.0,0.0,0.0,0.0,0.0,0.0,0.0,0.0,0.0,0.0,0.0,0.0,0.0,0.0,0.0,0.0,0.0,0.0,0.0,625,,0,,,,,,,,
1349,518,WR depth,,13161,Zakhari Franklin,WR,FA,25,73,204,Illinois,,2000-10-15,0,True,Active,,,,,368,0.0,0.0,0.0,0.0,0.0,0.0,0.0,0.0,0.0,0.0,0.0,0.0,0.0,0.0,0.0,0.0,0.0,0.0,0.0,0.0,0.0,0.0,0.0,0.0,0.0,0.0,1297,,0,,,,,,,,
3160,1298,WR bench,,2937,Damond Powell,WR,FA,32,71,180,Iowa,0,1992-10-31,10,False,Active,,,,,9999999,0.0,0.0,0.0,0.0,0.0,0.0,0.0,0.0,0.0,0.0,0.0,0.0,0.0,0.0,0.0,0.0,0.0,0.0,0.0,0.0,0.0,0.0,0.0,0.0,0.0,0.0,1298,,0,,,,,,,,
3161,154,K bench,,2802,Corey Acosta,K,FA,33,72,190,Southern Mississippi,0,1991-07-12,10,False,Active,,,,K1,9999999,0.0,0.0,0.0,0.0,0.0,0.0,0.0,0.0,0.0,0.0,0.0,0.0,0.0,0.0,0.0,0.0,0.0,0.0,0.0,0.0,0.0,0.0,0.0,0.0,0.0,0.0,154,,0,,,,,,,,
3162,345,QB bench,,289,Drew Brees,QB,FA,42,"6'0""",209,Purdue,9,1979-01-15,20,False,Injured Reserve,,,,,76,0.0,0.0,0.0,0.0,0.0,0.0,0.0,0.0,0.0,0.0,0.0,0.0,0.0,0.0,0.0,0.0,0.0,0.0,0.0,0.0,0.0,0.0,0.0,0.0,0.0,0.0,345,,0,,,,,,,,
893,320,WR depth,,9499,Bryce Ford-Wheaton,WR,FA,26,75,220,West Virginia,88,2000-03-09,3,False,Active,Questionable,,,,44,0.0,0.0,0.0,0.0,0.0,0.0,0.0,0.0,0.0,0.0,0.0,0.0,0.0,14.0,6.0,0.43,0.0,0.0,0.0,0.0,0.0,0.0,0.0,0.0,0.0,0.0,1299,170.0,1,0,866,,,170.0,,,-95
3164,709,RB bench,,6311,Patrick Laird,RB,FA,28,73,205,California,25,1995-08-17,5,False,Active,,,,,9999999,0.0,0.0,0.0,0.0,0.0,0.0,0.0,0.0,0.0,0.0,0.0,0.0,0.0,0.0,0.0,0.0,0.0,0.0,0.0,0.0,0.0,0.0,0.0,0.0,0.0,0.0,709,,0,,,,,,,,
3165,626,TE bench,,2947,Clay Burton,TE,FA,32,76,253,Florida,0,1992-10-22,10,False,Active,,,,,9999999,0.0,0.0,0.0,0.0,0.0,0.0,0.0,0.0,0.0,0.0,0.0,0.0,0.0,0.0,0.0,0.0,0.0,0.0,0.0,0.0,0.0,0.0,0.0,0.0,0.0,0.0,626,,0,,,,,,,,
3166,710,RB bench,,3391,Dwayne Washington,RB,FA,30,73,223,Washington,39,1994-04-24,8,False,Active,,,,,557,0.0,0.0,0.0,0.0,0.0,0.0,0.0,0.0,0.0,0.0,0.0,0.0,0.0,0.0,0.0,0.0,0.0,0.0,0.0,0.0,0.0,0.0,0.0,0.0,0.0,0.0,710,,0,,,,,,,,
3167,346,QB bench,,1262,Alex Tanney,QB,FA,34,76,220,"Monmouth, Ill.",0,1987-11-11,10,False,Injured Reserve,,,,,695,0.0,0.0,0.0,0.0,0.0,0.0,0.0,0.0,0.0,0.0,0.0,0.0,0.0,0.0,0.0,0.0,0.0,0.0,0.0,0.0,0.0,0.0,0.0,0.0,0.0,0.0,346,,0,,,,,,,,
977,354,WR depth,,13317,Ted Hurst,WR,TB,22,75,195,Georgia State,17,2004-07-02,0,True,Active,,,4,WR4,196,0.0,0.0,0.0,0.0,0.0,0.0,0.0,0.0,0.0,0.0,0.0,0.0,0.0,0.0,0.0,0.0,0.0,0.0,0.0,0.0,0.0,0.0,0.0,0.0,0.0,0.0,1300,170.3,1,0,1002,,,170.3,,,40
3169,1301,WR bench,,8891,Ryan McDaniel,WR,FA,,74,215,North Carolina Central,0,,1,False,Active,,,,,655,0.0,0.0,0.0,0.0,0.0,0.0,0.0,0.0,0.0,0.0,0.0,0.0,0.0,0.0,0.0,0.0,0.0,0.0,0.0,0.0,0.0,0.0,0.0,0.0,0.0,0.0,1301,,0,,,,,,,,
3170,627,TE bench,,7404,Noah Togiai,TE,FA,26,76,244,Oregon State,83,1997-07-06,4,False,Active,,,,,468,0.0,0.0,0.0,0.0,0.0,0.0,0.0,0.0,0.0,0.0,0.0,0.0,0.0,0.0,0.0,0.0,0.0,0.0,0.0,0.0,0.0,0.0,0.0,0.0,0.0,0.0,627,,0,,,,,,,,
3171,628,TE bench,,12135,Neal Johnson,TE,FA,24,76,250,Louisiana,86,2001-08-03,1,False,Active,,,,,588,0.0,0.0,0.0,0.0,0.0,0.0,0.0,0.0,0.0,0.0,0.0,0.0,0.0,0.0,0.0,0.0,0.0,0.0,0.0,0.0,0.0,0.0,0.0,0.0,0.0,0.0,628,,0,,,,,,,,
359,49,TE depth,,13435,Joe Royer,TE,CLE,24,77,250,Cincinnati,18,2002-02-25,0,True,Active,,,2,TE2,9999999,0.0,0.0,0.0,0.0,0.0,0.0,0.0,0.0,0.0,0.0,0.0,0.0,0.0,0.0,0.0,0.0,0.0,0.0,0.0,0.0,0.0,0.0,0.0,0.0,0.0,0.0,629,169.9,1,0,333,,,169.9,,,-630
3173,711,RB bench,,4150,Wayne Gallman,RB,FA,28,72,210,Clemson,29,1994-10-01,6,False,Active,,,,,423,0.0,0.0,0.0,0.0,0.0,0.0,0.0,0.0,0.0,0.0,0.0,0.0,0.0,0.0,0.0,0.0,0.0,0.0,0.0,0.0,0.0,0.0,0.0,0.0,0.0,0.0,711,,0,,,,,,,,
3174,712,RB bench,,8085,Mekhi Sargent,RB,FA,25,68,208,Iowa,36,1997-10-08,2,False,Active,,,,,9999999,0.0,0.0,0.0,0.0,0.0,0.0,0.0,0.0,0.0,0.0,0.0,0.0,0.0,0.0,0.0,0.0,0.0,0.0,0.0,0.0,0.0,0.0,0.0,0.0,0.0,0.0,712,,0,,,,,,,,
3175,630,TE bench,,2996,Logan Stokes,TE,FA,32,75,251,LSU,0,1992-12-04,10,False,Active,,,,,9999999,0.0,0.0,0.0,0.0,0.0,0.0,0.0,0.0,0.0,0.0,0.0,0.0,0.0,0.0,0.0,0.0,0.0,0.0,0.0,0.0,0.0,0.0,0.0,0.0,0.0,0.0,630,,0,,,,,,,,
1350,262,TE depth,,13158,Sam Pitz,TE,FA,,78,248,Minnesota Duluth,,,0,True,Active,,,,,999,0.0,0.0,0.0,0.0,0.0,0.0,0.0,0.0,0.0,0.0,0.0,0.0,0.0,0.0,0.0,0.0,0.0,0.0,0.0,0.0,0.0,0.0,0.0,0.0,0.0,0.0,631,,0,,,,,,,,
894,321,WR depth,,7865,Brandon Smith,WR,PIT,27,74,215,Iowa,87,1998-12-10,5,False,Active,,,,,9999999,2.0,0.0,0.0,0.0,0.0,0.0,0.0,0.0,0.0,0.0,0.0,0.0,0.0,1.0,0.0,0.0,0.0,0.0,0.0,0.0,0.0,0.0,0.0,0.0,0.0,0.0,1302,170.0,1,0,580,,,170.0,,,-384
3178,155,K bench,,11092,B.T. Potter,K,TB,26,69,185,Clemson,3,2000-02-21,3,False,Active,,,,K1,999,0.0,0.0,0.0,0.0,0.0,0.0,0.0,0.0,0.0,0.0,0.0,0.0,0.0,0.0,0.0,0.0,0.0,0.0,0.0,0.0,0.0,0.0,0.0,0.0,0.0,0.0,155,,0,,,,,,,,
3179,713,RB bench,,3780,Cedric O'Neal,RB,FA,27,72,213,Valdosta State,0,1994-01-29,6,False,Active,,,,,9999999,0.0,0.0,0.0,0.0,0.0,0.0,0.0,0.0,0.0,0.0,0.0,0.0,0.0,0.0,0.0,0.0,0.0,0.0,0.0,0.0,0.0,0.0,0.0,0.0,0.0,0.0,713,,0,,,,,,,,
3180,632,TE bench,,4384,Aaron Peck,TE,FA,27,75,225,Fresno State,86,1994-10-09,5,False,Active,,,,,9999999,0.0,0.0,0.0,0.0,0.0,0.0,0.0,0.0,0.0,0.0,0.0,0.0,0.0,0.0,0.0,0.0,0.0,0.0,0.0,0.0,0.0,0.0,0.0,0.0,0.0,0.0,632,,0,,,,,,,,
3181,714,RB bench,,3280,Tyler Ervin,RB,FA,28,70,185,San Jose State,32,1993-10-07,6,False,Inactive,,,,,376,0.0,0.0,0.0,0.0,0.0,0.0,0.0,0.0,0.0,0.0,0.0,0.0,0.0,0.0,0.0,0.0,0.0,0.0,0.0,0.0,0.0,0.0,0.0,0.0,0.0,0.0,714,,0,,,,,,,,
895,322,WR depth,,6989,Marquez Callaway,WR,FA,27,74,204,Tennessee,15,1998-03-27,5,False,Active,,,,,668,0.0,0.0,0.0,0.0,0.0,0.0,0.0,0.0,0.0,0.0,0.0,0.0,0.0,2.0,0.0,0.0,0.0,0.0,0.0,0.0,0.0,0.0,0.0,0.0,0.0,0.0,1303,170.0,1,0,830,,,170.0,,,-135
896,183,TE depth,,13580,Carsen Ryan,TE,CLE,22,75,255,BYU,48,2003-08-21,0,True,Active,,,6,TE6,9999999,0.0,0.0,0.0,0.0,0.0,0.0,0.0,0.0,0.0,0.0,0.0,0.0,0.0,0.0,0.0,0.0,0.0,0.0,0.0,0.0,0.0,0.0,0.0,0.0,0.0,0.0,633,170.0,1,0,801,,,170.0,,,-165
3184,1304,WR bench,,9498,Jadon Haselwood,WR,FA,22,74,215,Arkansas,87,2001-04-15,1,False,Active,,,,,383,0.0,0.0,0.0,0.0,0.0,0.0,0.0,0.0,0.0,0.0,0.0,0.0,0.0,0.0,0.0,0.0,0.0,0.0,0.0,0.0,0.0,0.0,0.0,0.0,0.0,0.0,1304,,0,,,,,,,,
1351,263,TE depth,,13661,Ethan Conner,TE,JAX,,76,245,Troy,48,,0,True,Active,,,,,9999999,0.0,0.0,0.0,0.0,0.0,0.0,0.0,0.0,0.0,0.0,0.0,0.0,0.0,0.0,0.0,0.0,0.0,0.0,0.0,0.0,0.0,0.0,0.0,0.0,0.0,0.0,634,,0,,,,,,,,
1352,164,QB depth,,7073,Jake Bentley,QB,FA,,"6'4""",221,South Carolina,,,0,True,Inactive,NA,,,,9999999,0.0,0.0,0.0,0.0,0.0,0.0,0.0,0.0,0.0,0.0,0.0,0.0,0.0,0.0,0.0,0.0,0.0,0.0,0.0,0.0,0.0,0.0,0.0,0.0,0.0,0.0,347,,0,,,,,,,,
3187,1305,WR bench,,8436,Neil Pau'u,WR,FA,27,76,215,BYU,0,1995-09-11,1,False,Active,,,,,9999999,0.0,0.0,0.0,0.0,0.0,0.0,0.0,0.0,0.0,0.0,0.0,0.0,0.0,0.0,0.0,0.0,0.0,0.0,0.0,0.0,0.0,0.0,0.0,0.0,0.0,0.0,1305,,0,,,,,,,,
3188,1306,WR bench,,5804,Julian Williams,WR,FA,,71,195,Florida International,16,,4,False,Active,,,,,9999999,0.0,0.0,0.0,0.0,0.0,0.0,0.0,0.0,0.0,0.0,0.0,0.0,0.0,0.0,0.0,0.0,0.0,0.0,0.0,0.0,0.0,0.0,0.0,0.0,0.0,0.0,1306,,0,,,,,,,,
3189,1307,WR bench,,2838,Trevor Harman,WR,FA,33,75,205,Shippensburg,0,1991-10-22,10,False,Active,,,,,9999999,0.0,0.0,0.0,0.0,0.0,0.0,0.0,0.0,0.0,0.0,0.0,0.0,0.0,0.0,0.0,0.0,0.0,0.0,0.0,0.0,0.0,0.0,0.0,0.0,0.0,0.0,1307,,0,,,,,,,,
3190,1308,WR bench,,12267,Qadir Ismail,WR,CHI,26,78,245,Samford,80,2000-02-17,2,False,Active,,,,,9999999,0.0,0.0,0.0,0.0,0.0,0.0,0.0,0.0,0.0,0.0,0.0,0.0,0.0,0.0,0.0,0.0,0.0,0.0,0.0,0.0,0.0,0.0,0.0,0.0,0.0,0.0,1308,,0,,,,,,,,
3191,156,K bench,,899,Dan Bailey,K,FA,33,72,190,Oklahoma State,5,1988-01-26,11,False,Active,,,,K1,169,0.0,0.0,0.0,0.0,0.0,0.0,0.0,0.0,0.0,0.0,0.0,0.0,0.0,0.0,0.0,0.0,0.0,0.0,0.0,0.0,0.0,0.0,0.0,0.0,0.0,0.0,156,,0,,,,,,,,
3192,1309,WR bench,,2502,Bud Sasser,WR,FA,,74,210,Missouri,81,,11,False,Active,,,,,9999999,0.0,0.0,0.0,0.0,0.0,0.0,0.0,0.0,0.0,0.0,0.0,0.0,0.0,0.0,0.0,0.0,0.0,0.0,0.0,0.0,0.0,0.0,0.0,0.0,0.0,0.0,1309,,0,,,,,,,,
3193,635,TE bench,,7864,Artayvious Lynn,TE,FA,25,78,258,TCU,0,1996-03-13,1,False,Active,,,,,,0.0,0.0,0.0,0.0,0.0,0.0,0.0,0.0,0.0,0.0,0.0,0.0,0.0,0.0,0.0,0.0,0.0,0.0,0.0,0.0,0.0,0.0,0.0,0.0,0.0,0.0,635,,0,,,,,,,,
897,323,WR depth,,5880,Parris Campbell,WR,FA,28,72,210,Ohio State,11,1997-07-16,7,False,Active,NA,,,,999,1.0,0.0,0.0,0.0,0.0,0.0,0.0,0.0,0.0,0.0,0.0,0.0,0.0,5.0,15.0,3.0,0.0,0.0,0.0,0.0,0.0,0.0,6.0,8.0,30.0,1.0,1310,170.0,1,0,960,,,170.0,,,-7
3195,715,RB bench,,2933,Corey Knox,RB,FA,36,75,212,Buffalo,0,1989-10-13,1,False,Active,,,,,9999999,0.0,0.0,0.0,0.0,0.0,0.0,0.0,0.0,0.0,0.0,0.0,0.0,0.0,0.0,0.0,0.0,0.0,0.0,0.0,0.0,0.0,0.0,0.0,0.0,0.0,0.0,715,,0,,,,,,,,
1353,165,QB depth,,13685,Jake Retzlaff,QB,FA,23,73,205,Tulane,,2003-03-28,0,True,Active,,,,,9999999,0.0,0.0,0.0,0.0,0.0,0.0,0.0,0.0,0.0,0.0,0.0,0.0,0.0,0.0,0.0,0.0,0.0,0.0,0.0,0.0,0.0,0.0,0.0,0.0,0.0,0.0,348,,0,,,,,,,,
3197,716,RB bench,,6293,Cullen Gillaspia,RB,FA,27,74,235,Texas A&M,41,1995-05-12,4,False,Inactive,,,,,9999999,0.0,0.0,0.0,0.0,0.0,0.0,0.0,0.0,0.0,0.0,0.0,0.0,0.0,0.0,0.0,0.0,0.0,0.0,0.0,0.0,0.0,0.0,0.0,0.0,0.0,0.0,716,,0,,,,,,,,
3198,717,RB bench,,5560,Khalid Hill,RB,FA,26,74,265,Michigan,40,1995-06-04,4,False,Inactive,,,,,9999999,0.0,0.0,0.0,0.0,0.0,0.0,0.0,0.0,0.0,0.0,0.0,0.0,0.0,0.0,0.0,0.0,0.0,0.0,0.0,0.0,0.0,0.0,0.0,0.0,0.0,0.0,717,,0,,,,,,,,
3199,718,RB bench,,2768,Braylon Heard,RB,FA,33,71,189,Kentucky,,1991-10-11,10,False,Active,,,,,9999999,0.0,0.0,0.0,0.0,0.0,0.0,0.0,0.0,0.0,0.0,0.0,0.0,0.0,0.0,0.0,0.0,0.0,0.0,0.0,0.0,0.0,0.0,0.0,0.0,0.0,0.0,718,,0,,,,,,,,
1354,264,TE depth,,13806,Matt Lauter,TE,FA,,75,245,Boise State,,,0,True,Active,,,,,9999999,0.0,0.0,0.0,0.0,0.0,0.0,0.0,0.0,0.0,0.0,0.0,0.0,0.0,0.0,0.0,0.0,0.0,0.0,0.0,0.0,0.0,0.0,0.0,0.0,0.0,0.0,636,,0,,,,,,,,
3201,1311,WR bench,,12421,David Wallis,WR,FA,23,72,184,Randolph-Macon,,2001-08-08,1,False,Active,,,,,436,0.0,0.0,0.0,0.0,0.0,0.0,0.0,0.0,0.0,0.0,0.0,0.0,0.0,0.0,0.0,0.0,0.0,0.0,0.0,0.0,0.0,0.0,0.0,0.0,0.0,0.0,1311,,0,,,,,,,,
3202,1312,WR bench,,11452,Jesse Matthews,WR,FA,26,72,190,San Diego State,86,1999-08-12,2,False,Active,,,,,485,0.0,0.0,0.0,0.0,0.0,0.0,0.0,0.0,0.0,0.0,0.0,0.0,0.0,0.0,0.0,0.0,0.0,0.0,0.0,0.0,0.0,0.0,0.0,0.0,0.0,0.0,1312,,0,,,,,,,,
1355,166,QB depth,,13350,Joe Fagnano,QB,BAL,25,75,230,UConn,12,2001-03-31,0,True,Active,,,,,999,0.0,0.0,0.0,0.0,0.0,0.0,0.0,0.0,0.0,0.0,0.0,0.0,0.0,0.0,0.0,0.0,0.0,0.0,0.0,0.0,0.0,0.0,0.0,0.0,0.0,0.0,349,,0,,,,,,,,
898,196,RB depth,,9505,Deuce Vaughn,RB,FA,24,66,176,Kansas State,42,2001-11-02,3,False,Active,,,,,999,0.0,0.0,0.0,0.0,0.0,0.0,0.0,0.0,0.0,0.0,0.0,0.0,0.0,7.0,11.8,1.69,0.0,0.0,0.0,17.0,70.0,0.0,3.0,5.0,18.0,0.0,719,170.0,1,0,506,,,170.0,,,-462
3205,350,QB bench,,862,Blaine Gabbert,QB,FA,34,76,235,Missouri,9,1989-10-15,13,False,Active,,,,,451,0.0,0.0,0.0,0.0,0.0,0.0,0.0,0.0,0.0,0.0,0.0,0.0,0.0,0.0,0.0,0.0,0.0,0.0,0.0,0.0,0.0,0.0,0.0,0.0,0.0,0.0,350,,0,,,,,,,,
1356,519,WR depth,,13818,Romello Brinson,WR,FA,24,74,190,SMU,84,2002-01-23,0,True,Active,,,,,9999999,0.0,0.0,0.0,0.0,0.0,0.0,0.0,0.0,0.0,0.0,0.0,0.0,0.0,0.0,0.0,0.0,0.0,0.0,0.0,0.0,0.0,0.0,0.0,0.0,0.0,0.0,1313,,0,,,,,,,,
3207,720,RB bench,,2892,Rodney Smith,RB,FA,30,71,235,Ohio State,0,1992-01-10,7,False,Active,,,,,9999999,0.0,0.0,0.0,0.0,0.0,0.0,0.0,0.0,0.0,0.0,0.0,0.0,0.0,0.0,0.0,0.0,0.0,0.0,0.0,0.0,0.0,0.0,0.0,0.0,0.0,0.0,720,,0,,,,,,,,
3208,157,K bench,,6208,Elliott Fry,K,FA,28,72,170,South Carolina,39,1994-12-12,4,False,Active,,,,K1,9999999,0.0,0.0,0.0,0.0,0.0,0.0,0.0,0.0,0.0,0.0,0.0,0.0,0.0,0.0,0.0,0.0,0.0,0.0,0.0,0.0,0.0,0.0,0.0,0.0,0.0,0.0,157,,0,,,,,,,,
3209,721,RB bench,,2168,Devonta Freeman,RB,FA,30,68,206,Florida State,33,1992-03-15,8,False,Active,,,,,339,0.0,0.0,0.0,0.0,0.0,0.0,0.0,0.0,0.0,0.0,0.0,0.0,0.0,0.0,0.0,0.0,0.0,0.0,0.0,0.0,0.0,0.0,0.0,0.0,0.0,0.0,721,,0,,,,,,,,
899,184,TE depth,,2545,Geoff Swaim,TE,FA,31,76,260,Texas,84,1993-09-16,10,False,Active,,,,,9999999,0.0,0.0,0.0,0.0,0.0,0.0,0.0,0.0,0.0,0.0,0.0,0.0,0.0,8.0,1.7,0.21,0.0,0.0,0.0,0.0,0.0,0.0,1.0,1.0,7.0,0.0,637,170.0,1,0,885,,,170.0,,,-84
3211,722,RB bench,,4623,Tim Cook,RB,FA,27,72,242,Oregon State,41,1994-04-19,5,False,Active,,,,,9999999,0.0,0.0,0.0,0.0,0.0,0.0,0.0,0.0,0.0,0.0,0.0,0.0,0.0,0.0,0.0,0.0,0.0,0.0,0.0,0.0,0.0,0.0,0.0,0.0,0.0,0.0,722,,0,,,,,,,,
900,324,WR depth,,13491,Kaden Wetjen,WR,PIT,24,69,196,Iowa,10,2002-03-09,0,True,Active,,,6,WR6,9999999,0.0,0.0,0.0,0.0,0.0,0.0,0.0,0.0,0.0,0.0,0.0,0.0,0.0,0.0,0.0,0.0,0.0,0.0,0.0,0.0,0.0,0.0,0.0,0.0,0.0,0.0,1314,170.0,1,0,398,,,170.0,,,-572
3213,351,QB bench,,7157,Josh Love,QB,FA,25,74,200,San Jose State,0,1996-09-12,2,False,Active,,,,,9999999,0.0,0.0,0.0,0.0,0.0,0.0,0.0,0.0,0.0,0.0,0.0,0.0,0.0,0.0,0.0,0.0,0.0,0.0,0.0,0.0,0.0,0.0,0.0,0.0,0.0,0.0,351,,0,,,,,,,,
360,50,QB depth,,13289,Drew Allar,QB,PIT,22,77,228,Penn State,16,2004-03-08,0,True,Active,,,3,QB3,999,0.0,0.0,0.0,0.0,0.0,0.0,0.0,0.0,0.0,0.0,0.0,0.0,0.0,0.0,0.0,0.0,0.0,0.0,0.0,0.0,0.0,0.0,0.0,0.0,0.0,0.0,352,169.9,1,0,281,,,169.9,,,-690
901,185,TE depth,,6126,Irv Smith,TE,FA,27,74,242,Alabama,83,1998-08-09,6,False,Inactive,Questionable,Sprain,,,621,0.0,0.0,0.0,0.0,0.0,0.0,0.0,0.0,0.0,0.0,0.0,0.0,0.0,5.0,0.0,0.0,0.0,0.0,0.0,0.0,0.0,0.0,0.0,0.0,0.0,0.0,638,170.0,1,0,813,,,170.0,,,-159
3216,639,TE bench,,7082,Dalton Keene,TE,FA,26,76,251,Virginia Tech,49,1999-04-14,5,False,Active,,,,,556,0.0,0.0,0.0,0.0,0.0,0.0,0.0,0.0,0.0,0.0,0.0,0.0,0.0,0.0,0.0,0.0,0.0,0.0,0.0,0.0,0.0,0.0,0.0,0.0,0.0,0.0,639,,0,,,,,,,,
902,197,RB depth,,12826,Ulysses Bentley,RB,IND,25,70,200,Ole Miss,37,2000-12-30,1,False,Active,,,,,999,1.0,0.0,0.0,0.0,0.0,0.0,1.0,0.0,0.0,0.0,0.0,0.0,0.0,0.0,0.0,0.0,0.0,0.0,0.0,0.0,0.0,0.0,0.0,0.0,0.0,0.0,723,170.0,1,0,420,,,170.0,,,-553
903,325,WR depth,,4319,Zach Pascal,WR,FA,30,74,219,Old Dominion,83,1994-12-18,8,False,Active,,,,,458,0.0,0.0,0.0,0.0,0.0,0.0,0.0,0.0,0.0,0.0,0.0,0.0,0.0,17.0,0.0,0.0,0.0,0.0,0.0,0.0,0.0,0.0,0.0,0.0,0.0,0.0,1315,170.0,1,0,915,,,170.0,,,-59
3219,158,K bench,,7617,Matt Ammendola,K,FA,27,69,195,Oklahoma State,16,1996-12-11,2,False,Active,,,,K1,9999999,0.0,0.0,0.0,0.0,0.0,0.0,0.0,0.0,0.0,0.0,0.0,0.0,0.0,0.0,0.0,0.0,0.0,0.0,0.0,0.0,0.0,0.0,0.0,0.0,0.0,0.0,158,,0,,,,,,,,
3220,724,RB bench,,6298,Chandler Cox,RB,FA,25,73,242,Auburn,27,1996-07-29,3,False,Inactive,,,,,320,0.0,0.0,0.0,0.0,0.0,0.0,0.0,0.0,0.0,0.0,0.0,0.0,0.0,0.0,0.0,0.0,0.0,0.0,0.0,0.0,0.0,0.0,0.0,0.0,0.0,0.0,724,,0,,,,,,,,
904,326,WR depth,,13338,Kevin Coleman,WR,MIA,22,70,180,Missouri,83,2003-09-10,0,True,Active,,,7,WR7,999,0.0,0.0,0.0,0.0,0.0,0.0,0.0,0.0,0.0,0.0,0.0,0.0,0.0,0.0,0.0,0.0,0.0,0.0,0.0,0.0,0.0,0.0,0.0,0.0,0.0,0.0,1316,170.0,1,0,525,,,170.0,,,-450
3222,640,TE bench,,13251,Gunnar Oakes,TE,FA,26,76,252,Eastern Michigan,41,1999-05-11,2,False,Active,,,,,683,0.0,0.0,0.0,0.0,0.0,0.0,0.0,0.0,0.0,0.0,0.0,0.0,0.0,0.0,0.0,0.0,0.0,0.0,0.0,0.0,0.0,0.0,0.0,0.0,0.0,0.0,640,,0,,,,,,,,
361,50,TE depth,,13322,Sam Roush,TE,CHI,22,77,267,Stanford,87,2003-09-06,0,True,Active,,,3,TE3,999,0.0,0.0,0.0,0.0,0.0,0.0,0.0,0.0,0.0,0.0,0.0,0.0,0.0,0.0,0.0,0.0,0.0,0.0,0.0,0.0,0.0,0.0,0.0,0.0,0.0,0.0,641,169.9,1,0,335,,,169.9,,,-641
3224,353,QB bench,,2569,Jake Waters,QB,FA,32,73,210,Kansas State,0,1992-03-20,10,False,Active,,,,,9999999,0.0,0.0,0.0,0.0,0.0,0.0,0.0,0.0,0.0,0.0,0.0,0.0,0.0,0.0,0.0,0.0,0.0,0.0,0.0,0.0,0.0,0.0,0.0,0.0,0.0,0.0,353,,0,,,,,,,,
3225,1317,WR bench,,2920,Jeret Smith,WR,FA,32,72,215,McMurry,0,1993-02-05,10,False,Active,,,,,9999999,0.0,0.0,0.0,0.0,0.0,0.0,0.0,0.0,0.0,0.0,0.0,0.0,0.0,0.0,0.0,0.0,0.0,0.0,0.0,0.0,0.0,0.0,0.0,0.0,0.0,0.0,1317,,0,,,,,,,,
3226,1318,WR bench,,1916,Martavis Bryant,WR,FA,32,76,211,Clemson,88,1991-12-20,10,False,Active,,,,,346,0.0,0.0,0.0,0.0,0.0,0.0,0.0,0.0,0.0,0.0,0.0,0.0,0.0,0.0,0.0,0.0,0.0,0.0,0.0,0.0,0.0,0.0,0.0,0.0,0.0,0.0,1318,,0,,,,,,,,
3227,1319,WR bench,,5984,Anthony Ratliff-Williams,WR,FA,24,71,195,North Carolina,0,1997-06-17,3,False,Active,,,,,9999999,0.0,0.0,0.0,0.0,0.0,0.0,0.0,0.0,0.0,0.0,0.0,0.0,0.0,0.0,0.0,0.0,0.0,0.0,0.0,0.0,0.0,0.0,0.0,0.0,0.0,0.0,1319,,0,,,,,,,,
3228,1320,WR bench,,7394,Jermiah Braswell,WR,FA,24,72,210,Youngstown State,0,1997-05-15,2,False,Active,,,,,9999999,0.0,0.0,0.0,0.0,0.0,0.0,0.0,0.0,0.0,0.0,0.0,0.0,0.0,0.0,0.0,0.0,0.0,0.0,0.0,0.0,0.0,0.0,0.0,0.0,0.0,0.0,1320,,0,,,,,,,,
3229,642,TE bench,,5468,Christian Scotland-Williamson,TE,FA,28,81,274,,0,1993-07-05,7,False,Active,,,,,9999999,0.0,0.0,0.0,0.0,0.0,0.0,0.0,0.0,0.0,0.0,0.0,0.0,0.0,0.0,0.0,0.0,0.0,0.0,0.0,0.0,0.0,0.0,0.0,0.0,0.0,0.0,642,,0,,,,,,,,
905,327,WR depth,,9495,Rakim Jarrett,WR,FA,24,72,190,Maryland,82,2001-01-24,2,False,Active,,,,,690,0.0,0.0,0.0,0.0,0.0,0.0,0.0,0.0,0.0,0.0,0.0,0.0,0.0,10.0,21.4,2.14,0.0,0.0,0.0,0.0,0.0,0.0,9.0,11.0,124.0,0.0,1321,170.0,1,0,856,,,170.0,,,-121
1357,167,QB depth,,13314,Luke Altmyer,QB,DET,23,73,213,Illinois,2,2002-10-22,0,True,Active,,,3,QB3,999,0.0,0.0,0.0,0.0,0.0,0.0,0.0,0.0,0.0,0.0,0.0,0.0,0.0,0.0,0.0,0.0,0.0,0.0,0.0,0.0,0.0,0.0,0.0,0.0,0.0,0.0,354,,0,,,,,,,,
3232,1322,WR bench,,1312,Josh Bellamy,WR,FA,32,72,208,Louisville,0,1989-05-18,10,False,Active,,,,,703,0.0,0.0,0.0,0.0,0.0,0.0,0.0,0.0,0.0,0.0,0.0,0.0,0.0,0.0,0.0,0.0,0.0,0.0,0.0,0.0,0.0,0.0,0.0,0.0,0.0,0.0,1322,,0,,,,,,,,
906,186,TE depth,,2460,C.J. Uzomah,TE,FA,32,78,262,Auburn,47,1993-01-14,10,False,Active,,,,,455,0.0,0.0,0.0,0.0,0.0,0.0,0.0,0.0,0.0,0.0,0.0,0.0,0.0,7.0,0.0,0.0,0.0,0.0,0.0,0.0,0.0,0.0,0.0,0.0,0.0,0.0,643,170.0,1,0,957,,,170.0,,,-21
3234,355,QB bench,,8429,Levi Lewis,QB,FA,24,69,192,Louisiana,0,1998-05-09,1,False,Active,,,,,9999999,0.0,0.0,0.0,0.0,0.0,0.0,0.0,0.0,0.0,0.0,0.0,0.0,0.0,0.0,0.0,0.0,0.0,0.0,0.0,0.0,0.0,0.0,0.0,0.0,0.0,0.0,355,,0,,,,,,,,
3235,1323,WR bench,,7368,Sean Riley,WR,FA,24,68,178,Syracuse,0,1997-10-31,2,False,Active,,,,,9999999,0.0,0.0,0.0,0.0,0.0,0.0,0.0,0.0,0.0,0.0,0.0,0.0,0.0,0.0,0.0,0.0,0.0,0.0,0.0,0.0,0.0,0.0,0.0,0.0,0.0,0.0,1323,,0,,,,,,,,
3236,725,RB bench,,2560,Zach Zenner,RB,FA,30,71,224,South Dakota State,22,1991-09-13,7,False,Active,,,,,9999999,0.0,0.0,0.0,0.0,0.0,0.0,0.0,0.0,0.0,0.0,0.0,0.0,0.0,0.0,0.0,0.0,0.0,0.0,0.0,0.0,0.0,0.0,0.0,0.0,0.0,0.0,725,,0,,,,,,,,
907,328,WR depth,,8176,Danny Gray,WR,PHI,27,72,200,SMU,82,1999-04-01,4,False,Active,,,8,WR8,999,0.0,0.0,0.0,0.0,0.0,0.0,0.0,0.0,0.0,0.0,0.0,0.0,0.0,0.0,0.0,0.0,0.0,0.0,0.0,0.0,0.0,0.0,0.0,0.0,0.0,0.0,1324,170.0,1,0,570,,,170.0,,,-409
3238,1325,WR bench,,4520,Travin Dural,WR,FA,28,74,207,Louisiana State,14,1993-11-19,5,False,Active,,,,,9999999,0.0,0.0,0.0,0.0,0.0,0.0,0.0,0.0,0.0,0.0,0.0,0.0,0.0,0.0,0.0,0.0,0.0,0.0,0.0,0.0,0.0,0.0,0.0,0.0,0.0,0.0,1325,,0,,,,,,,,
1358,305,RB depth,,3929,Terry Williams,RB,FA,,"5'8""",191,Kutztown,36,,0,True,Inactive,,,,,9999999,0.0,0.0,0.0,0.0,0.0,0.0,0.0,0.0,0.0,0.0,0.0,0.0,0.0,0.0,0.0,0.0,0.0,0.0,0.0,0.0,0.0,0.0,0.0,0.0,0.0,0.0,726,,0,,,,,,,,
3240,1326,WR bench,,1971,Donte Moncrief,WR,FA,28,74,216,Mississippi,12,1993-08-06,8,False,Active,,,,,333,0.0,0.0,0.0,0.0,0.0,0.0,0.0,0.0,0.0,0.0,0.0,0.0,0.0,0.0,0.0,0.0,0.0,0.0,0.0,0.0,0.0,0.0,0.0,0.0,0.0,0.0,1326,,0,,,,,,,,
3241,1327,WR bench,,6088,Bisi Johnson,WR,FA,25,72,210,Colorado State,81,1997-03-17,4,False,Inactive,,,,,9999999,0.0,0.0,0.0,0.0,0.0,0.0,0.0,0.0,0.0,0.0,0.0,0.0,0.0,0.0,0.0,0.0,0.0,0.0,0.0,0.0,0.0,0.0,0.0,0.0,0.0,0.0,1327,,0,,,,,,,,
3242,1328,WR bench,,5255,Teo Redding,WR,FA,27,73,176,Bowling Green,88,1994-12-08,4,False,Active,,,,,9999999,0.0,0.0,0.0,0.0,0.0,0.0,0.0,0.0,0.0,0.0,0.0,0.0,0.0,0.0,0.0,0.0,0.0,0.0,0.0,0.0,0.0,0.0,0.0,0.0,0.0,0.0,1328,,0,,,,,,,,
3243,1329,WR bench,,12395,Tanner Knue,WR,FA,26,71,178,Eastern Michigan,,1999-11-26,2,False,Active,,,,,551,0.0,0.0,0.0,0.0,0.0,0.0,0.0,0.0,0.0,0.0,0.0,0.0,0.0,0.0,0.0,0.0,0.0,0.0,0.0,0.0,0.0,0.0,0.0,0.0,0.0,0.0,1329,,0,,,,,,,,
3244,644,TE bench,,6181,Trevon Wesco,TE,FA,29,75,267,West Virginia,48,1995-09-12,5,False,Active,,,,,519,0.0,0.0,0.0,0.0,0.0,0.0,0.0,0.0,0.0,0.0,0.0,0.0,0.0,0.0,0.0,0.0,0.0,0.0,0.0,0.0,0.0,0.0,0.0,0.0,0.0,0.0,644,,0,,,,,,,,
3245,1330,WR bench,,4036,Corey Davis,WR,FA,28,75,209,Western Michigan,84,1995-01-11,6,False,Active,,,,,501,0.0,0.0,0.0,0.0,0.0,0.0,0.0,0.0,0.0,0.0,0.0,0.0,0.0,0.0,0.0,0.0,0.0,0.0,0.0,0.0,0.0,0.0,0.0,0.0,0.0,0.0,1330,,0,,,,,,,,
1359,265,TE depth,,13827,Tanner Arkin,TE,NE,23,76,262,Illinois,84,2003-07-07,0,True,Active,,,,,9999999,0.0,0.0,0.0,0.0,0.0,0.0,0.0,0.0,0.0,0.0,0.0,0.0,0.0,0.0,0.0,0.0,0.0,0.0,0.0,0.0,0.0,0.0,0.0,0.0,0.0,0.0,645,,0,,,,,,,,
908,116,QB depth,,5806,John Wolford,QB,FA,30,73,218,Wake Forest,5,1995-10-16,8,False,Active,,,,,888,0.0,0.0,0.0,0.0,0.0,0.0,0.0,0.0,0.0,0.0,0.0,0.0,0.0,0.0,0.0,0.0,0.0,0.0,0.0,0.0,0.0,0.0,0.0,0.0,0.0,0.0,356,170.0,1,0,895,,,170.0,,,-85
3248,1331,WR bench,,8439,Demetris Robertson,WR,FA,25,71,183,Auburn,0,1997-04-13,1,False,Active,,,,,9999999,0.0,0.0,0.0,0.0,0.0,0.0,0.0,0.0,0.0,0.0,0.0,0.0,0.0,0.0,0.0,0.0,0.0,0.0,0.0,0.0,0.0,0.0,0.0,0.0,0.0,0.0,1331,,0,,,,,,,,
362,51,TE depth,,11467,John Samuel Shenker,TE,FA,26,76,249,Auburn,86,1998-09-02,2,False,Active,,,,,611,0.0,0.0,0.0,0.0,0.0,0.0,0.0,0.0,0.0,0.0,0.0,0.0,0.0,8.0,1.7,0.21,0.0,0.0,0.0,0.0,0.0,0.0,1.0,1.0,7.0,0.0,646,169.9,1,0,323,,,169.9,,,-658
3250,647,TE bench,,7131,Tyler Davis,TE,FA,28,77,252,Georgia Tech,30,1997-04-02,5,False,Active,,,,,706,0.0,0.0,0.0,0.0,0.0,0.0,0.0,0.0,0.0,0.0,0.0,0.0,0.0,0.0,0.0,0.0,0.0,0.0,0.0,0.0,0.0,0.0,0.0,0.0,0.0,0.0,647,,0,,,,,,,,
1360,168,QB depth,,13602,Jack Strand,QB,ATL,22,77,240,Minnesota State Moorhead,18,2004-06-23,0,True,Active,,,,,9999999,0.0,0.0,0.0,0.0,0.0,0.0,0.0,0.0,0.0,0.0,0.0,0.0,0.0,0.0,0.0,0.0,0.0,0.0,0.0,0.0,0.0,0.0,0.0,0.0,0.0,0.0,357,,0,,,,,,,,
3252,358,QB bench,,12324,William Thompson,QB,FA,,73,197,Wabash,,,1,False,Active,,,,,9999999,0.0,0.0,0.0,0.0,0.0,0.0,0.0,0.0,0.0,0.0,0.0,0.0,0.0,0.0,0.0,0.0,0.0,0.0,0.0,0.0,0.0,0.0,0.0,0.0,0.0,0.0,358,,0,,,,,,,,
3253,1332,WR bench,,12788,Will Sheppard,WR,GB,24,75,196,Colorado,82,2002-02-11,1,False,Active,,,,,9999999,0.0,0.0,0.0,0.0,0.0,0.0,0.0,0.0,0.0,0.0,0.0,0.0,0.0,0.0,0.0,0.0,0.0,0.0,0.0,0.0,0.0,0.0,0.0,0.0,0.0,0.0,1332,,0,,,,,,,,
1361,520,WR depth,,13708,Kobe Prentice,WR,NE,22,70,184,Baylor,19,2004-03-10,0,True,Active,,,,,9999999,0.0,0.0,0.0,0.0,0.0,0.0,0.0,0.0,0.0,0.0,0.0,0.0,0.0,0.0,0.0,0.0,0.0,0.0,0.0,0.0,0.0,0.0,0.0,0.0,0.0,0.0,1333,,0,,,,,,,,
1362,306,RB depth,,13768,Josh Pitsenburger,RB,FA,,72,215,Yale,,,0,True,Active,,,,,9999999,0.0,0.0,0.0,0.0,0.0,0.0,0.0,0.0,0.0,0.0,0.0,0.0,0.0,0.0,0.0,0.0,0.0,0.0,0.0,0.0,0.0,0.0,0.0,0.0,0.0,0.0,727,,0,,,,,,,,
3256,648,TE bench,,5245,Troy Mangen,TE,FA,27,78,256,Ohio,80,1994-07-25,4,False,Active,,,,,9999999,0.0,0.0,0.0,0.0,0.0,0.0,0.0,0.0,0.0,0.0,0.0,0.0,0.0,0.0,0.0,0.0,0.0,0.0,0.0,0.0,0.0,0.0,0.0,0.0,0.0,0.0,648,,0,,,,,,,,
3257,1334,WR bench,,7340,Brandon Polk,WR,FA,25,69,175,James Madison,0,1996-12-10,2,False,Active,,,,,9999999,0.0,0.0,0.0,0.0,0.0,0.0,0.0,0.0,0.0,0.0,0.0,0.0,0.0,0.0,0.0,0.0,0.0,0.0,0.0,0.0,0.0,0.0,0.0,0.0,0.0,0.0,1334,,0,,,,,,,,
1363,521,WR depth,,13617,Luke Wysong,WR,FA,23,70,186,Arizona,17,2003-05-29,0,True,Active,,,,,9999999,0.0,0.0,0.0,0.0,0.0,0.0,0.0,0.0,0.0,0.0,0.0,0.0,0.0,0.0,0.0,0.0,0.0,0.0,0.0,0.0,0.0,0.0,0.0,0.0,0.0,0.0,1335,,0,,,,,,,,
909,329,WR depth,,11506,Jalen Moreno-Cropper,WR,NO,25,72,172,Fresno State,85,2001-05-03,3,False,Active,,,,,9999999,3.0,0.0,0.0,0.0,0.0,0.0,0.0,0.0,0.0,0.0,0.0,0.0,0.0,1.0,0.0,0.0,0.0,0.0,0.0,0.0,0.0,0.0,0.0,0.0,0.0,0.0,1336,170.0,1,0,771,,,170.0,,,-211
910,198,RB depth,,4029,Dalvin Cook,RB,FA,29,70,210,Florida State,20,1995-08-10,8,False,Active,,,,,617,0.0,0.0,0.0,0.0,0.0,0.0,0.0,0.0,0.0,0.0,0.0,0.0,0.0,2.0,4.0,2.0,0.0,0.0,0.0,8.0,20.0,0.0,1.0,1.0,10.0,0.0,728,170.0,1,0,680,,,170.0,,,-303
3261,729,RB bench,,12797,Ahmani Marshall,RB,CLE,24,73,225,Appalachian State,23,2002-03-21,1,False,Active,,,,,999,0.0,0.0,0.0,0.0,0.0,0.0,0.0,0.0,0.0,0.0,0.0,0.0,0.0,0.0,0.0,0.0,0.0,0.0,0.0,0.0,0.0,0.0,0.0,0.0,0.0,0.0,729,,0,,,,,,,,
1364,72,K depth,,13813,Laith Marjan,K,PIT,,74,210,Kansas,34,,0,True,Active,,,,K1,9999999,0.0,0.0,0.0,0.0,0.0,0.0,0.0,0.0,0.0,0.0,0.0,0.0,0.0,0.0,0.0,0.0,0.0,0.0,0.0,0.0,0.0,0.0,0.0,0.0,0.0,0.0,159,,0,,,,,,,,
3263,1337,WR bench,,7890,Javon McKinley,WR,FA,24,74,215,Notre Dame,0,1998-04-10,1,False,Inactive,,,,,9999999,0.0,0.0,0.0,0.0,0.0,0.0,0.0,0.0,0.0,0.0,0.0,0.0,0.0,0.0,0.0,0.0,0.0,0.0,0.0,0.0,0.0,0.0,0.0,0.0,0.0,0.0,1337,,0,,,,,,,,
1365,307,RB depth,,13750,TJ Harden,RB,SEA,22,72,218,SMU,36,2004-04-23,0,True,Active,,,,,9999999,0.0,0.0,0.0,0.0,0.0,0.0,0.0,0.0,0.0,0.0,0.0,0.0,0.0,0.0,0.0,0.0,0.0,0.0,0.0,0.0,0.0,0.0,0.0,0.0,0.0,0.0,730,,0,,,,,,,,
1366,522,WR depth,,3690,Antwane Grant,WR,FA,26,"5'11""",190,Western Kentucky,82,1992-08-14,0,True,Inactive,,,,,9999999,0.0,0.0,0.0,0.0,0.0,0.0,0.0,0.0,0.0,0.0,0.0,0.0,0.0,0.0,0.0,0.0,0.0,0.0,0.0,0.0,0.0,0.0,0.0,0.0,0.0,0.0,1338,,0,,,,,,,,
911,330,WR depth,,11619,Ja'Lynn Polk,WR,FA,24,73,203,Washington,13,2002-04-11,2,False,Active,NA,,,,999,0.0,0.0,0.0,0.0,0.0,0.0,0.0,0.0,0.0,0.0,0.0,0.0,0.0,15.0,32.7,2.18,0.0,0.0,0.0,1.0,0.0,0.0,12.0,33.0,87.0,2.0,1339,170.0,1,0,618,,,170.0,,,-366
3267,1340,WR bench,,11982,Isaiah Washington,WR,FA,23,74,214,Rutgers,,2001-05-04,1,False,Active,,,,,9999999,0.0,0.0,0.0,0.0,0.0,0.0,0.0,0.0,0.0,0.0,0.0,0.0,0.0,0.0,0.0,0.0,0.0,0.0,0.0,0.0,0.0,0.0,0.0,0.0,0.0,0.0,1340,,0,,,,,,,,
3268,731,RB bench,,7574,Larry Rountree,RB,FA,24,70,210,Missouri,30,1999-02-13,2,False,Active,,,,,9999999,0.0,0.0,0.0,0.0,0.0,0.0,0.0,0.0,0.0,0.0,0.0,0.0,0.0,0.0,0.0,0.0,0.0,0.0,0.0,0.0,0.0,0.0,0.0,0.0,0.0,0.0,731,,0,,,,,,,,
1367,169,QB depth,,5281,Troy Williams,QB,FA,,"6'2""",208,None,3,,0,True,Inactive,,,,,9999999,0.0,0.0,0.0,0.0,0.0,0.0,0.0,0.0,0.0,0.0,0.0,0.0,0.0,0.0,0.0,0.0,0.0,0.0,0.0,0.0,0.0,0.0,0.0,0.0,0.0,0.0,359,,0,,,,,,,,
1368,523,WR depth,,13621,Dillon Bell,WR,MIN,22,72,209,Georgia,89,2003-11-06,0,True,Active,,,,,9999999,0.0,0.0,0.0,0.0,0.0,0.0,0.0,0.0,0.0,0.0,0.0,0.0,0.0,0.0,0.0,0.0,0.0,0.0,0.0,0.0,0.0,0.0,0.0,0.0,0.0,0.0,1341,,0,,,,,,,,
3271,732,RB bench,,4152,Marlon Mack,RB,FA,28,71,210,South Florida,32,1996-03-07,7,False,Active,,,,,9999999,0.0,0.0,0.0,0.0,0.0,0.0,0.0,0.0,0.0,0.0,0.0,0.0,0.0,0.0,0.0,0.0,0.0,0.0,0.0,0.0,0.0,0.0,0.0,0.0,0.0,0.0,732,,0,,,,,,,,
3272,1342,WR bench,,12799,Bryson Green,WR,ARI,23,73,210,Wisconsin,39,2002-12-30,1,False,Active,,,,,9999999,0.0,0.0,0.0,0.0,0.0,0.0,0.0,0.0,0.0,0.0,0.0,0.0,0.0,0.0,0.0,0.0,0.0,0.0,0.0,0.0,0.0,0.0,0.0,0.0,0.0,0.0,1342,,0,,,,,,,,
1369,170,QB depth,,7,Kurt Warner,QB,FA,47,"6'2""",214,Northern Iowa,13,1971-06-22,0,True,Inactive,,,,,9999999,0.0,0.0,0.0,0.0,0.0,0.0,0.0,0.0,0.0,0.0,0.0,0.0,0.0,0.0,0.0,0.0,0.0,0.0,0.0,0.0,0.0,0.0,0.0,0.0,0.0,0.0,360,,0,,,,,,,,
1370,266,TE depth,,13324,Matt Hibner,TE,BAL,24,76,251,SMU,88,2002-03-09,0,True,Active,,,2,TE2,999,0.0,0.0,0.0,0.0,0.0,0.0,0.0,0.0,0.0,0.0,0.0,0.0,0.0,0.0,0.0,0.0,0.0,0.0,0.0,0.0,0.0,0.0,0.0,0.0,0.0,0.0,649,,0,,,,,,,,
3275,650,TE bench,,3497,Darion Griswold,TE,FA,29,77,255,Arkansas State,83,1992-12-23,6,False,Active,,,,,9999999,0.0,0.0,0.0,0.0,0.0,0.0,0.0,0.0,0.0,0.0,0.0,0.0,0.0,0.0,0.0,0.0,0.0,0.0,0.0,0.0,0.0,0.0,0.0,0.0,0.0,0.0,650,,0,,,,,,,,
3276,1343,WR bench,,4595,Dontez Ford,WR,FA,27,74,210,Pittsburgh,83,1994-02-03,5,False,Active,,,,,9999999,0.0,0.0,0.0,0.0,0.0,0.0,0.0,0.0,0.0,0.0,0.0,0.0,0.0,0.0,0.0,0.0,0.0,0.0,0.0,0.0,0.0,0.0,0.0,0.0,0.0,0.0,1343,,0,,,,,,,,
3277,1344,WR bench,,4360,Fred Ross,WR,FA,26,74,210,Mississippi State,2,1995-05-19,5,False,Inactive,,,,,9999999,0.0,0.0,0.0,0.0,0.0,0.0,0.0,0.0,0.0,0.0,0.0,0.0,0.0,0.0,0.0,0.0,0.0,0.0,0.0,0.0,0.0,0.0,0.0,0.0,0.0,0.0,1344,,0,,,,,,,,
3278,1345,WR bench,,4670,Artavis Scott,WR,FA,27,71,195,Clemson,0,1994-10-12,5,False,Active,,,,,1279,0.0,0.0,0.0,0.0,0.0,0.0,0.0,0.0,0.0,0.0,0.0,0.0,0.0,0.0,0.0,0.0,0.0,0.0,0.0,0.0,0.0,0.0,0.0,0.0,0.0,0.0,1345,,0,,,,,,,,
133,54,WR depth,,13298,KC Concepcion,WR,CLE,21,72,190,Texas A&M,1,2004-09-23,0,True,Active,,,2,WR2,116,0.0,0.0,0.0,0.0,0.0,0.0,0.0,0.0,0.0,0.0,0.0,0.0,0.0,0.0,0.0,0.0,0.0,0.0,0.0,0.0,0.0,0.0,0.0,0.0,0.0,0.0,1346,137.9,2,9,130,,128.5,147.3,,,-855
1371,308,RB depth,,13873,Sam Scott,RB,NYJ,,73,213,Wyoming,25,,0,True,Active,,,,,9999999,0.0,0.0,0.0,0.0,0.0,0.0,0.0,0.0,0.0,0.0,0.0,0.0,0.0,0.0,0.0,0.0,0.0,0.0,0.0,0.0,0.0,0.0,0.0,0.0,0.0,0.0,733,,0,,,,,,,,
1372,524,WR depth,,13861,Daniel Sobkowicz,WR,HOU,23,75,205,Illinois State,17,2002-09-16,0,True,Active,,,,,9999999,0.0,0.0,0.0,0.0,0.0,0.0,0.0,0.0,0.0,0.0,0.0,0.0,0.0,0.0,0.0,0.0,0.0,0.0,0.0,0.0,0.0,0.0,0.0,0.0,0.0,0.0,1347,,0,,,,,,,,
1373,267,TE depth,,13777,Ademola Faleye,TE,FA,24,79,253,Washington State,,2002-03-09,0,True,Active,,,,,9999999,0.0,0.0,0.0,0.0,0.0,0.0,0.0,0.0,0.0,0.0,0.0,0.0,0.0,0.0,0.0,0.0,0.0,0.0,0.0,0.0,0.0,0.0,0.0,0.0,0.0,0.0,651,,0,,,,,,,,
3283,1348,WR bench,,9491,Ty Scott,WR,FA,25,73,199,Missouri State,81,1999-03-27,1,False,Active,,,,,544,0.0,0.0,0.0,0.0,0.0,0.0,0.0,0.0,0.0,0.0,0.0,0.0,0.0,0.0,0.0,0.0,0.0,0.0,0.0,0.0,0.0,0.0,0.0,0.0,0.0,0.0,1348,,0,,,,,,,,
3284,652,TE bench,,7502,Dominique Dafney,TE,FA,28,75,235,Indiana State,46,1997-06-03,5,False,Active,,,,,511,0.0,0.0,0.0,0.0,0.0,0.0,0.0,0.0,0.0,0.0,0.0,0.0,0.0,0.0,0.0,0.0,0.0,0.0,0.0,0.0,0.0,0.0,0.0,0.0,0.0,0.0,652,,0,,,,,,,,
3285,734,RB bench,,7464,Connor Slomka,RB,FA,24,72,240,Army,0,1997-05-30,2,False,Active,,,,,1787,0.0,0.0,0.0,0.0,0.0,0.0,0.0,0.0,0.0,0.0,0.0,0.0,0.0,0.0,0.0,0.0,0.0,0.0,0.0,0.0,0.0,0.0,0.0,0.0,0.0,0.0,734,,0,,,,,,,,
3286,361,QB bench,,2582,Cole Stoudt,QB,FA,33,76,220,Clemson,16,1992-10-23,11,False,Active,,,,,9999999,0.0,0.0,0.0,0.0,0.0,0.0,0.0,0.0,0.0,0.0,0.0,0.0,0.0,0.0,0.0,0.0,0.0,0.0,0.0,0.0,0.0,0.0,0.0,0.0,0.0,0.0,361,,0,,,,,,,,
3287,735,RB bench,,7549,CJ Marable,RB,FA,26,70,200,Coastal Carolina,37,1997-02-02,2,False,Active,,,,,9999999,0.0,0.0,0.0,0.0,0.0,0.0,0.0,0.0,0.0,0.0,0.0,0.0,0.0,0.0,0.0,0.0,0.0,0.0,0.0,0.0,0.0,0.0,0.0,0.0,0.0,0.0,735,,0,,,,,,,,
1374,525,WR depth,,13783,Raylen Sharpe,WR,IND,,69,173,Arkansas,8,,0,True,Active,,,,,9999999,0.0,0.0,0.0,0.0,0.0,0.0,0.0,0.0,0.0,0.0,0.0,0.0,0.0,0.0,0.0,0.0,0.0,0.0,0.0,0.0,0.0,0.0,0.0,0.0,0.0,0.0,1349,,0,,,,,,,,
1375,526,WR depth,,13663,Wesley Grimes,WR,SF,22,74,194,NC State,18,2004-03-09,0,True,Active,,,,,9999999,0.0,0.0,0.0,0.0,0.0,0.0,0.0,0.0,0.0,0.0,0.0,0.0,0.0,0.0,0.0,0.0,0.0,0.0,0.0,0.0,0.0,0.0,0.0,0.0,0.0,0.0,1350,,0,,,,,,,,
3290,362,QB bench,,12361,Aeneas Dennis,QB,FA,,73,200,Benedict,,,1,False,Active,,,,,9999999,0.0,0.0,0.0,0.0,0.0,0.0,0.0,0.0,0.0,0.0,0.0,0.0,0.0,0.0,0.0,0.0,0.0,0.0,0.0,0.0,0.0,0.0,0.0,0.0,0.0,0.0,362,,0,,,,,,,,
912,187,TE depth,,12256,Baylor Cupp,TE,FA,25,78,243,Texas Tech,17,2000-05-10,1,False,Active,,,,,402,0.0,0.0,0.0,0.0,0.0,0.0,0.0,0.0,0.0,0.0,0.0,0.0,0.0,1.0,0.0,0.0,0.0,0.0,0.0,0.0,0.0,0.0,0.0,1.0,0.0,0.0,653,170.0,1,0,430,,,170.0,,,-556
3292,654,TE bench,,587,Logan Paulsen,TE,FA,34,77,268,UCLA,0,1987-02-26,12,False,Active,,,,,9999999,0.0,0.0,0.0,0.0,0.0,0.0,0.0,0.0,0.0,0.0,0.0,0.0,0.0,0.0,0.0,0.0,0.0,0.0,0.0,0.0,0.0,0.0,0.0,0.0,0.0,0.0,654,,0,,,,,,,,
3293,655,TE bench,,7985,Pro Wells,TE,FA,,76,250,TCU,88,,1,False,Active,,,,,,0.0,0.0,0.0,0.0,0.0,0.0,0.0,0.0,0.0,0.0,0.0,0.0,0.0,0.0,0.0,0.0,0.0,0.0,0.0,0.0,0.0,0.0,0.0,0.0,0.0,0.0,655,,0,,,,,,,,
3294,1351,WR bench,,1215,Jarius Wright,WR,FA,32,70,191,Arkansas,13,1989-11-25,10,False,Active,,,,,687,0.0,0.0,0.0,0.0,0.0,0.0,0.0,0.0,0.0,0.0,0.0,0.0,0.0,0.0,0.0,0.0,0.0,0.0,0.0,0.0,0.0,0.0,0.0,0.0,0.0,0.0,1351,,0,,,,,,,,
3295,1352,WR bench,,4252,Isaiah Ford,WR,FA,27,74,195,Virginia Tech,32,1996-02-09,6,False,Inactive,,,,,9999999,0.0,0.0,0.0,0.0,0.0,0.0,0.0,0.0,0.0,0.0,0.0,0.0,0.0,0.0,0.0,0.0,0.0,0.0,0.0,0.0,0.0,0.0,0.0,0.0,0.0,0.0,1352,,0,,,,,,,,
3296,736,RB bench,,3300,DeAndre Washington,RB,FA,28,68,210,Texas Tech,31,1993-02-22,6,False,Inactive,,,,,284,0.0,0.0,0.0,0.0,0.0,0.0,0.0,0.0,0.0,0.0,0.0,0.0,0.0,0.0,0.0,0.0,0.0,0.0,0.0,0.0,0.0,0.0,0.0,0.0,0.0,0.0,736,,0,,,,,,,,
3297,1353,WR bench,,7334,Earnest Edwards,WR,FA,23,70,175,Maine,0,1998-03-30,2,False,Inactive,,,,,9999999,0.0,0.0,0.0,0.0,0.0,0.0,0.0,0.0,0.0,0.0,0.0,0.0,0.0,0.0,0.0,0.0,0.0,0.0,0.0,0.0,0.0,0.0,0.0,0.0,0.0,0.0,1353,,0,,,,,,,,
3298,1354,WR bench,,3917,Kendal Thompson,WR,FA,29,74,195,Utah,15,1992-05-14,6,False,Inactive,,,,,9999999,0.0,0.0,0.0,0.0,0.0,0.0,0.0,0.0,0.0,0.0,0.0,0.0,0.0,0.0,0.0,0.0,0.0,0.0,0.0,0.0,0.0,0.0,0.0,0.0,0.0,0.0,1354,,0,,,,,,,,
3299,656,TE bench,,11245,Patrick Murtagh,TE,FA,25,78,250,,86,2000-02-11,2,False,Active,,,,,517,0.0,0.0,0.0,0.0,0.0,0.0,0.0,0.0,0.0,0.0,0.0,0.0,0.0,0.0,0.0,0.0,0.0,0.0,0.0,0.0,0.0,0.0,0.0,0.0,0.0,0.0,656,,0,,,,,,,,
1376,527,WR depth,,13981,Kolbe Katsis,WR,DEN,24,73,185,Northern Arizona,81,2001-12-28,0,True,Active,,,,,9999999,0.0,0.0,0.0,0.0,0.0,0.0,0.0,0.0,0.0,0.0,0.0,0.0,0.0,0.0,0.0,0.0,0.0,0.0,0.0,0.0,0.0,0.0,0.0,0.0,0.0,0.0,1355,,0,,,,,,,,
3301,1356,WR bench,,6549,Damion Willis,WR,FA,24,75,204,Troy,0,1997-06-20,3,False,Active,,,,,9999999,0.0,0.0,0.0,0.0,0.0,0.0,0.0,0.0,0.0,0.0,0.0,0.0,0.0,0.0,0.0,0.0,0.0,0.0,0.0,0.0,0.0,0.0,0.0,0.0,0.0,0.0,1356,,0,,,,,,,,
3302,1357,WR bench,,3895,Marvin Hall,WR,FA,29,70,190,Washington,14,1993-04-10,6,False,Active,,,,,9999999,0.0,0.0,0.0,0.0,0.0,0.0,0.0,0.0,0.0,0.0,0.0,0.0,0.0,0.0,0.0,0.0,0.0,0.0,0.0,0.0,0.0,0.0,0.0,0.0,0.0,0.0,1357,,0,,,,,,,,
3303,737,RB bench,,3354,Derek Watt,RB,FA,30,74,234,Wisconsin,44,1992-11-07,7,False,Active,,,,,9999999,0.0,0.0,0.0,0.0,0.0,0.0,0.0,0.0,0.0,0.0,0.0,0.0,0.0,0.0,0.0,0.0,0.0,0.0,0.0,0.0,0.0,0.0,0.0,0.0,0.0,0.0,737,,0,,,,,,,,
913,331,WR depth,,11640,Jermaine Burton,WR,FA,24,72,204,Alabama,81,2001-06-28,1,False,Active,,,,,300,0.0,0.0,0.0,0.0,0.0,0.0,0.0,0.0,0.0,0.0,0.0,0.0,0.0,14.0,14.7,1.05,0.0,0.0,0.0,0.0,0.0,0.0,4.0,14.0,107.0,0.0,1358,170.0,1,0,864,,,170.0,,,-123
914,332,WR depth,,13541,Lewis Bond,WR,HOU,23,71,190,Boston College,82,2003-05-29,0,True,Active,,,8,WR8,9999999,0.0,0.0,0.0,0.0,0.0,0.0,0.0,0.0,0.0,0.0,0.0,0.0,0.0,0.0,0.0,0.0,0.0,0.0,0.0,0.0,0.0,0.0,0.0,0.0,0.0,0.0,1359,170.0,1,0,804,,,170.0,,,-184
3306,1360,WR bench,,11284,Cody Chrest,WR,FA,,73,199,Sam Houston State,9,,1,False,Active,,,,,9999999,0.0,0.0,0.0,0.0,0.0,0.0,0.0,0.0,0.0,0.0,0.0,0.0,0.0,0.0,0.0,0.0,0.0,0.0,0.0,0.0,0.0,0.0,0.0,0.0,0.0,0.0,1360,,0,,,,,,,,
1377,268,TE depth,,13913,Patrick Gurd,TE,LV,,76,250,Cincinnati,45,,0,True,Active,,,,,9999999,0.0,0.0,0.0,0.0,0.0,0.0,0.0,0.0,0.0,0.0,0.0,0.0,0.0,0.0,0.0,0.0,0.0,0.0,0.0,0.0,0.0,0.0,0.0,0.0,0.0,0.0,657,,0,,,,,,,,
3308,1361,WR bench,,6387,Nsimba Webster,WR,FA,29,70,180,Eastern Washington,83,1996-01-27,6,False,Active,,,,,9999999,0.0,0.0,0.0,0.0,0.0,0.0,0.0,0.0,0.0,0.0,0.0,0.0,0.0,0.0,0.0,0.0,0.0,0.0,0.0,0.0,0.0,0.0,0.0,0.0,0.0,0.0,1361,,0,,,,,,,,
3309,738,RB bench,,3402,Zac Brooks,RB,FA,32,73,200,Clemson,30,1993-02-01,9,False,Active,,,,,9999999,0.0,0.0,0.0,0.0,0.0,0.0,0.0,0.0,0.0,0.0,0.0,0.0,0.0,0.0,0.0,0.0,0.0,0.0,0.0,0.0,0.0,0.0,0.0,0.0,0.0,0.0,738,,0,,,,,,,,
1378,309,RB depth,,11585,Player Invalid,RB,FA,,,,,,,0,True,Inactive,,,,,,0.0,0.0,0.0,0.0,0.0,0.0,0.0,0.0,0.0,0.0,0.0,0.0,0.0,0.0,0.0,0.0,0.0,0.0,0.0,0.0,0.0,0.0,0.0,0.0,0.0,0.0,739,,0,,,,,,,,
3311,1362,WR bench,,9496,Sam James,WR,FA,23,72,176,West Virginia,83,1999-10-31,1,False,Active,,,,,9999999,0.0,0.0,0.0,0.0,0.0,0.0,0.0,0.0,0.0,0.0,0.0,0.0,0.0,0.0,0.0,0.0,0.0,0.0,0.0,0.0,0.0,0.0,0.0,0.0,0.0,0.0,1362,,0,,,,,,,,
1379,310,RB depth,,6691,Ray Gene smith,RB,FA,,,302,Boston College,20,,0,True,Inactive,,,,,9999999,0.0,0.0,0.0,0.0,0.0,0.0,0.0,0.0,0.0,0.0,0.0,0.0,0.0,0.0,0.0,0.0,0.0,0.0,0.0,0.0,0.0,0.0,0.0,0.0,0.0,0.0,740,,0,,,,,,,,
3313,1363,WR bench,,4139,Amara Darboh,WR,FA,27,74,219,Michigan,17,1994-02-01,5,False,Active,,,,,433,0.0,0.0,0.0,0.0,0.0,0.0,0.0,0.0,0.0,0.0,0.0,0.0,0.0,0.0,0.0,0.0,0.0,0.0,0.0,0.0,0.0,0.0,0.0,0.0,0.0,0.0,1363,,0,,,,,,,,
3314,1364,WR bench,,7217,Trevontae Hights,WR,FA,24,75,195,Texas Christian,81,1997-02-07,2,False,Active,,,,,9999999,0.0,0.0,0.0,0.0,0.0,0.0,0.0,0.0,0.0,0.0,0.0,0.0,0.0,0.0,0.0,0.0,0.0,0.0,0.0,0.0,0.0,0.0,0.0,0.0,0.0,0.0,1364,,0,,,,,,,,
3315,741,RB bench,,7475,Napoleon Maxwell,RB,FA,25,72,215,Florida International,46,1996-03-27,2,False,Inactive,,,,,9999999,0.0,0.0,0.0,0.0,0.0,0.0,0.0,0.0,0.0,0.0,0.0,0.0,0.0,0.0,0.0,0.0,0.0,0.0,0.0,0.0,0.0,0.0,0.0,0.0,0.0,0.0,741,,0,,,,,,,,
3316,658,TE bench,,3596,Kivon Cartwright,TE,FA,29,76,245,Colorado State,46,1992-03-03,6,False,Active,,,,,9999999,0.0,0.0,0.0,0.0,0.0,0.0,0.0,0.0,0.0,0.0,0.0,0.0,0.0,0.0,0.0,0.0,0.0,0.0,0.0,0.0,0.0,0.0,0.0,0.0,0.0,0.0,658,,0,,,,,,,,
3317,1365,WR bench,,11070,Kazmeir Allen,WR,FA,25,68,176,UCLA,22,2000-02-29,2,False,Active,,,,,545,0.0,0.0,0.0,0.0,0.0,0.0,0.0,0.0,0.0,0.0,0.0,0.0,0.0,0.0,0.0,0.0,0.0,0.0,0.0,0.0,0.0,0.0,0.0,0.0,0.0,0.0,1365,,0,,,,,,,,
3318,1366,WR bench,,6468,Matthew Eaton,WR,FA,26,76,209,Iowa State,89,1995-12-09,3,False,Active,,,,,9999999,0.0,0.0,0.0,0.0,0.0,0.0,0.0,0.0,0.0,0.0,0.0,0.0,0.0,0.0,0.0,0.0,0.0,0.0,0.0,0.0,0.0,0.0,0.0,0.0,0.0,0.0,1366,,0,,,,,,,,
3319,1367,WR bench,,8175,Reggie Roberson,WR,FA,24,71,193,SMU,80,1998-10-14,1,False,Active,,,,,386,0.0,0.0,0.0,0.0,0.0,0.0,0.0,0.0,0.0,0.0,0.0,0.0,0.0,0.0,0.0,0.0,0.0,0.0,0.0,0.0,0.0,0.0,0.0,0.0,0.0,0.0,1367,,0,,,,,,,,
3320,1368,WR bench,,2934,Jonathon Rumph,WR,FA,33,77,218,Georgia,,1991-10-24,10,False,Active,,,,,9999999,0.0,0.0,0.0,0.0,0.0,0.0,0.0,0.0,0.0,0.0,0.0,0.0,0.0,0.0,0.0,0.0,0.0,0.0,0.0,0.0,0.0,0.0,0.0,0.0,0.0,0.0,1368,,0,,,,,,,,
915,333,WR depth,,6814,Laviska Shenault,WR,FA,26,73,227,Colorado,15,1998-10-05,5,False,Active,,,,,683,0.0,0.0,0.0,0.0,0.0,0.0,0.0,0.0,0.0,0.0,0.0,0.0,0.0,12.0,10.7,0.89,0.0,0.0,0.0,1.0,1.0,0.0,5.0,5.0,36.0,0.0,1369,170.0,1,0,687,,,170.0,,,-302
3322,1370,WR bench,,6939,Binjimen Victor,WR,FA,26,76,191,Ohio State,81,1997-01-15,3,False,Active,,,,,9999999,0.0,0.0,0.0,0.0,0.0,0.0,0.0,0.0,0.0,0.0,0.0,0.0,0.0,0.0,0.0,0.0,0.0,0.0,0.0,0.0,0.0,0.0,0.0,0.0,0.0,0.0,1370,,0,,,,,,,,
3323,742,RB bench,,7172,Mikey Daniel,RB,FA,25,72,235,South Dakota State,0,1996-11-03,2,False,Active,,,,,9999999,0.0,0.0,0.0,0.0,0.0,0.0,0.0,0.0,0.0,0.0,0.0,0.0,0.0,0.0,0.0,0.0,0.0,0.0,0.0,0.0,0.0,0.0,0.0,0.0,0.0,0.0,742,,0,,,,,,,,
1380,269,TE depth,,13879,Jameson Geers,TE,ARI,23,77,250,Minnesota,46,2002-12-05,0,True,Active,,,,,9999999,0.0,0.0,0.0,0.0,0.0,0.0,0.0,0.0,0.0,0.0,0.0,0.0,0.0,0.0,0.0,0.0,0.0,0.0,0.0,0.0,0.0,0.0,0.0,0.0,0.0,0.0,659,,0,,,,,,,,
1381,311,RB depth,,8422,Player Invalid,RB,FA,,,,,,,0,True,Inactive,,,,,,0.0,0.0,0.0,0.0,0.0,0.0,0.0,0.0,0.0,0.0,0.0,0.0,0.0,0.0,0.0,0.0,0.0,0.0,0.0,0.0,0.0,0.0,0.0,0.0,0.0,0.0,743,,0,,,,,,,,
3326,1371,WR bench,,12760,Rashod Owens,WR,FA,24,74,218,Oklahoma State,,2001-12-07,1,False,Active,,,,,641,0.0,0.0,0.0,0.0,0.0,0.0,0.0,0.0,0.0,0.0,0.0,0.0,0.0,0.0,0.0,0.0,0.0,0.0,0.0,0.0,0.0,0.0,0.0,0.0,0.0,0.0,1371,,0,,,,,,,,
3327,1372,WR bench,,4320,James Quick,WR,FA,27,73,180,Louisville,17,1994-10-06,5,False,Active,,,,,9999999,0.0,0.0,0.0,0.0,0.0,0.0,0.0,0.0,0.0,0.0,0.0,0.0,0.0,0.0,0.0,0.0,0.0,0.0,0.0,0.0,0.0,0.0,0.0,0.0,0.0,0.0,1372,,0,,,,,,,,
1382,312,RB depth,,13437,Noah Whittington,RB,HOU,24,68,203,Oregon,26,2001-12-13,0,True,Active,,,5,RB5,9999999,0.0,0.0,0.0,0.0,0.0,0.0,0.0,0.0,0.0,0.0,0.0,0.0,0.0,0.0,0.0,0.0,0.0,0.0,0.0,0.0,0.0,0.0,0.0,0.0,0.0,0.0,744,,0,,,,,,,,
3329,363,QB bench,,2576,Cody Fajardo,QB,FA,32,74,215,Nevada,0,1992-03-29,10,False,Active,,,,,9999999,0.0,0.0,0.0,0.0,0.0,0.0,0.0,0.0,0.0,0.0,0.0,0.0,0.0,0.0,0.0,0.0,0.0,0.0,0.0,0.0,0.0,0.0,0.0,0.0,0.0,0.0,363,,0,,,,,,,,
3330,660,TE bench,,2870,Ray Hamilton,TE,FA,32,77,252,Iowa,80,1992-10-28,10,False,Active,,,,,9999999,0.0,0.0,0.0,0.0,0.0,0.0,0.0,0.0,0.0,0.0,0.0,0.0,0.0,0.0,0.0,0.0,0.0,0.0,0.0,0.0,0.0,0.0,0.0,0.0,0.0,0.0,660,,0,,,,,,,,
3331,1373,WR bench,,3893,Reece Horn,WR,FA,28,75,215,Indianapolis,15,1993-02-01,6,False,Active,,,,,9999999,0.0,0.0,0.0,0.0,0.0,0.0,0.0,0.0,0.0,0.0,0.0,0.0,0.0,0.0,0.0,0.0,0.0,0.0,0.0,0.0,0.0,0.0,0.0,0.0,0.0,0.0,1373,,0,,,,,,,,
3332,1374,WR bench,,4411,R.J. Shelton,WR,FA,27,71,205,Michigan State,83,1994-05-06,5,False,Inactive,,,,,9999999,0.0,0.0,0.0,0.0,0.0,0.0,0.0,0.0,0.0,0.0,0.0,0.0,0.0,0.0,0.0,0.0,0.0,0.0,0.0,0.0,0.0,0.0,0.0,0.0,0.0,0.0,1374,,0,,,,,,,,
3333,1375,WR bench,,11913,Devron Harper,WR,FA,24,69,170,Mercer,,2000-05-13,1,False,Active,,,,,9999999,0.0,0.0,0.0,0.0,0.0,0.0,0.0,0.0,0.0,0.0,0.0,0.0,0.0,0.0,0.0,0.0,0.0,0.0,0.0,0.0,0.0,0.0,0.0,0.0,0.0,0.0,1375,,0,,,,,,,,
3334,745,RB bench,,6992,Michael Warren,RB,DET,23,71,224,Cincinnati,0,1998-11-12,2,False,Inactive,,,,,356,0.0,0.0,0.0,0.0,0.0,0.0,0.0,0.0,0.0,0.0,0.0,0.0,0.0,0.0,0.0,0.0,0.0,0.0,0.0,0.0,0.0,0.0,0.0,0.0,0.0,0.0,745,,0,,,,,,,,
3335,1376,WR bench,,12972,Roc Taylor,WR,CAR,23,73,213,Memphis,,2002-08-26,1,False,Active,,,,,9999999,0.0,0.0,0.0,0.0,0.0,0.0,0.0,0.0,0.0,0.0,0.0,0.0,0.0,0.0,0.0,0.0,0.0,0.0,0.0,0.0,0.0,0.0,0.0,0.0,0.0,0.0,1376,,0,,,,,,,,
916,334,WR depth,,2325,Nelson Agholor,WR,FA,31,72,200,USC,15,1993-05-24,10,False,Active,,,,,692,0.0,0.0,0.0,0.0,0.0,0.0,0.0,0.0,0.0,0.0,0.0,0.0,0.0,14.0,49.1,3.51,0.0,0.0,0.0,0.0,0.0,0.0,14.0,29.0,231.0,2.0,1377,170.0,1,0,962,,,170.0,,,-28
3337,1378,WR bench,,1567,Tavon Austin,WR,FA,32,68,185,West Virginia,86,1990-03-15,9,False,Active,,,,,500,0.0,0.0,0.0,0.0,0.0,0.0,0.0,0.0,0.0,0.0,0.0,0.0,0.0,0.0,0.0,0.0,0.0,0.0,0.0,0.0,0.0,0.0,0.0,0.0,0.0,0.0,1378,,0,,,,,,,,
3338,364,QB bench,,5597,Brogan Roback,QB,FA,27,75,218,Eastern Michigan,0,1994-08-29,4,False,Active,,,,,9999999,0.0,0.0,0.0,0.0,0.0,0.0,0.0,0.0,0.0,0.0,0.0,0.0,0.0,0.0,0.0,0.0,0.0,0.0,0.0,0.0,0.0,0.0,0.0,0.0,0.0,0.0,364,,0,,,,,,,,
3339,1379,WR bench,,7135,Freddie Swain,WR,FA,26,72,199,Florida,86,1998-08-04,4,False,Inactive,,,,,9999999,0.0,0.0,0.0,0.0,0.0,0.0,0.0,0.0,0.0,0.0,0.0,0.0,0.0,0.0,0.0,0.0,0.0,0.0,0.0,0.0,0.0,0.0,0.0,0.0,0.0,0.0,1379,,0,,,,,,,,
3340,746,RB bench,,4731,Joe Bacci,RB,FA,27,73,245,Central Michigan,0,1994-04-25,5,False,Active,,,,,9999999,0.0,0.0,0.0,0.0,0.0,0.0,0.0,0.0,0.0,0.0,0.0,0.0,0.0,0.0,0.0,0.0,0.0,0.0,0.0,0.0,0.0,0.0,0.0,0.0,0.0,0.0,746,,0,,,,,,,,
3341,661,TE bench,,6139,Jace Sternberger,TE,FA,27,76,251,Texas A&M,83,1996-06-26,4,False,Active,,,,,9999999,0.0,0.0,0.0,0.0,0.0,0.0,0.0,0.0,0.0,0.0,0.0,0.0,0.0,0.0,0.0,0.0,0.0,0.0,0.0,0.0,0.0,0.0,0.0,0.0,0.0,0.0,661,,0,,,,,,,,
3342,1380,WR bench,,7401,Khalil Tate,WR,FA,23,74,215,Arizona,17,1998-10-23,2,False,Inactive,,,,,9999999,0.0,0.0,0.0,0.0,0.0,0.0,0.0,0.0,0.0,0.0,0.0,0.0,0.0,0.0,0.0,0.0,0.0,0.0,0.0,0.0,0.0,0.0,0.0,0.0,0.0,0.0,1380,,0,,,,,,,,
3343,1381,WR bench,,3630,Durron Neal,WR,FA,31,71,199,Oklahoma,0,1993-11-03,9,False,Active,,,,,9999999,0.0,0.0,0.0,0.0,0.0,0.0,0.0,0.0,0.0,0.0,0.0,0.0,0.0,0.0,0.0,0.0,0.0,0.0,0.0,0.0,0.0,0.0,0.0,0.0,0.0,0.0,1381,,0,,,,,,,,
3344,365,QB bench,,12762,Payton Thorne,QB,FA,24,74,207,Auburn,,2001-06-26,1,False,Active,,,,,575,0.0,0.0,0.0,0.0,0.0,0.0,0.0,0.0,0.0,0.0,0.0,0.0,0.0,0.0,0.0,0.0,0.0,0.0,0.0,0.0,0.0,0.0,0.0,0.0,0.0,0.0,365,,0,,,,,,,,
917,335,WR depth,,13333,Deion Burks,WR,IND,23,69,180,Oklahoma,80,2003-01-08,0,True,Active,,,5,WR5,999,0.0,0.0,0.0,0.0,0.0,0.0,0.0,0.0,0.0,0.0,0.0,0.0,0.0,0.0,0.0,0.0,0.0,0.0,0.0,0.0,0.0,0.0,0.0,0.0,0.0,0.0,1382,170.0,1,0,669,,,170.0,,,-322
1383,313,RB depth,,13949,Damon Bankston,RB,NYG,23,70,186,New Mexico,37,2003-04-25,0,True,Active,,,,,9999999,0.0,0.0,0.0,0.0,0.0,0.0,0.0,0.0,0.0,0.0,0.0,0.0,0.0,0.0,0.0,0.0,0.0,0.0,0.0,0.0,0.0,0.0,0.0,0.0,0.0,0.0,747,,0,,,,,,,,
1384,314,RB depth,,14064,Roydell Williams,RB,IND,24,70,223,Florida State,36,2001-12-08,0,True,Active,,,,,9999999,0.0,0.0,0.0,0.0,0.0,0.0,0.0,0.0,0.0,0.0,0.0,0.0,0.0,0.0,0.0,0.0,0.0,0.0,0.0,0.0,0.0,0.0,0.0,0.0,0.0,0.0,748,,0,,,,,,,,
3348,749,RB bench,,2730,Kenneth Harper,RB,FA,32,70,223,Temple,33,1993-01-30,10,False,Active,,,,,9999999,0.0,0.0,0.0,0.0,0.0,0.0,0.0,0.0,0.0,0.0,0.0,0.0,0.0,0.0,0.0,0.0,0.0,0.0,0.0,0.0,0.0,0.0,0.0,0.0,0.0,0.0,749,,0,,,,,,,,
3349,750,RB bench,,7868,Mason Stokke,RB,CAR,,74,239,Wisconsin,40,,1,False,Active,,,,,,0.0,0.0,0.0,0.0,0.0,0.0,0.0,0.0,0.0,0.0,0.0,0.0,0.0,0.0,0.0,0.0,0.0,0.0,0.0,0.0,0.0,0.0,0.0,0.0,0.0,0.0,750,,0,,,,,,,,
3350,751,RB bench,,11174,Jack Colletto,RB,FA,25,75,237,Oregon State,45,1998-11-19,1,False,Active,,,,,416,0.0,0.0,0.0,0.0,0.0,0.0,0.0,0.0,0.0,0.0,0.0,0.0,0.0,0.0,0.0,0.0,0.0,0.0,0.0,0.0,0.0,0.0,0.0,0.0,0.0,0.0,751,,0,,,,,,,,
3351,1383,WR bench,,2962,Zach D'Orazio,WR,FA,33,74,212,Akron,0,1991-05-28,10,False,Active,,,,,9999999,0.0,0.0,0.0,0.0,0.0,0.0,0.0,0.0,0.0,0.0,0.0,0.0,0.0,0.0,0.0,0.0,0.0,0.0,0.0,0.0,0.0,0.0,0.0,0.0,0.0,0.0,1383,,0,,,,,,,,
3352,1384,WR bench,,5638,Shaq Roland,WR,CHI,,"6'2""",170,West Georgia,6,,1,False,Active,,,,,1104,0.0,0.0,0.0,0.0,0.0,0.0,0.0,0.0,0.0,0.0,0.0,0.0,0.0,0.0,0.0,0.0,0.0,0.0,0.0,0.0,0.0,0.0,0.0,0.0,0.0,0.0,1384,,0,,,,,,,,
3353,662,TE bench,,8038,Nick Guggemos,TE,FA,27,77,231,St. Thomas,83,1995-12-17,2,False,Active,,,,,9999999,0.0,0.0,0.0,0.0,0.0,0.0,0.0,0.0,0.0,0.0,0.0,0.0,0.0,0.0,0.0,0.0,0.0,0.0,0.0,0.0,0.0,0.0,0.0,0.0,0.0,0.0,662,,0,,,,,,,,
3354,366,QB bench,,12433,Ben Bryant,QB,FA,25,75,220,Northwestern,,1999-09-17,1,False,Active,,,,,9999999,0.0,0.0,0.0,0.0,0.0,0.0,0.0,0.0,0.0,0.0,0.0,0.0,0.0,0.0,0.0,0.0,0.0,0.0,0.0,0.0,0.0,0.0,0.0,0.0,0.0,0.0,366,,0,,,,,,,,
3355,752,RB bench,,13125,Micah Bernard,RB,FA,24,70,206,Utah,,2001-10-22,1,False,Active,,,,,692,0.0,0.0,0.0,0.0,0.0,0.0,0.0,0.0,0.0,0.0,0.0,0.0,0.0,0.0,0.0,0.0,0.0,0.0,0.0,0.0,0.0,0.0,0.0,0.0,0.0,0.0,752,,0,,,,,,,,
3356,663,TE bench,,4647,Colin Thompson,TE,FA,29,76,257,Temple,48,1993-12-15,6,False,Active,,,,,597,0.0,0.0,0.0,0.0,0.0,0.0,0.0,0.0,0.0,0.0,0.0,0.0,0.0,0.0,0.0,0.0,0.0,0.0,0.0,0.0,0.0,0.0,0.0,0.0,0.0,0.0,663,,0,,,,,,,,
3357,1385,WR bench,,8166,Dontario Drummond,WR,FA,26,73,220,Ole Miss,19,1997-08-22,1,False,Active,,,,,9999999,0.0,0.0,0.0,0.0,0.0,0.0,0.0,0.0,0.0,0.0,0.0,0.0,0.0,0.0,0.0,0.0,0.0,0.0,0.0,0.0,0.0,0.0,0.0,0.0,0.0,0.0,1385,,0,,,,,,,,
1385,270,TE depth,,8128,Player Invalid,TE,FA,,,,,,,0,True,Inactive,,,,,,0.0,0.0,0.0,0.0,0.0,0.0,0.0,0.0,0.0,0.0,0.0,0.0,0.0,0.0,0.0,0.0,0.0,0.0,0.0,0.0,0.0,0.0,0.0,0.0,0.0,0.0,664,,0,,,,,,,,
3359,665,TE bench,,13005,Anthony Torres,TE,FA,26,78,250,Toledo,,1999-10-26,1,False,Active,Questionable,,,,487,0.0,0.0,0.0,0.0,0.0,0.0,0.0,0.0,0.0,0.0,0.0,0.0,0.0,0.0,0.0,0.0,0.0,0.0,0.0,0.0,0.0,0.0,0.0,0.0,0.0,0.0,665,,0,,,,,,,,
3360,753,RB bench,,5278,Jarvion Franklin,RB,FA,26,72,225,Western Michigan,40,1995-12-09,4,False,Active,,,,,9999999,0.0,0.0,0.0,0.0,0.0,0.0,0.0,0.0,0.0,0.0,0.0,0.0,0.0,0.0,0.0,0.0,0.0,0.0,0.0,0.0,0.0,0.0,0.0,0.0,0.0,0.0,753,,0,,,,,,,,
3361,1386,WR bench,,11962,Tayvion Robinson,WR,FA,24,70,191,Kentucky,,2000-10-01,1,False,Active,,,,,642,0.0,0.0,0.0,0.0,0.0,0.0,0.0,0.0,0.0,0.0,0.0,0.0,0.0,0.0,0.0,0.0,0.0,0.0,0.0,0.0,0.0,0.0,0.0,0.0,0.0,0.0,1386,,0,,,,,,,,
3362,754,RB bench,,7560,Pooka Williams,RB,FA,23,69,177,Kansas,12,1999-06-19,1,False,Active,,,,,371,0.0,0.0,0.0,0.0,0.0,0.0,0.0,0.0,0.0,0.0,0.0,0.0,0.0,0.0,0.0,0.0,0.0,0.0,0.0,0.0,0.0,0.0,0.0,0.0,0.0,0.0,754,,0,,,,,,,,
3363,1387,WR bench,,13194,Key'Shawn Smith,WR,FA,,73,186,SMU,,,1,False,Active,,,,,502,0.0,0.0,0.0,0.0,0.0,0.0,0.0,0.0,0.0,0.0,0.0,0.0,0.0,0.0,0.0,0.0,0.0,0.0,0.0,0.0,0.0,0.0,0.0,0.0,0.0,0.0,1387,,0,,,,,,,,
3364,755,RB bench,,3306,Jordan Howard,RB,FA,28,72,222,Indiana,28,1994-11-02,6,False,Active,,,,,9999999,0.0,0.0,0.0,0.0,0.0,0.0,0.0,0.0,0.0,0.0,0.0,0.0,0.0,0.0,0.0,0.0,0.0,0.0,0.0,0.0,0.0,0.0,0.0,0.0,0.0,0.0,755,,0,,,,,,,,
1386,271,TE depth,,13312,Josh Kattus,TE,CIN,,76,245,Kentucky,48,,0,True,Active,,,,,999,0.0,0.0,0.0,0.0,0.0,0.0,0.0,0.0,0.0,0.0,0.0,0.0,0.0,0.0,0.0,0.0,0.0,0.0,0.0,0.0,0.0,0.0,0.0,0.0,0.0,0.0,666,,0,,,,,,,,
3366,1388,WR bench,,8581,Trevon Bradford,WR,FA,,69,183,Oregon State,0,,1,False,Active,,,,,689,0.0,0.0,0.0,0.0,0.0,0.0,0.0,0.0,0.0,0.0,0.0,0.0,0.0,0.0,0.0,0.0,0.0,0.0,0.0,0.0,0.0,0.0,0.0,0.0,0.0,0.0,1388,,0,,,,,,,,
3367,1389,WR bench,,4779,Bra'Lon Cherry,WR,FA,26,71,187,North Carolina State,88,1995-07-24,5,False,Active,,,,,9999999,0.0,0.0,0.0,0.0,0.0,0.0,0.0,0.0,0.0,0.0,0.0,0.0,0.0,0.0,0.0,0.0,0.0,0.0,0.0,0.0,0.0,0.0,0.0,0.0,0.0,0.0,1389,,0,,,,,,,,
3368,667,TE bench,,8840,Cole Fotheringham,TE,FA,27,76,245,Utah,49,1997-10-11,3,False,Active,,,,,449,0.0,0.0,0.0,0.0,0.0,0.0,0.0,0.0,0.0,0.0,0.0,0.0,0.0,0.0,0.0,0.0,0.0,0.0,0.0,0.0,0.0,0.0,0.0,0.0,0.0,0.0,667,,0,,,,,,,,
3369,1390,WR bench,,7545,Marlon Williams,WR,FA,,72,215,UCF,0,,1,False,Inactive,,,,,,0.0,0.0,0.0,0.0,0.0,0.0,0.0,0.0,0.0,0.0,0.0,0.0,0.0,0.0,0.0,0.0,0.0,0.0,0.0,0.0,0.0,0.0,0.0,0.0,0.0,0.0,1390,,0,,,,,,,,
3370,1391,WR bench,,5873,Riley Ridley,WR,FA,25,73,200,Georgia,0,1996-07-21,3,False,Active,,,,,402,0.0,0.0,0.0,0.0,0.0,0.0,0.0,0.0,0.0,0.0,0.0,0.0,0.0,0.0,0.0,0.0,0.0,0.0,0.0,0.0,0.0,0.0,0.0,0.0,0.0,0.0,1391,,0,,,,,,,,
3371,1392,WR bench,,4494,Alonzo Moore,WR,FA,29,74,195,Nebraska,0,1992-11-10,5,False,Inactive,,,,,9999999,0.0,0.0,0.0,0.0,0.0,0.0,0.0,0.0,0.0,0.0,0.0,0.0,0.0,0.0,0.0,0.0,0.0,0.0,0.0,0.0,0.0,0.0,0.0,0.0,0.0,0.0,1392,,0,,,,,,,,
1387,315,RB depth,,13283,Hollywood Smothers,RB,FA,,71,195,,,,0,True,Active,,,,,,0.0,0.0,0.0,0.0,0.0,0.0,0.0,0.0,0.0,0.0,0.0,0.0,0.0,0.0,0.0,0.0,0.0,0.0,0.0,0.0,0.0,0.0,0.0,0.0,0.0,0.0,756,,0,,,,,,,,
3373,757,RB bench,,7424,Anthony Jones,RB,FA,24,71,215,Florida International,36,1997-02-07,2,False,Active,,,,,9999999,0.0,0.0,0.0,0.0,0.0,0.0,0.0,0.0,0.0,0.0,0.0,0.0,0.0,0.0,0.0,0.0,0.0,0.0,0.0,0.0,0.0,0.0,0.0,0.0,0.0,0.0,757,,0,,,,,,,,
3374,367,QB bench,,5124,Alex McGough,QB,FA,29,75,214,Florida International,16,1995-11-19,7,False,Active,,,,,692,0.0,0.0,0.0,0.0,0.0,0.0,0.0,0.0,0.0,0.0,0.0,0.0,0.0,0.0,0.0,0.0,0.0,0.0,0.0,0.0,0.0,0.0,0.0,0.0,0.0,0.0,367,,0,,,,,,,,
3375,668,TE bench,,4741,Dan Arnold,TE,FA,28,78,240,Wisconsin-Platteville,46,1995-03-15,6,False,Active,,,,,386,0.0,0.0,0.0,0.0,0.0,0.0,0.0,0.0,0.0,0.0,0.0,0.0,0.0,0.0,0.0,0.0,0.0,0.0,0.0,0.0,0.0,0.0,0.0,0.0,0.0,0.0,668,,0,,,,,,,,
3376,1393,WR bench,,7080,Omar Bayless,WR,FA,25,73,210,Arkansas State,85,1996-12-15,2,False,Active,,,,,643,0.0,0.0,0.0,0.0,0.0,0.0,0.0,0.0,0.0,0.0,0.0,0.0,0.0,0.0,0.0,0.0,0.0,0.0,0.0,0.0,0.0,0.0,0.0,0.0,0.0,0.0,1393,,0,,,,,,,,
3377,1394,WR bench,,6713,Jamarius Way,WR,FA,25,76,220,South Alabama,83,1996-11-25,3,False,Active,,,,,9999999,0.0,0.0,0.0,0.0,0.0,0.0,0.0,0.0,0.0,0.0,0.0,0.0,0.0,0.0,0.0,0.0,0.0,0.0,0.0,0.0,0.0,0.0,0.0,0.0,0.0,0.0,1394,,0,,,,,,,,
3378,669,TE bench,,11415,Tanner Taula,TE,FA,27,78,255,Illinois State,84,1998-12-06,3,False,Active,,,,,364,0.0,0.0,0.0,0.0,0.0,0.0,0.0,0.0,0.0,0.0,0.0,0.0,0.0,0.0,0.0,0.0,0.0,0.0,0.0,0.0,0.0,0.0,0.0,0.0,0.0,0.0,669,,0,,,,,,,,
3379,1395,WR bench,,12074,Talik Keaton,WR,FA,,72,190,Marshall,,,1,False,Active,,,,,9999999,0.0,0.0,0.0,0.0,0.0,0.0,0.0,0.0,0.0,0.0,0.0,0.0,0.0,0.0,0.0,0.0,0.0,0.0,0.0,0.0,0.0,0.0,0.0,0.0,0.0,0.0,1395,,0,,,,,,,,
3380,1396,WR bench,,13143,Dymere Miller,WR,FA,,71,184,Rutgers,,,1,False,Active,,,,,477,0.0,0.0,0.0,0.0,0.0,0.0,0.0,0.0,0.0,0.0,0.0,0.0,0.0,0.0,0.0,0.0,0.0,0.0,0.0,0.0,0.0,0.0,0.0,0.0,0.0,0.0,1396,,0,,,,,,,,
3381,1397,WR bench,,6913,Joe Reed,WR,FA,25,72,224,Virginia,80,1998-01-04,3,False,Active,,,,,9999999,0.0,0.0,0.0,0.0,0.0,0.0,0.0,0.0,0.0,0.0,0.0,0.0,0.0,0.0,0.0,0.0,0.0,0.0,0.0,0.0,0.0,0.0,0.0,0.0,0.0,0.0,1397,,0,,,,,,,,
3382,1398,WR bench,,12129,Jalon Calhoun,WR,FA,24,71,194,Duke,,2000-12-16,1,False,Active,,,,,999,0.0,0.0,0.0,0.0,0.0,0.0,0.0,0.0,0.0,0.0,0.0,0.0,0.0,0.0,0.0,0.0,0.0,0.0,0.0,0.0,0.0,0.0,0.0,0.0,0.0,0.0,1398,,0,,,,,,,,
3383,758,RB bench,,3443,Chris Swain,RB,FA,29,73,245,Navy,30,1992-11-17,6,False,Active,,,,,9999999,0.0,0.0,0.0,0.0,0.0,0.0,0.0,0.0,0.0,0.0,0.0,0.0,0.0,0.0,0.0,0.0,0.0,0.0,0.0,0.0,0.0,0.0,0.0,0.0,0.0,0.0,758,,0,,,,,,,,
1388,171,QB depth,,8216,Player Invalid,QB,FA,,,,,,,0,True,Inactive,,,,,,0.0,0.0,0.0,0.0,0.0,0.0,0.0,0.0,0.0,0.0,0.0,0.0,0.0,0.0,0.0,0.0,0.0,0.0,0.0,0.0,0.0,0.0,0.0,0.0,0.0,0.0,368,,0,,,,,,,,
1389,528,WR depth,,13743,Joseph Manjack,WR,DEN,23,75,210,TCU,86,2002-11-15,0,True,Active,,,,,9999999,0.0,0.0,0.0,0.0,0.0,0.0,0.0,0.0,0.0,0.0,0.0,0.0,0.0,0.0,0.0,0.0,0.0,0.0,0.0,0.0,0.0,0.0,0.0,0.0,0.0,0.0,1399,,0,,,,,,,,
1390,529,WR depth,,3948,Andrew Opoku,WR,FA,27,"6'4""",225,Delaware,0,1990-11-11,0,True,Inactive,,,,,9999999,0.0,0.0,0.0,0.0,0.0,0.0,0.0,0.0,0.0,0.0,0.0,0.0,0.0,0.0,0.0,0.0,0.0,0.0,0.0,0.0,0.0,0.0,0.0,0.0,0.0,0.0,1400,,0,,,,,,,,
918,199,RB depth,,5000,Chase Edmonds,RB,FA,29,69,205,Fordham,38,1996-04-13,8,False,Active,,,,,253,3.0,0.0,0.0,0.0,0.0,0.0,0.0,0.0,0.0,0.0,0.0,0.0,0.0,0.0,0.0,0.0,0.0,0.0,0.0,0.0,0.0,0.0,0.0,0.0,0.0,0.0,759,170.0,1,0,937,,,170.0,,,-55
3388,1401,WR bench,,4727,Mitchell Paige,WR,FA,28,67,176,Indiana,83,1993-07-19,5,False,Active,,,,,9999999,0.0,0.0,0.0,0.0,0.0,0.0,0.0,0.0,0.0,0.0,0.0,0.0,0.0,0.0,0.0,0.0,0.0,0.0,0.0,0.0,0.0,0.0,0.0,0.0,0.0,0.0,1401,,0,,,,,,,,
919,188,TE depth,,8757,Rodney Williams,TE,FA,26,76,235,Tennessee-Martin,87,1998-04-08,2,False,Active,,,,,524,0.0,0.0,0.0,0.0,0.0,0.0,0.0,0.0,0.0,0.0,0.0,0.0,0.0,6.0,0.0,0.0,0.0,0.0,0.0,0.0,0.0,0.0,0.0,0.0,0.0,0.0,670,170.0,1,0,861,,,170.0,,,-132
3390,760,RB bench,,7741,Caleb Huntley,RB,FA,24,70,229,Ball State,42,1998-09-15,2,False,Active,,,,,9999999,0.0,0.0,0.0,0.0,0.0,0.0,0.0,0.0,0.0,0.0,0.0,0.0,0.0,0.0,0.0,0.0,0.0,0.0,0.0,0.0,0.0,0.0,0.0,0.0,0.0,0.0,760,,0,,,,,,,,
920,336,WR depth,,11115,Terrell Bynum,WR,FA,26,72,188,USC,34,1998-08-03,1,False,Active,,,,,392,0.0,0.0,0.0,0.0,0.0,0.0,0.0,0.0,0.0,0.0,0.0,0.0,0.0,0.0,0.0,0.0,0.0,0.0,0.0,0.0,0.0,0.0,0.0,0.0,0.0,0.0,1402,170.0,1,0,863,,,170.0,,,-131
3392,1403,WR bench,,4998,DaeSean Hamilton,WR,FA,27,73,206,Penn State,87,1995-03-10,4,False,Active,,,,,9999999,0.0,0.0,0.0,0.0,0.0,0.0,0.0,0.0,0.0,0.0,0.0,0.0,0.0,0.0,0.0,0.0,0.0,0.0,0.0,0.0,0.0,0.0,0.0,0.0,0.0,0.0,1403,,0,,,,,,,,
3393,671,TE bench,,7808,Ben Mason,TE,FA,25,75,254,Michigan,44,1999-05-25,3,False,Active,,,,,388,0.0,0.0,0.0,0.0,0.0,0.0,0.0,0.0,0.0,0.0,0.0,0.0,0.0,0.0,0.0,0.0,0.0,0.0,0.0,0.0,0.0,0.0,0.0,0.0,0.0,0.0,671,,0,,,,,,,,
3394,1404,WR bench,,5241,Christian Blake,WR,FA,26,73,182,Northern Illinois,39,1996-06-08,4,False,Active,,,,,9999999,0.0,0.0,0.0,0.0,0.0,0.0,0.0,0.0,0.0,0.0,0.0,0.0,0.0,0.0,0.0,0.0,0.0,0.0,0.0,0.0,0.0,0.0,0.0,0.0,0.0,0.0,1404,,0,,,,,,,,
1391,73,K depth,,6703,Andrew Wellock,K,FA,,,,,0,,0,True,Inactive,,,,K1,9999999,0.0,0.0,0.0,0.0,0.0,0.0,0.0,0.0,0.0,0.0,0.0,0.0,0.0,0.0,0.0,0.0,0.0,0.0,0.0,0.0,0.0,0.0,0.0,0.0,0.0,0.0,160,,0,,,,,,,,
3396,161,K bench,,5460,Kaare Vedvik,K,FA,27,75,210,Marshall,0,1994-03-16,4,False,Active,,,,K1,1436,0.0,0.0,0.0,0.0,0.0,0.0,0.0,0.0,0.0,0.0,0.0,0.0,0.0,0.0,0.0,0.0,0.0,0.0,0.0,0.0,0.0,0.0,0.0,0.0,0.0,0.0,161,,0,,,,,,,,
3397,1405,WR bench,,2602,Darius Jennings,WR,FA,29,70,180,Virginia,86,1992-06-28,7,False,Active,,,,,913,0.0,0.0,0.0,0.0,0.0,0.0,0.0,0.0,0.0,0.0,0.0,0.0,0.0,0.0,0.0,0.0,0.0,0.0,0.0,0.0,0.0,0.0,0.0,0.0,0.0,0.0,1405,,0,,,,,,,,
3398,369,QB bench,,4936,Skyler Howard,QB,SEA,23,"5'11""",209,West Virginia,0,1994-11-06,1,False,Active,,,,,9999999,0.0,0.0,0.0,0.0,0.0,0.0,0.0,0.0,0.0,0.0,0.0,0.0,0.0,0.0,0.0,0.0,0.0,0.0,0.0,0.0,0.0,0.0,0.0,0.0,0.0,0.0,369,,0,,,,,,,,
3399,1406,WR bench,,7091,Aaron Parker,WR,FA,24,74,209,Rhode Island,21,1998-05-21,2,False,Active,,,,,457,0.0,0.0,0.0,0.0,0.0,0.0,0.0,0.0,0.0,0.0,0.0,0.0,0.0,0.0,0.0,0.0,0.0,0.0,0.0,0.0,0.0,0.0,0.0,0.0,0.0,0.0,1406,,0,,,,,,,,
3400,1407,WR bench,,9759,C.J. Johnson,WR,FA,22,73,225,East Carolina,82,2000-11-04,1,False,Active,,,,,669,0.0,0.0,0.0,0.0,0.0,0.0,0.0,0.0,0.0,0.0,0.0,0.0,0.0,0.0,0.0,0.0,0.0,0.0,0.0,0.0,0.0,0.0,0.0,0.0,0.0,0.0,1407,,0,,,,,,,,
921,337,WR depth,,2334,Phillip Dorsett,WR,LV,33,70,185,Miami (FL),13,1993-01-05,11,False,Active,,,6,WR6,999,0.0,0.0,0.0,0.0,0.0,0.0,0.0,0.0,0.0,0.0,0.0,0.0,0.0,0.0,0.0,0.0,0.0,0.0,0.0,0.0,0.0,0.0,0.0,0.0,0.0,0.0,1408,170.0,1,0,876,,,170.0,,,-119
3402,1409,WR bench,,1987,Marqise Lee,WR,FA,30,72,196,Southern California,13,1991-11-25,8,False,Inactive,,,,,795,0.0,0.0,0.0,0.0,0.0,0.0,0.0,0.0,0.0,0.0,0.0,0.0,0.0,0.0,0.0,0.0,0.0,0.0,0.0,0.0,0.0,0.0,0.0,0.0,0.0,0.0,1409,,0,,,,,,,,
1392,530,WR depth,,3684,Derek Keaton,WR,FA,24,"5'10""",183,Georgia Southern,18,1994-04-10,0,True,Inactive,,,,,9999999,0.0,0.0,0.0,0.0,0.0,0.0,0.0,0.0,0.0,0.0,0.0,0.0,0.0,0.0,0.0,0.0,0.0,0.0,0.0,0.0,0.0,0.0,0.0,0.0,0.0,0.0,1410,,0,,,,,,,,
3404,1411,WR bench,,12189,Xavier White,WR,FA,25,70,190,Texas Tech,,1999-12-05,1,False,Active,,,,,9999999,0.0,0.0,0.0,0.0,0.0,0.0,0.0,0.0,0.0,0.0,0.0,0.0,0.0,0.0,0.0,0.0,0.0,0.0,0.0,0.0,0.0,0.0,0.0,0.0,0.0,0.0,1411,,0,,,,,,,,
1393,272,TE depth,,2971,Anthony Ezeakunne,TE,FA,,"6'4""",240,Chapman,89,,0,True,Inactive,,,,,9999999,0.0,0.0,0.0,0.0,0.0,0.0,0.0,0.0,0.0,0.0,0.0,0.0,0.0,0.0,0.0,0.0,0.0,0.0,0.0,0.0,0.0,0.0,0.0,0.0,0.0,0.0,672,,0,,,,,,,,
1394,316,RB depth,,8231,Player Invalid,RB,FA,,,,,,,0,True,Inactive,,,,,,0.0,0.0,0.0,0.0,0.0,0.0,0.0,0.0,0.0,0.0,0.0,0.0,0.0,0.0,0.0,0.0,0.0,0.0,0.0,0.0,0.0,0.0,0.0,0.0,0.0,0.0,761,,0,,,,,,,,
3407,1412,WR bench,,11192,Malik Flowers,WR,FA,24,75,195,Montana,19,1999-06-23,1,False,Active,,,,,277,0.0,0.0,0.0,0.0,0.0,0.0,0.0,0.0,0.0,0.0,0.0,0.0,0.0,0.0,0.0,0.0,0.0,0.0,0.0,0.0,0.0,0.0,0.0,0.0,0.0,0.0,1412,,0,,,,,,,,
3408,370,QB bench,,3957,Blake Sims,QB,FA,30,72,208,Alabama,25,1992-01-03,5,False,Active,,,,,9999999,0.0,0.0,0.0,0.0,0.0,0.0,0.0,0.0,0.0,0.0,0.0,0.0,0.0,0.0,0.0,0.0,0.0,0.0,0.0,0.0,0.0,0.0,0.0,0.0,0.0,0.0,370,,0,,,,,,,,
108,43,WR depth,,13294,Makai Lemon,WR,PHI,22,71,192,USC,9,2004-06-02,0,True,Active,Questionable,,2,WR2,77,0.0,0.0,0.0,0.0,0.0,0.0,0.0,0.0,0.0,0.0,0.0,0.0,0.0,0.0,0.0,0.0,0.0,0.0,0.0,0.0,0.0,0.0,0.0,0.0,0.0,0.0,1413,109.4,2,6,107,,105.8,113.0,,,-889
3410,1414,WR bench,,8876,Kevin Kassis,WR,FA,25,72,197,Montana State,0,1997-09-19,2,False,Active,,,,,9999999,0.0,0.0,0.0,0.0,0.0,0.0,0.0,0.0,0.0,0.0,0.0,0.0,0.0,0.0,0.0,0.0,0.0,0.0,0.0,0.0,0.0,0.0,0.0,0.0,0.0,0.0,1414,,0,,,,,,,,
922,200,RB depth,,12515,Donovan Edwards,RB,MIA,23,73,212,Michigan,36,2003-02-25,1,False,Active,,,5,RB5,999,0.0,0.0,0.0,0.0,0.0,0.0,0.0,0.0,0.0,0.0,0.0,0.0,0.0,0.0,0.0,0.0,0.0,0.0,0.0,0.0,0.0,0.0,0.0,0.0,0.0,0.0,762,170.0,1,0,656,,,170.0,,,-341
3412,673,TE bench,,6233,Matt Sokol,TE,FA,30,77,249,Michigan State,87,1995-11-09,7,False,Active,,,,,674,0.0,0.0,0.0,0.0,0.0,0.0,0.0,0.0,0.0,0.0,0.0,0.0,0.0,0.0,0.0,0.0,0.0,0.0,0.0,0.0,0.0,0.0,0.0,0.0,0.0,0.0,673,,0,,,,,,,,
3413,1415,WR bench,,11530,Nick Williams,WR,FA,,76,220,UNLV,86,,1,False,Active,,,,,472,0.0,0.0,0.0,0.0,0.0,0.0,0.0,0.0,0.0,0.0,0.0,0.0,0.0,0.0,0.0,0.0,0.0,0.0,0.0,0.0,0.0,0.0,0.0,0.0,0.0,0.0,1415,,0,,,,,,,,
923,201,RB depth,,10216,Kenny McIntosh,RB,FA,26,72,204,Georgia,25,2000-03-03,3,False,Active,,,,,999,0.0,0.0,0.0,0.0,0.0,0.0,0.0,0.0,0.0,0.0,0.0,0.0,0.0,17.0,22.4,1.32,0.0,0.0,0.0,31.0,172.0,0.0,3.0,4.0,22.0,0.0,763,170.0,1,0,852,,,170.0,,,-146
3415,162,K bench,,7062,Rodrigo Blankenship,K,FA,26,73,184,Georgia,15,1997-01-29,3,False,Active,,,,K1,353,0.0,0.0,0.0,0.0,0.0,0.0,0.0,0.0,0.0,0.0,0.0,0.0,0.0,0.0,0.0,0.0,0.0,0.0,0.0,0.0,0.0,0.0,0.0,0.0,0.0,0.0,162,,0,,,,,,,,
3416,764,RB bench,,12859,Nate Noel,RB,FA,23,69,200,Missouri,,2002-04-04,1,False,Active,,,,,605,0.0,0.0,0.0,0.0,0.0,0.0,0.0,0.0,0.0,0.0,0.0,0.0,0.0,0.0,0.0,0.0,0.0,0.0,0.0,0.0,0.0,0.0,0.0,0.0,0.0,0.0,764,,0,,,,,,,,
3417,1416,WR bench,,2910,Tyler Rutenbeck,WR,FA,33,75,184,Dubuque,0,1991-09-15,10,False,Active,,,,,9999999,0.0,0.0,0.0,0.0,0.0,0.0,0.0,0.0,0.0,0.0,0.0,0.0,0.0,0.0,0.0,0.0,0.0,0.0,0.0,0.0,0.0,0.0,0.0,0.0,0.0,0.0,1416,,0,,,,,,,,
3418,371,QB bench,,6231,John Lovett,QB,FA,27,74,236,Princeton,46,1996-04-25,4,False,Active,,,,,9999999,0.0,0.0,0.0,0.0,0.0,0.0,0.0,0.0,0.0,0.0,0.0,0.0,0.0,0.0,0.0,0.0,0.0,0.0,0.0,0.0,0.0,0.0,0.0,0.0,0.0,0.0,371,,0,,,,,,,,
3419,765,RB bench,,4917,Daryl Virgies,RB,FA,29,,205,Virginia-Lynchburg,0,1993-01-05,5,False,Active,,,,,9999999,0.0,0.0,0.0,0.0,0.0,0.0,0.0,0.0,0.0,0.0,0.0,0.0,0.0,0.0,0.0,0.0,0.0,0.0,0.0,0.0,0.0,0.0,0.0,0.0,0.0,0.0,765,,0,,,,,,,,
3420,766,RB bench,,3309,Wendell Smallwood,RB,WAS,27,70,208,West Virginia,38,1994-01-20,6,False,Active,,,,,334,0.0,0.0,0.0,0.0,0.0,0.0,0.0,0.0,0.0,0.0,0.0,0.0,0.0,0.0,0.0,0.0,0.0,0.0,0.0,0.0,0.0,0.0,0.0,0.0,0.0,0.0,766,,0,,,,,,,,
3421,767,RB bench,,3242,Kenyan Drake,RB,FA,29,73,210,Alabama,32,1994-01-26,8,False,Active,,,,,575,0.0,0.0,0.0,0.0,0.0,0.0,0.0,0.0,0.0,0.0,0.0,0.0,0.0,0.0,0.0,0.0,0.0,0.0,0.0,0.0,0.0,0.0,0.0,0.0,0.0,0.0,767,,0,,,,,,,,
3422,768,RB bench,,8721,De'Montre Tuggle,RB,FA,23,68,206,Ohio,0,1999-03-29,1,False,Active,,,,,446,0.0,0.0,0.0,0.0,0.0,0.0,0.0,0.0,0.0,0.0,0.0,0.0,0.0,0.0,0.0,0.0,0.0,0.0,0.0,0.0,0.0,0.0,0.0,0.0,0.0,0.0,768,,0,,,,,,,,
3423,769,RB bench,,5697,Zach Olstad,RB,FA,28,71,245,Winona State,36,1993-12-06,4,False,Inactive,,,,,9999999,0.0,0.0,0.0,0.0,0.0,0.0,0.0,0.0,0.0,0.0,0.0,0.0,0.0,0.0,0.0,0.0,0.0,0.0,0.0,0.0,0.0,0.0,0.0,0.0,0.0,0.0,769,,0,,,,,,,,
924,338,WR depth,,13412,Kendrick Law,WR,DET,23,71,203,Kentucky,88,2003-06-13,0,True,Inactive,IR,,8,WR8,9999999,0.0,0.0,0.0,0.0,0.0,0.0,0.0,0.0,0.0,0.0,0.0,0.0,0.0,0.0,0.0,0.0,0.0,0.0,0.0,0.0,0.0,0.0,0.0,0.0,0.0,0.0,1417,170.0,1,0,667,,,170.0,,,-332
3425,1418,WR bench,,4787,Jordan Westerkamp,WR,FA,27,72,200,Nebraska,0,1994-06-23,5,False,Active,,,,,9999999,0.0,0.0,0.0,0.0,0.0,0.0,0.0,0.0,0.0,0.0,0.0,0.0,0.0,0.0,0.0,0.0,0.0,0.0,0.0,0.0,0.0,0.0,0.0,0.0,0.0,0.0,1418,,0,,,,,,,,
1395,317,RB depth,,6978,Reggie Corbin,RB,FA,,"5'8""",201,Illinois,0,,0,True,Inactive,NA,,,,9999999,0.0,0.0,0.0,0.0,0.0,0.0,0.0,0.0,0.0,0.0,0.0,0.0,0.0,0.0,0.0,0.0,0.0,0.0,0.0,0.0,0.0,0.0,0.0,0.0,0.0,0.0,770,,0,,,,,,,,
3427,771,RB bench,,6700,Marcelias Sutton,RB,FA,,69,192,Oklahoma,0,,3,False,Active,,,,,9999999,0.0,0.0,0.0,0.0,0.0,0.0,0.0,0.0,0.0,0.0,0.0,0.0,0.0,0.0,0.0,0.0,0.0,0.0,0.0,0.0,0.0,0.0,0.0,0.0,0.0,0.0,771,,0,,,,,,,,
3428,163,K bench,,7152,Sam Sloman,K,FA,25,68,205,Miami (OH),1,1997-09-19,2,False,Active,,,,K1,410,0.0,0.0,0.0,0.0,0.0,0.0,0.0,0.0,0.0,0.0,0.0,0.0,0.0,0.0,0.0,0.0,0.0,0.0,0.0,0.0,0.0,0.0,0.0,0.0,0.0,0.0,163,,0,,,,,,,,
3429,1419,WR bench,,6832,Kalija Lipscomb,WR,FA,24,73,200,Vanderbilt,19,1997-10-06,2,False,Active,,,,,9999999,0.0,0.0,0.0,0.0,0.0,0.0,0.0,0.0,0.0,0.0,0.0,0.0,0.0,0.0,0.0,0.0,0.0,0.0,0.0,0.0,0.0,0.0,0.0,0.0,0.0,0.0,1419,,0,,,,,,,,
3430,772,RB bench,,7038,Darius Anderson,RB,FA,25,71,212,TCU,30,1997-09-10,2,False,Inactive,,,,,303,0.0,0.0,0.0,0.0,0.0,0.0,0.0,0.0,0.0,0.0,0.0,0.0,0.0,0.0,0.0,0.0,0.0,0.0,0.0,0.0,0.0,0.0,0.0,0.0,0.0,0.0,772,,0,,,,,,,,
3431,1420,WR bench,,4401,Damore'ea Stringfellow,WR,FA,27,74,222,Mississippi,17,1994-10-18,5,False,Active,,,,,9999999,0.0,0.0,0.0,0.0,0.0,0.0,0.0,0.0,0.0,0.0,0.0,0.0,0.0,0.0,0.0,0.0,0.0,0.0,0.0,0.0,0.0,0.0,0.0,0.0,0.0,0.0,1420,,0,,,,,,,,
3432,773,RB bench,,11283,Darius Hagans,RB,FA,24,72,210,Virginia State,25,1999-07-11,1,False,Active,,,,,622,0.0,0.0,0.0,0.0,0.0,0.0,0.0,0.0,0.0,0.0,0.0,0.0,0.0,0.0,0.0,0.0,0.0,0.0,0.0,0.0,0.0,0.0,0.0,0.0,0.0,0.0,773,,0,,,,,,,,
3433,774,RB bench,,6372,Xavier Turner,RB,FA,27,70,225,Tarleton State,41,1994-12-24,3,False,Active,,,,,9999999,0.0,0.0,0.0,0.0,0.0,0.0,0.0,0.0,0.0,0.0,0.0,0.0,0.0,0.0,0.0,0.0,0.0,0.0,0.0,0.0,0.0,0.0,0.0,0.0,0.0,0.0,774,,0,,,,,,,,
3434,775,RB bench,,8058,Nate McCrary,RB,FA,25,72,213,Saginaw Valley State,30,1999-04-09,3,False,Active,,,,,474,0.0,0.0,0.0,0.0,0.0,0.0,0.0,0.0,0.0,0.0,0.0,0.0,0.0,0.0,0.0,0.0,0.0,0.0,0.0,0.0,0.0,0.0,0.0,0.0,0.0,0.0,775,,0,,,,,,,,
3435,1421,WR bench,,1077,Travis Benjamin,WR,FA,32,70,175,Miami (FL),17,1989-12-29,10,False,Active,,,,,9999999,0.0,0.0,0.0,0.0,0.0,0.0,0.0,0.0,0.0,0.0,0.0,0.0,0.0,0.0,0.0,0.0,0.0,0.0,0.0,0.0,0.0,0.0,0.0,0.0,0.0,0.0,1421,,0,,,,,,,,
3436,776,RB bench,,3371,Darius Jackson,RB,FA,28,72,220,Eastern Michigan,0,1993-12-01,6,False,Active,,,,,670,0.0,0.0,0.0,0.0,0.0,0.0,0.0,0.0,0.0,0.0,0.0,0.0,0.0,0.0,0.0,0.0,0.0,0.0,0.0,0.0,0.0,0.0,0.0,0.0,0.0,0.0,776,,0,,,,,,,,
3437,674,TE bench,,2251,Logan Thomas,TE,FA,33,78,250,Virginia Tech,48,1991-07-01,10,False,Active,,,,,626,0.0,0.0,0.0,0.0,0.0,0.0,0.0,0.0,0.0,0.0,0.0,0.0,0.0,0.0,0.0,0.0,0.0,0.0,0.0,0.0,0.0,0.0,0.0,0.0,0.0,0.0,674,,0,,,,,,,,
3438,1422,WR bench,,11223,John Hall,WR,FA,25,75,194,Northwood,82,1997-12-07,1,False,Active,,,,,317,0.0,0.0,0.0,0.0,0.0,0.0,0.0,0.0,0.0,0.0,0.0,0.0,0.0,0.0,0.0,0.0,0.0,0.0,0.0,0.0,0.0,0.0,0.0,0.0,0.0,0.0,1422,,0,,,,,,,,
1396,531,WR depth,,6643,Charles Holland,WR,FA,,76,185,Tiffin,0,,0,True,Active,,,,,9999999,0.0,0.0,0.0,0.0,0.0,0.0,0.0,0.0,0.0,0.0,0.0,0.0,0.0,0.0,0.0,0.0,0.0,0.0,0.0,0.0,0.0,0.0,0.0,0.0,0.0,0.0,1423,,0,,,,,,,,
3440,777,RB bench,,4504,John Robinson-Woodgett,RB,FA,28,73,247,Massachusetts,42,1993-08-01,5,False,Active,,,,,9999999,0.0,0.0,0.0,0.0,0.0,0.0,0.0,0.0,0.0,0.0,0.0,0.0,0.0,0.0,0.0,0.0,0.0,0.0,0.0,0.0,0.0,0.0,0.0,0.0,0.0,0.0,777,,0,,,,,,,,
3441,675,TE bench,,5385,Alec Bloom,TE,FA,25,78,253,Connecticut,87,1996-04-03,4,False,Active,,,,,9999999,0.0,0.0,0.0,0.0,0.0,0.0,0.0,0.0,0.0,0.0,0.0,0.0,0.0,0.0,0.0,0.0,0.0,0.0,0.0,0.0,0.0,0.0,0.0,0.0,0.0,0.0,675,,0,,,,,,,,
3442,676,TE bench,,663,Benjamin Watson,TE,FA,41,75,255,Georgia,0,1980-12-18,18,False,Injured Reserve,,,,,9999999,0.0,0.0,0.0,0.0,0.0,0.0,0.0,0.0,0.0,0.0,0.0,0.0,0.0,0.0,0.0,0.0,0.0,0.0,0.0,0.0,0.0,0.0,0.0,0.0,0.0,0.0,676,,0,,,,,,,,
3443,1424,WR bench,,4910,Quincy McDuffie,WR,FA,31,70,178,Central Florida,16,1990-09-24,9,False,Active,,,,,9999999,0.0,0.0,0.0,0.0,0.0,0.0,0.0,0.0,0.0,0.0,0.0,0.0,0.0,0.0,0.0,0.0,0.0,0.0,0.0,0.0,0.0,0.0,0.0,0.0,0.0,0.0,1424,,0,,,,,,,,
3444,1425,WR bench,,6744,Greg Ward,WR,FA,29,71,186,Houston,89,1995-07-12,7,False,Active,,,,,9999999,0.0,0.0,0.0,0.0,0.0,0.0,0.0,0.0,0.0,0.0,0.0,0.0,0.0,0.0,0.0,0.0,0.0,0.0,0.0,0.0,0.0,0.0,0.0,0.0,0.0,0.0,1425,,0,,,,,,,,
925,117,QB depth,,4464,Nick Mullens,QB,JAX,31,72,210,Southern Miss,14,1995-03-21,9,False,Active,,,2,QB2,999,5.0,-0.04,-0.01,19.0,0.0,0.0,12.0,-8.0,0.0,0.0,0.0,0.0,0.0,5.0,1.32,0.26,38.0,0.0,0.0,3.0,-2.0,0.0,0.0,0.0,0.0,0.0,372,170.0,1,0,904,,,170.0,,,-96
926,118,QB depth,,11648,Kedon Slovis,QB,ARI,25,74,223,BYU,12,2001-04-11,2,False,Active,,,3,QB3,999,2.0,-0.08,-0.04,-2.0,0.0,0.0,0.0,0.0,0.0,0.0,0.0,0.0,0.0,0.0,0.0,0.0,0.0,0.0,0.0,0.0,0.0,0.0,0.0,0.0,0.0,0.0,373,170.0,1,0,662,,,170.0,,,-339
927,119,QB depth,,6136,Jarrett Stidham,QB,DEN,29,75,215,Auburn,8,1996-08-08,7,False,Active,,,2,QB2,999,1.0,-0.1,-0.1,0.0,0.0,0.0,1.0,-1.0,0.0,0.0,0.0,0.0,0.0,4.0,0.5,0.12,0.0,0.0,0.0,4.0,5.0,0.0,0.0,0.0,0.0,0.0,374,170.0,1,0,381,,,170.0,,,-621
928,120,QB depth,,11065,Adrian Martinez,QB,SF,26,74,220,Kansas State,4,2000-01-07,3,False,Active,,,3,QB3,999,1.0,-0.1,-0.1,0.0,0.0,0.0,1.0,-1.0,0.0,0.0,0.0,0.0,0.0,0.0,0.0,0.0,0.0,0.0,0.0,0.0,0.0,0.0,0.0,0.0,0.0,0.0,375,170.0,1,0,666,,,170.0,,,-337
3449,779,RB bench,,5347,Nyheim Miller-Hines,RB,FA,29,68,198,North Carolina State,19,1996-11-12,8,False,Active,,,,,654,4.0,-0.2,-0.05,0.0,0.0,0.0,2.0,-2.0,0.0,0.0,0.0,0.0,0.0,0.0,0.0,0.0,0.0,0.0,0.0,0.0,0.0,0.0,0.0,0.0,0.0,0.0,779,,0,,,,,,,,
929,202,RB depth,,6012,Travis Homer,RB,PIT,27,70,211,Miami (FL),21,1998-08-07,7,False,Active,,,6,RB6,999,10.0,-0.2,-0.02,0.0,0.0,0.0,1.0,-2.0,0.0,0.0,0.0,0.0,0.0,10.0,6.4,0.64,0.0,0.0,0.0,6.0,23.0,0.0,3.0,3.0,11.0,0.0,778,170.0,1,0,457,,,170.0,,,-547
930,121,QB depth,,5127,Kyle Allen,QB,BUF,30,75,210,Houston,11,1996-03-08,8,False,Active,,,3,QB3,999,3.0,-0.3,-0.1,0.0,0.0,0.0,3.0,-3.0,0.0,0.0,0.0,0.0,0.0,1.0,0.76,0.76,19.0,0.0,0.0,0.0,0.0,0.0,0.0,0.0,0.0,0.0,376,170.0,1,0,364,,,170.0,,,-641
931,122,QB depth,,1837,Jimmy Garoppolo,QB,FA,34,74,226,Eastern Illinois,11,1991-11-02,12,False,Active,,,,,219,3.0,-1.0,-0.33,0.0,0.0,0.0,9.0,-10.0,0.0,0.0,0.0,0.0,0.0,1.0,20.86,20.86,334.0,2.0,1.0,2.0,5.0,0.0,0.0,0.0,0.0,0.0,377,170.0,1,0,423,,,170.0,,,-583
932,339,WR depth,,11306,Xavier Gipson,WR,NYG,25,69,189,Stephen F. Austin,88,2001-03-08,3,False,Active,,,13,WR13,999,7.0,-1.4,-0.2,0.0,0.0,0.0,0.0,0.0,0.0,2.0,2.0,6.0,0.0,17.0,14.4,0.85,0.0,0.0,0.0,1.0,5.0,0.0,6.0,10.0,39.0,1.0,1426,170.0,1,0,756,,,170.0,,,-251
363,51,QB depth,,12510,Jalen Milroe,QB,SEA,23,74,216,Alabama,6,2002-12-13,1,False,Active,,,3,QB3,355,3.0,-1.6,-0.53,0.0,0.0,0.0,3.0,4.0,0.0,0.0,0.0,0.0,0.0,0.0,0.0,0.0,0.0,0.0,0.0,0.0,0.0,0.0,0.0,0.0,0.0,0.0,378,169.9,1,0,302,,,169.9,,,-706
933,340,WR depth,,12699,LaJohntay Wester,WR,BAL,24,69,180,Colorado,10,2002-03-29,1,False,Active,,,7,WR7,999,17.0,-2.0,-0.12,0.0,0.0,0.0,0.0,0.0,0.0,0.0,0.0,0.0,0.0,0.0,0.0,0.0,0.0,0.0,0.0,0.0,0.0,0.0,0.0,0.0,0.0,0.0,1427,170.0,1,0,400,,,170.0,,,-609
934,341,WR depth,,5917,Mecole Hardman,WR,BUF,28,70,187,Georgia,1,1998-03-12,7,False,Active,,,9,WR9,999,2.0,-2.0,-1.0,0.0,0.0,0.0,0.0,0.0,0.0,0.0,1.0,0.0,0.0,12.0,33.2,2.77,0.0,0.0,0.0,5.0,62.0,1.0,12.0,14.0,90.0,0.0,1429,170.0,1,0,402,,,170.0,,,-608
935,342,WR depth,,4198,Jamal Agnew,WR,FA,30,70,190,San Diego,14,1995-04-03,8,False,Active,Questionable,,,,534,11.0,-2.0,-0.18,0.0,0.0,0.0,0.0,0.0,0.0,0.0,0.0,0.0,0.0,0.0,0.0,0.0,0.0,0.0,0.0,0.0,0.0,0.0,0.0,0.0,0.0,0.0,1428,170.0,1,0,912,,,170.0,,,-99
364,126,WR depth,,13075,Myles Price,WR,MIN,24,69,183,Indiana,4,2001-12-16,1,False,Active,,,6,WR6,999,16.0,-6.0,-0.38,0.0,0.0,0.0,0.0,0.0,0.0,0.0,0.0,0.0,0.0,0.0,0.0,0.0,0.0,0.0,0.0,0.0,0.0,0.0,0.0,0.0,0.0,0.0,1430,169.9,1,0,338,,,169.9,,,-674
